split,category,lineup,player,step,target_win,role,phase,target_owner_group,target_quadrant,action_target,sample_weight,sample_kind,compare_target_id,sun_penalty,long_flight_penalty,opportunity_penalty,overtake_bonus,board_ownership_bonus,projected_overtake_count,overtake_focus_weight,trend_identity,pressure_reason,pressure_target_id,pressure_quadrant,pressure_source_count,pressure_fleet_count,pressure_hostile_ships,pressure_projected_defense,pressure_defense_ratio,pressure_eta_spread
train,without_mine,intruder smith,intruder,0,1,anchor,initiation,neutral,Q3_NE,0.182018,1.785022,chosen_action,,0.0,0.18,0.4,0.13258,0.3458,0.0,1.785022,neutral,neutral,,,0,0,0,0.0,0.0,0.0
train,without_mine,intruder smith,intruder,20,1,expander,expansion,neutral,Q0_SE,0.534667,1.782565,chosen_action,,0.0,0.18,0.387505,0.108539,0.38672,0.0,1.782565,cash_in,cash_in,,,0,0,0,0.0,0.0,0.0
train,without_mine,intruder smith,intruder,50,1,expander,attack,neutral,Q3_NE,0.085672,1.654776,chosen_action,,0.95,0.18,0.201059,0.081596,0.33996,0.0,1.654776,neutral,neutral,,,0,0,0,0.0,0.0,0.0
train,without_mine,intruder smith,intruder,50,1,expander,attack,enemy,Q2_NW,0.243016,2.868872,chosen_action,,0.95,0.18,0.292139,0.308369,0.391693,0.0,2.868872,cash_in,cash_in,,,0,0,0,0.0,0.0,0.0
train,without_mine,intruder smith,intruder,60,1,attacker,attack,enemy,Q2_NW,1.0,2.902771,chosen_action,,0.0,0.0,0.0,0.294086,0.442196,0.0,2.902771,pressured,concentrated_inbound,14,Q1_SW,2,2,95,57.0,1.6667,2.631
train,without_mine,intruder smith,intruder,60,1,expander,attack,friendly,Q0_SE,1.0,1.596856,chosen_action,,0.0,0.0,0.0,0.12584,0.2184,0.0,1.596856,pressured,concentrated_inbound,14,Q1_SW,2,2,95,57.0,1.6667,2.631
train,without_mine,intruder smith,intruder,60,1,expander,attack,enemy,Q2_NW,0.541311,2.473494,chosen_action,,0.0,0.18,0.051084,0.203578,0.285116,0.0,2.473494,pressured,concentrated_inbound,14,Q1_SW,2,2,95,57.0,1.6667,2.631
train,without_mine,intruder smith,intruder,60,1,expander,attack,friendly,Q2_NW,1.0,1.949683,chosen_action,,0.0,0.018552,0.0,0.193766,0.358996,0.0,1.949683,pressured,concentrated_inbound,14,Q1_SW,2,2,95,57.0,1.6667,2.631
train,without_mine,intruder smith,intruder,70,1,expander,established,neutral,Q1_SW,0.456869,1.613456,chosen_action,,0.0,0.18,0.023468,0.072884,0.32484,0.0,1.613456,pressured,concentrated_inbound,22,Q1_SW,2,2,57,94.0,0.6064,0.051
train,without_mine,intruder smith,intruder,70,1,expander,established,friendly,Q3_NE,0.866712,1.601286,chosen_action,,0.0,0.18,0.031394,0.103251,0.26184,0.0,1.601286,pressured,concentrated_inbound,22,Q1_SW,2,2,57,94.0,0.6064,0.051
train,without_mine,intruder smith,intruder,70,1,expander,established,friendly,Q3_NE,1.0,1.654246,chosen_action,,0.0,0.0,0.017179,0.13794,0.2394,0.0,1.654246,pressured,concentrated_inbound,22,Q1_SW,2,2,57,94.0,0.6064,0.051
train,without_mine,intruder smith,smith,70,0,expander,attack,enemy,Q1_SW,0.476295,3.601849,chosen_action,,0.0,0.18,0.106386,0.50039,0.296973,0.0,3.601849,chasing_leader,leader_target,,,0,0,0,0.0,0.0,0.0
train,without_mine,intruder smith,smith,70,0,attacker,attack,enemy,Q1_SW,0.487478,3.601849,chosen_action,,0.0,0.18,0.050473,0.50039,0.296973,0.0,3.601849,chasing_leader,leader_target,,,0,0,0,0.0,0.0,0.0
train,without_mine,intruder smith,intruder,90,1,expander,established,friendly,Q1_SW,1.0,1.667858,chosen_action,,0.0,0.0,0.0,0.117287,0.2862,0.0,1.667858,neutral,neutral,,,0,0,0,0.0,0.0,0.0
train,without_mine,best smith,best,40,1,feeder,attack,enemy,Q3_NE,0.675249,4.588272,chosen_action,,0.0,0.18,0.169115,0.536947,0.296,1.0,4.588272,chasing_leader,leader_target,,,0,0,0,0.0,0.0,0.0
train,without_mine,best smith,best,50,1,expander,established,friendly,Q1_SW,0.658442,1.543896,chosen_action,,0.0,0.0,0.4,0.091151,0.24084,0.0,1.543896,neutral,neutral,,,0,0,0,0.0,0.0,0.0
train,without_mine,best smith,smith,50,0,sweeper,attack,enemy,Q1_SW,0.523765,4.596448,chosen_action,,0.0,0.18,0.009415,0.527273,0.319253,1.0,4.596448,chasing_leader,leader_target,,,0,0,0,0.0,0.0,0.0
train,without_mine,best smith,best,60,1,expander,attack,enemy,Q3_NE,0.583233,2.181167,chosen_action,,0.0,0.140385,0.010527,0.167193,0.133262,0.0,2.181167,chasing_leader,leader_target,,,0,0,0,0.0,0.0,0.0
train,without_mine,best smith,smith,70,0,sweeper,attack,enemy,Q0_SE,0.573647,4.975028,chosen_action,,0.0,0.18,0.002943,0.621757,0.431711,1.0,4.975028,overtake_window,overtake_window,,,0,0,0,0.0,0.0,0.0
train,without_mine,best smith,smith,70,0,sweeper,attack,enemy,Q1_SW,0.553858,4.821974,chosen_action,,0.0,0.18,0.002918,0.591075,0.372884,1.0,4.821974,overtake_window,overtake_window,,,0,0,0,0.0,0.0,0.0
train,without_mine,best smith,smith,80,0,shield,attack,enemy,Q1_SW,0.53383,4.546485,chosen_action,,0.0,0.18,0.0,0.785081,0.490587,0.0,4.546485,overtake_window,overtake_window,,,0,0,0,0.0,0.0,0.0
train,without_mine,best smith,best,90,1,sweeper,attack,friendly,Q0_SE,0.086504,1.666328,chosen_action,,0.95,0.18,0.000615,0.116964,0.28564,0.0,1.666328,pressured,concentrated_inbound,17,Q1_SW,4,4,104,156.0,0.6667,4.529
train,without_mine,best smith,smith,90,0,anchor,attack,enemy,Q1_SW,0.454722,3.836717,chosen_action,,0.0,0.18,0.023398,0.574696,0.338849,0.0,3.836717,pressured,concentrated_inbound,10,Q3_NE,2,2,177,60.0,2.95,2.301
train,without_mine,best smith,best,120,1,expander,attack,enemy,Q2_NW,1.0,2.561196,chosen_action,,0.0,0.0,0.0,0.227773,0.307067,0.0,2.561196,chasing_leader,leader_target,,,0,0,0,0.0,0.0,0.0
train,without_mine,best smith,best,120,1,battery,attack,enemy,Q2_NW,0.586756,2.527527,chosen_action,,0.0,0.147354,0.045146,0.220675,0.294747,0.0,2.527527,chasing_leader,leader_target,,,0,0,0,0.0,0.0,0.0
train,without_mine,best smith,best,120,1,feeder,attack,enemy,Q2_NW,0.582218,2.448712,chosen_action,,0.0,0.18,0.006862,0.204057,0.265907,0.0,2.448712,chasing_leader,leader_target,,,0,0,0,0.0,0.0,0.0
train,without_mine,best intruder,best,0,0,anchor,initiation,neutral,Q0_SE,0.133844,1.777974,chosen_action,,0.0,0.158671,0.4,0.107571,0.38504,0.0,1.777974,neutral,neutral,,,0,0,0,0.0,0.0,0.0
train,without_mine,best intruder,intruder,0,1,anchor,initiation,neutral,Q2_NW,0.262907,1.777974,chosen_action,,0.0,0.158671,0.4,0.107571,0.38504,0.0,1.777974,neutral,neutral,,,0,0,0,0.0,0.0,0.0
train,without_mine,best intruder,intruder,40,1,expander,established,friendly,Q3_NE,1.0,3.437103,chosen_action,,0.0,0.006238,0.0,0.40781,0.4136,1.0,3.437103,cash_in,cash_in,,,0,0,0,0.0,0.0,0.0
train,without_mine,best intruder,intruder,40,1,expander,established,unknown,unknown,0.570391,1.0,chosen_action,,0.0,0.18,0.069609,0.0,0.0,0.0,1.0,neutral,neutral,,,0,0,0,0.0,0.0,0.0
train,without_mine,best intruder,best,50,0,attacker,attack,enemy,Q1_SW,0.495881,3.313214,chosen_action,,0.0,0.0,0.0,0.460705,0.15372,0.0,3.313214,chasing_leader,leader_target,,,0,0,0,0.0,0.0,0.0
train,without_mine,best intruder,best,50,0,expander,attack,friendly,Q0_SE,0.259881,1.794199,chosen_action,,0.0,0.18,0.031128,0.189301,0.25176,0.0,1.794199,neutral,neutral,,,0,0,0,0.0,0.0,0.0
train,without_mine,best intruder,best,50,0,expander,attack,friendly,Q0_SE,0.382473,2.489167,chosen_action,,0.0,0.0,0.0,0.385474,0.4178,0.0,2.489167,cash_in,cash_in,,,0,0,0,0.0,0.0,0.0
train,without_mine,best intruder,best,50,0,feeder,attack,friendly,Q0_SE,0.390846,2.489167,chosen_action,,0.0,0.0,0.0,0.385474,0.4178,0.0,2.489167,cash_in,cash_in,,,0,0,0,0.0,0.0,0.0
train,without_mine,best intruder,intruder,50,1,expander,established,friendly,Q2_NW,1.0,1.507328,chosen_action,,0.0,0.0,0.0,0.106964,0.18564,0.0,1.507328,neutral,neutral,,,0,0,0,0.0,0.0,0.0
train,without_mine,best intruder,intruder,60,1,anchor,attack,enemy,Q1_SW,0.476106,2.106593,chosen_action,,0.0,0.18,0.068373,0.153333,0.102662,0.0,2.106593,chasing_leader,leader_target,,,0,0,0,0.0,0.0,0.0
train,without_mine,best intruder,intruder,60,1,expander,attack,friendly,Q3_NE,1.0,2.004546,chosen_action,,0.0,0.012326,0.0,0.188273,0.4094,0.0,2.004546,cash_in,cash_in,,,0,0,0,0.0,0.0,0.0
train,without_mine,best intruder,intruder,60,1,expander,attack,friendly,Q1_SW,0.993121,2.177019,chosen_action,,0.0,0.028485,0.0,0.221762,0.477622,0.0,2.177019,cash_in,cash_in,,,0,0,0,0.0,0.0,0.0
train,without_mine,best intruder,best,70,0,expander,attack,friendly,Q1_SW,0.160898,1.31977,chosen_action,,0.0,0.0,0.4,0.08689,0.082396,0.0,1.31977,neutral,neutral,,,0,0,0,0.0,0.0,0.0
train,without_mine,best intruder,intruder,70,1,expander,attack,enemy,Q1_SW,1.0,2.390782,chosen_action,,0.0,0.0,0.0,0.192603,0.24336,0.0,2.390782,chasing_leader,leader_target,,,0,0,0,0.0,0.0,0.0
train,without_mine,best intruder,intruder,70,1,expander,established,friendly,Q2_NW,1.0,1.140032,chosen_action,,0.0,0.0,0.01219,0.029524,0.05124,0.0,1.140032,neutral,neutral,,,0,0,0,0.0,0.0,0.0
train,without_mine,best intruder,intruder,70,1,anchor,established,neutral,Q1_SW,0.442994,1.865206,chosen_action,,0.0,0.18,0.069848,0.125963,0.41696,0.0,1.865206,cash_in,cash_in,,,0,0,0,0.0,0.0,0.0
train,without_mine,best intruder,intruder,70,1,expander,established,friendly,Q3_NE,0.970795,2.004546,chosen_action,,0.0,0.028485,0.0,0.188273,0.4094,0.0,2.004546,cash_in,cash_in,,,0,0,0,0.0,0.0,0.0
train,without_mine,best intruder,best,80,0,expander,attack,friendly,Q0_SE,0.283501,1.65395,chosen_action,,0.0,0.0,0.0,0.184594,0.15624,0.0,1.65395,neutral,neutral,,,0,0,0,0.0,0.0,0.0
train,without_mine,best intruder,best,80,0,feeder,attack,friendly,Q0_SE,0.256687,1.65395,chosen_action,,0.0,0.020498,0.0,0.184594,0.15624,0.0,1.65395,neutral,neutral,,,0,0,0,0.0,0.0,0.0
train,without_mine,best intruder,intruder,80,1,expander,established,friendly,Q1_SW,0.90358,2.03898,chosen_action,,0.0,0.18,0.05104,0.195533,0.422,0.0,2.03898,cash_in,cash_in,,,0,0,0,0.0,0.0,0.0
train,without_mine,best intruder,intruder,80,1,attacker,established,friendly,Q1_SW,1.0,2.03898,chosen_action,,0.0,0.0,0.0,0.195533,0.422,0.0,2.03898,cash_in,cash_in,,,0,0,0,0.0,0.0,0.0
train,without_mine,best intruder,best,90,0,expander,attack,enemy,Q1_SW,0.513271,3.715477,chosen_action,,0.0,0.17665,0.0,0.506469,0.370333,0.0,3.715477,cash_in,cash_in,,,0,0,0,0.0,0.0,0.0
train,without_mine,best intruder,intruder,90,1,expander,established,friendly,Q3_NE,0.977404,2.004546,chosen_action,,0.0,0.15277,0.0,0.188273,0.4094,0.0,2.004546,cash_in,cash_in,,,0,0,0,0.0,0.0,0.0
train,without_mine,best intruder,intruder,90,1,expander,established,friendly,Q1_SW,1.0,2.050458,chosen_action,,0.0,0.0,0.0,0.197953,0.4262,0.0,2.050458,cash_in,cash_in,,,0,0,0,0.0,0.0,0.0
train,without_mine,best intruder,best,100,0,expander,attack,friendly,Q0_SE,0.251573,1.491367,chosen_action,,0.0,0.0,0.056785,0.129291,0.134124,0.0,1.491367,pressured,concentrated_inbound,13,Q0_SE,2,2,227,101.0,2.2475,2.751
train,without_mine,best intruder,best,100,0,anchor,attack,friendly,Q0_SE,0.338623,2.139071,chosen_action,,0.0,0.0,0.0,0.277241,0.350884,0.0,2.139071,pressured,concentrated_inbound,13,Q0_SE,2,2,227,101.0,2.2475,2.751
train,without_mine,best intruder,best,110,0,expander,attack,friendly,Q0_SE,0.23279,1.881794,chosen_action,,0.0,0.0,0.4,0.239144,0.228036,0.0,1.881794,neutral,neutral,,,0,0,0,0.0,0.0,0.0
train,without_mine,best intruder,intruder,110,1,expander,established,friendly,Q0_SE,1.0,2.016024,chosen_action,,0.0,0.0,0.0,0.190693,0.4136,0.0,2.016024,cash_in,cash_in,,,0,0,0,0.0,0.0,0.0
train,without_mine,best intruder,intruder,120,1,expander,established,friendly,Q0_SE,1.0,2.016024,chosen_action,,0.0,0.0,0.0,0.190693,0.4136,0.0,2.016024,cash_in,cash_in,,,0,0,0,0.0,0.0,0.0
train,without_mine,best 1039,best,0,1,anchor,initiation,neutral,Q0_SE,0.322136,1.91571,chosen_action,,0.0,0.117227,0.4,0.136611,0.43544,0.0,1.91571,neutral,neutral,,,0,0,0,0.0,0.0,0.0
train,without_mine,best 1039,1039,0,0,anchor,initiation,neutral,Q2_NW,0.159917,1.91571,chosen_action,,0.0,0.117227,0.4,0.136611,0.43544,0.0,1.91571,neutral,neutral,,,0,0,0,0.0,0.0,0.0
train,without_mine,best 1039,1039,20,0,anchor,expansion,neutral,Q1_SW,0.265018,2.603947,chosen_action,,0.0,0.18,0.187306,0.369039,0.53204,0.0,2.603947,cash_in,cash_in,,,0,0,0,0.0,0.0,0.0
train,without_mine,best 1039,1039,30,0,expander,expansion,neutral,Q1_SW,0.171568,2.205147,chosen_action,,0.0,0.18,0.4,0.255935,0.437707,0.0,2.205147,cash_in,cash_in,,,0,0,0,0.0,0.0,0.0
train,without_mine,best 1039,best,40,1,expander,expansion,neutral,Q1_SW,1.0,1.922596,chosen_action,,0.0,0.0,0.0,0.138063,0.43796,0.0,1.922596,cash_in,cash_in,,,0,0,0,0.0,0.0,0.0
train,without_mine,best 1039,1039,50,0,expander,expansion,neutral,Q2_NW,0.166674,1.46871,chosen_action,,0.0,0.069886,0.177218,0.083471,0.1988,0.0,1.46871,neutral,neutral,,,0,0,0,0.0,0.0,0.0
train,without_mine,best 1039,1039,60,0,expander,expansion,enemy,Q1_SW,0.472717,4.130209,chosen_action,,0.0,0.18,0.118303,0.682535,0.364538,0.0,4.130209,overtake_window,overtake_window,,,0,0,0,0.0,0.0,0.0
train,without_mine,best 1039,1039,80,0,expander,expansion,enemy,Q0_SE,0.52179,5.073317,chosen_action,,0.95,0.18,0.188406,0.899261,0.677844,0.0,5.073317,overtake_window,overtake_window,,,0,0,0,0.0,0.0,0.0
train,without_mine,best 1039,best,90,1,expander,expansion,enemy,Q2_NW,1.0,2.61116,chosen_action,,0.0,0.0,0.0,0.239067,0.324,0.0,2.61116,chasing_leader,leader_target,,,0,0,0,0.0,0.0,0.0
train,without_mine,best 1039,best,90,1,expander,expansion,neutral,Q0_SE,0.892154,1.676967,chosen_action,,0.0,0.053498,0.142884,0.086275,0.34808,0.0,1.676967,neutral,neutral,,,0,0,0,0.0,0.0,0.0
train,without_mine,best 1200,1200,0,0,anchor,initiation,neutral,Q1_SW,0.153146,2.053446,chosen_action,,0.0,0.18,0.4,0.165651,0.48584,0.0,2.053446,neutral,neutral,,,0,0,0,0.0,0.0,0.0
train,without_mine,best 1200,best,40,1,expander,expansion,neutral,Q1_SW,0.727069,1.975395,chosen_action,,0.0,0.0,0.4,0.149195,0.45728,0.0,1.975395,cash_in,cash_in,,,0,0,0,0.0,0.0,0.0
train,without_mine,best 1200,1200,40,0,expander,expansion,neutral,Q3_NE,0.182524,2.291036,chosen_action,,0.0,0.18,0.4,0.280712,0.45728,0.0,2.291036,cash_in,cash_in,,,0,0,0,0.0,0.0,0.0
train,without_mine,best 1200,1200,40,0,anchor,expansion,friendly,Q3_NE,0.200838,2.191491,chosen_action,,0.0,0.18,0.299991,0.301447,0.34668,0.0,2.191491,neutral,neutral,,,0,0,0,0.0,0.0,0.0
train,without_mine,best 1200,1200,50,0,expander,expansion,neutral,Q2_NW,0.255776,1.830458,chosen_action,,0.0,0.0,0.225981,0.150702,0.34724,0.0,1.830458,neutral,neutral,,,0,0,0,0.0,0.0,0.0
train,without_mine,best 1200,1200,50,0,expander,expansion,neutral,Q2_NW,0.227714,1.830458,chosen_action,,0.0,0.0,0.4,0.150702,0.34724,0.0,1.830458,neutral,neutral,,,0,0,0,0.0,0.0,0.0
train,without_mine,best 1200,1200,50,0,expander,expansion,neutral,Q3_NE,0.1604,1.715607,chosen_action,,0.0,0.18,0.143243,0.118282,0.3198,0.0,1.715607,neutral,neutral,,,0,0,0,0.0,0.0,0.0
train,without_mine,best 1200,1200,50,0,expander,expansion,neutral,Q2_NW,0.271582,1.742947,chosen_action,,0.0,0.0,0.121299,0.160881,0.26432,0.0,1.742947,neutral,neutral,,,0,0,0,0.0,0.0,0.0
train,without_mine,best 1200,1200,70,0,expander,attack,enemy,Q3_NE,0.339582,3.435779,chosen_action,,0.0,0.18,0.4,0.492739,0.18756,0.0,3.435779,chasing_leader,leader_target,,,0,0,0,0.0,0.0,0.0
train,without_mine,best 1200,1200,70,0,expander,attack,friendly,Q2_NW,0.219357,1.590279,chosen_action,,0.0,0.0,0.241959,0.131739,0.20304,0.0,1.590279,neutral,neutral,,,0,0,0,0.0,0.0,0.0
train,without_mine,best 1200,1200,70,0,expander,attack,friendly,Q3_NE,0.089663,1.482167,chosen_action,,0.0,0.18,0.4,0.13131,0.12372,0.0,1.482167,neutral,neutral,,,0,0,0,0.0,0.0,0.0
train,without_mine,best 1200,1200,80,0,attacker,attack,enemy,Q3_NE,0.406744,3.230601,chosen_action,,0.0,0.0,0.4,0.366803,0.259462,0.0,3.230601,chasing_leader,leader_target,,,0,0,0,0.0,0.0,0.0
train,without_mine,best 1200,1200,90,0,expander,attack,neutral,Q3_NE,0.140129,1.958098,chosen_action,,0.0,0.18,0.4,0.180867,0.38816,0.0,1.958098,pressured,concentrated_inbound,24,Q2_NW,2,2,127,9.0,14.1111,0.295
train,without_mine,best 1200,best,100,1,expander,established,friendly,Q1_SW,0.706516,1.521705,chosen_action,,0.0,0.068599,0.072011,0.086472,0.23272,0.0,1.521705,neutral,neutral,,,0,0,0,0.0,0.0,0.0
train,without_mine,best 1200,1200,100,0,feeder,attack,friendly,Q2_NW,0.373448,2.600459,chosen_action,,0.0,0.0,0.150305,0.392033,0.488578,0.0,2.600459,cash_in,cash_in,,,0,0,0,0.0,0.0,0.0
train,without_mine,best 1200,1200,110,0,expander,expansion,friendly,Q2_NW,0.30817,2.484311,chosen_action,,0.0,0.18,0.235174,0.33519,0.503596,0.0,2.484311,pressured,concentrated_inbound,3,Q2_NW,3,3,379,36.0,10.5278,8.849
train,without_mine,intruder 1039,1039,10,0,expander,initiation,neutral,Q1_SW,0.367585,3.258972,chosen_action,,0.0,0.18,0.354508,0.335478,0.41024,1.0,3.258972,neutral,neutral,,,0,0,0,0.0,0.0,0.0
train,without_mine,intruder 1039,intruder,30,1,expander,expansion,enemy,Q1_SW,0.594785,2.341519,chosen_action,,0.0,0.18,0.4,0.204221,0.186213,0.0,2.341519,chasing_leader,leader_target,,,0,0,0,0.0,0.0,0.0
train,without_mine,intruder 1039,1039,30,0,expander,expansion,neutral,Q3_NE,0.347508,3.179736,chosen_action,,0.0,0.18,0.4,0.356193,0.31472,1.0,3.179736,neutral,neutral,,,0,0,0,0.0,0.0,0.0
train,without_mine,intruder 1039,1039,40,0,expander,expansion,enemy,Q0_SE,0.56913,4.531336,chosen_action,,0.0,0.18,0.160424,0.514851,0.293107,1.0,4.531336,chasing_leader,leader_target,,,0,0,0,0.0,0.0,0.0
train,without_mine,intruder 1039,intruder,50,1,expander,expansion,neutral,Q3_NE,0.513101,2.366859,chosen_action,,0.0,0.18,0.144568,0.228947,0.605471,0.0,2.366859,cash_in,cash_in,,,0,0,0,0.0,0.0,0.0
train,without_mine,intruder 1039,intruder,50,1,expander,expansion,enemy,Q2_NW,0.812995,2.389357,chosen_action,,0.0,0.18,0.187984,0.213456,0.205231,0.0,2.389357,chasing_leader,leader_target,,,0,0,0,0.0,0.0,0.0
train,without_mine,intruder 1039,1039,50,0,expander,expansion,neutral,Q3_NE,0.315555,2.055473,chosen_action,,0.0,0.0,0.104453,0.214218,0.401,0.0,2.055473,cash_in,cash_in,,,0,0,0,0.0,0.0,0.0
train,without_mine,intruder 1039,1039,50,0,expander,expansion,neutral,Q2_NW,0.267905,2.066021,chosen_action,,0.0,0.18,0.169436,0.217195,0.40352,0.0,2.066021,cash_in,cash_in,,,0,0,0,0.0,0.0,0.0
train,without_mine,intruder 1039,intruder,60,1,expander,expansion,neutral,Q1_SW,1.0,2.255458,chosen_action,,0.0,0.122612,0.0,0.208243,0.55976,0.0,2.255458,cash_in,cash_in,,,0,0,0,0.0,0.0,0.0
train,without_mine,intruder 1039,intruder,60,1,expander,expansion,enemy,Q2_NW,0.75601,2.481424,chosen_action,,0.0,0.18,0.256902,0.230568,0.243009,0.0,2.481424,chasing_leader,leader_target,,,0,0,0,0.0,0.0,0.0
train,without_mine,intruder 1039,intruder,60,1,anchor,expansion,friendly,Q0_SE,0.477489,1.420095,chosen_action,,0.0,0.18,0.116752,0.088572,0.15372,0.0,1.420095,neutral,neutral,,,0,0,0,0.0,0.0,0.0
train,without_mine,intruder 1039,intruder,60,1,expander,expansion,enemy,Q3_NE,0.189547,2.455573,chosen_action,,0.95,0.18,0.4,0.226451,0.231178,0.0,2.455573,chasing_leader,leader_target,,,0,0,0,0.0,0.0,0.0
train,without_mine,intruder 1039,intruder,70,1,anchor,expansion,friendly,Q3_NE,0.482506,1.484971,chosen_action,,0.0,0.18,0.120139,0.100916,0.179831,0.0,1.484971,neutral,neutral,,,0,0,0,0.0,0.0,0.0
train,without_mine,intruder 1039,1039,70,0,expander,expansion,enemy,Q3_NE,0.48293,3.335979,chosen_action,,0.0,0.0,0.079218,0.467828,0.15792,0.0,3.335979,chasing_leader,leader_target,,,0,0,0,0.0,0.0,0.0
train,without_mine,intruder 1039,1039,70,0,expander,expansion,enemy,Q1_SW,0.607051,4.459788,chosen_action,,0.0,0.18,0.0,0.746024,0.4958,0.0,4.459788,overtake_window,overtake_window,,,0,0,0,0.0,0.0,0.0
train,without_mine,intruder 1039,intruder,80,1,expander,expansion,enemy,Q2_NW,1.0,3.047931,chosen_action,,0.0,0.052661,0.0,0.325404,0.494044,0.0,3.047931,cash_in,cash_in,,,0,0,0,0.0,0.0,0.0
train,without_mine,intruder 1039,intruder,80,1,expander,expansion,friendly,Q3_NE,0.852499,1.463711,chosen_action,,0.0,0.18,0.027373,0.097768,0.16968,0.0,1.463711,neutral,neutral,,,0,0,0,0.0,0.0,0.0
train,without_mine,intruder 1039,intruder,80,1,expander,expansion,friendly,Q1_SW,1.0,1.346636,chosen_action,,0.0,0.0,0.027899,0.073084,0.12684,0.0,1.346636,neutral,neutral,,,0,0,0,0.0,0.0,0.0
train,without_mine,intruder 1039,intruder,80,1,expander,expansion,unknown,unknown,0.613919,1.0,chosen_action,,0.0,0.18,0.026081,0.0,0.0,0.0,1.0,neutral,neutral,,,0,0,0,0.0,0.0,0.0
train,without_mine,intruder 1039,intruder,90,1,expander,expansion,neutral,Q1_SW,1.0,1.828477,chosen_action,,0.0,0.0,0.0,0.118219,0.40352,0.0,1.828477,cash_in,cash_in,,,0,0,0,0.0,0.0,0.0
train,without_mine,intruder 1039,intruder,90,1,expander,expansion,friendly,Q0_SE,0.95602,1.433868,chosen_action,,0.0,0.0,0.1,0.091476,0.15876,0.0,1.433868,neutral,neutral,,,0,0,0,0.0,0.0,0.0
train,without_mine,intruder 1039,intruder,90,1,expander,expansion,friendly,Q3_NE,0.869589,1.546191,chosen_action,,0.0,0.041607,0.0,0.091635,0.24168,0.0,1.546191,neutral,neutral,,,0,0,0,0.0,0.0,0.0
train,without_mine,intruder 1039,1039,90,0,expander,attack,enemy,Q2_NW,0.400898,3.331426,chosen_action,,0.0,0.18,0.026485,0.466403,0.15708,0.0,3.331426,chasing_leader,leader_target,,,0,0,0,0.0,0.0,0.0
train,without_mine,intruder 1039,1039,90,0,attacker,attack,enemy,Q3_NE,0.515144,3.660136,chosen_action,,0.0,0.105968,0.025337,0.497341,0.345569,0.0,3.660136,chasing_leader,leader_target,,,0,0,0,0.0,0.0,0.0
train,without_mine,intruder 1039,intruder,100,1,expander,expansion,enemy,Q2_NW,1.0,2.41833,chosen_action,,0.0,0.0,0.0,0.198411,0.25344,0.0,2.41833,chasing_leader,leader_target,,,0,0,0,0.0,0.0,0.0
train,without_mine,intruder 1039,intruder,100,1,expander,expansion,friendly,Q3_NE,0.108687,1.454529,chosen_action,,0.95,0.0,0.0,0.095832,0.16632,0.0,1.454529,neutral,neutral,,,0,0,0,0.0,0.0,0.0
train,without_mine,intruder 1039,1039,100,0,attacker,attack,enemy,Q2_NW,0.476278,3.39455,chosen_action,,0.0,0.0,0.150034,0.482763,0.174756,0.0,3.39455,chasing_leader,leader_target,,,0,0,0,0.0,0.0,0.0
train,without_mine,intruder 1200,intruder,0,1,expander,initiation,neutral,Q0_SE,0.901664,2.060332,chosen_action,,0.0,0.151398,0.084974,0.167103,0.48836,0.0,2.060332,neutral,neutral,,,0,0,0,0.0,0.0,0.0
train,without_mine,intruder 1200,1200,0,0,expander,initiation,neutral,Q2_NW,0.290761,2.060332,chosen_action,,0.0,0.151398,0.084974,0.167103,0.48836,0.0,2.060332,neutral,neutral,,,0,0,0,0.0,0.0,0.0
train,without_mine,intruder 1200,1200,10,0,expander,initiation,neutral,Q3_NE,0.26246,2.060332,chosen_action,,0.0,0.18,0.197878,0.167103,0.48836,0.0,2.060332,neutral,neutral,,,0,0,0,0.0,0.0,0.0
train,without_mine,intruder 1200,1200,20,0,anchor,established,neutral,Q2_NW,0.495118,3.458903,chosen_action,,0.0,0.0,0.0,0.402246,0.43964,1.0,3.458903,cash_in,cash_in,,,0,0,0,0.0,0.0,0.0
train,without_mine,intruder 1200,intruder,30,1,expander,established,neutral,Q1_SW,1.0,1.753487,chosen_action,,0.0,0.009735,0.0,0.102408,0.37608,0.0,1.753487,cash_in,cash_in,,,0,0,0,0.0,0.0,0.0
train,without_mine,intruder 1200,1200,30,0,anchor,established,neutral,Q3_NE,0.195437,1.951169,chosen_action,,0.0,0.18,0.118448,0.184776,0.37608,0.0,1.951169,cash_in,cash_in,,,0,0,0,0.0,0.0,0.0
train,without_mine,intruder 1200,intruder,40,1,expander,attack,enemy,Q3_NE,0.521584,2.309787,chosen_action,,0.0,0.18,0.049094,0.198037,0.173702,0.0,2.309787,chasing_leader,leader_target,,,0,0,0,0.0,0.0,0.0
train,without_mine,intruder 1200,intruder,50,1,attacker,attack,enemy,Q3_NE,1.0,2.337261,chosen_action,,0.0,0.0,0.0,0.20452,0.182529,0.0,2.337261,pressured,concentrated_inbound,24,Q1_SW,2,2,25,35.0,0.7143,2.385
train,without_mine,intruder 1200,intruder,50,1,expander,established,friendly,Q0_SE,0.853697,1.748204,chosen_action,,0.0,0.18,0.063379,0.134227,0.3156,0.0,1.748204,pressured,concentrated_inbound,24,Q1_SW,2,2,25,35.0,0.7143,2.385
train,without_mine,intruder 1200,intruder,50,1,expander,established,neutral,Q3_NE,0.828312,1.72276,chosen_action,,0.0,0.18,0.086144,0.095608,0.365409,0.0,1.72276,pressured,concentrated_inbound,24,Q1_SW,2,2,25,35.0,0.7143,2.385
train,without_mine,intruder 1200,intruder,50,1,anchor,established,neutral,Q3_NE,0.418748,1.439798,chosen_action,,0.0,0.18,0.038702,0.059472,0.220049,0.0,1.439798,pressured,concentrated_inbound,24,Q1_SW,2,2,25,35.0,0.7143,2.385
train,without_mine,intruder 1200,1200,50,0,expander,attack,neutral,Q1_SW,0.164393,1.837349,chosen_action,,0.0,0.18,0.118899,0.173681,0.311493,0.0,1.837349,neutral,neutral,,,0,0,0,0.0,0.0,0.0
train,without_mine,intruder 1200,1200,50,0,feeder,attack,enemy,Q0_SE,0.404771,3.712815,chosen_action,,0.0,0.18,0.012441,0.555796,0.280671,0.0,3.712815,overtake_window,overtake_window,,,0,0,0,0.0,0.0,0.0
train,without_mine,intruder 1200,1200,60,0,feeder,attack,friendly,Q2_NW,0.232948,2.026245,chosen_action,,0.0,0.18,0.033942,0.254802,0.3072,0.0,2.026245,neutral,neutral,,,0,0,0,0.0,0.0,0.0
train,without_mine,intruder 1200,1200,60,0,anchor,attack,friendly,Q2_NW,0.32198,2.026245,chosen_action,,0.0,0.0,0.010996,0.254802,0.3072,0.0,2.026245,neutral,neutral,,,0,0,0,0.0,0.0,0.0
train,without_mine,intruder 1200,intruder,70,1,expander,attack,enemy,Q3_NE,1.0,2.345206,chosen_action,,0.0,0.0,0.0,0.182717,0.227173,0.0,2.345206,chasing_leader,leader_target,,,0,0,0,0.0,0.0,0.0
train,without_mine,intruder 1200,intruder,70,1,expander,attack,enemy,Q2_NW,0.95147,2.333634,chosen_action,,0.0,0.123747,0.098621,0.198971,0.189707,0.0,2.333634,chasing_leader,leader_target,,,0,0,0,0.0,0.0,0.0
train,without_mine,intruder 1200,intruder,70,1,expander,established,friendly,Q0_SE,0.797448,1.512522,chosen_action,,0.0,0.18,0.089197,0.084536,0.22936,0.0,1.512522,neutral,neutral,,,0,0,0,0.0,0.0,0.0
train,without_mine,intruder 1200,intruder,70,1,expander,attack,enemy,Q3_NE,0.96256,2.345206,chosen_action,,0.0,0.18,0.033146,0.182717,0.227173,0.0,2.345206,chasing_leader,leader_target,,,0,0,0,0.0,0.0,0.0
train,without_mine,intruder 1200,intruder,80,1,expander,attack,friendly,Q1_SW,1.0,1.741317,chosen_action,,0.0,0.0,0.0,0.132775,0.31308,0.0,1.741317,neutral,neutral,,,0,0,0,0.0,0.0,0.0
train,without_mine,intruder 1200,1200,80,0,expander,attack,neutral,Q1_SW,0.140521,1.611006,chosen_action,,0.0,0.18,0.173094,0.116358,0.245738,0.0,1.611006,neutral,neutral,,,0,0,0,0.0,0.0,0.0
train,without_mine,intruder 1200,1200,80,0,expander,attack,enemy,Q0_SE,0.358848,3.420698,chosen_action,,0.0,0.18,0.056675,0.462173,0.230729,0.0,3.420698,chasing_leader,leader_target,,,0,0,0,0.0,0.0,0.0
train,without_mine,intruder 1200,1200,80,0,attacker,attack,enemy,Q2_NW,0.468832,3.099621,chosen_action,,0.0,0.0,0.0,0.389195,0.122631,0.0,3.099621,chasing_leader,leader_target,,,0,0,0,0.0,0.0,0.0
train,without_mine,intruder 1200,intruder,90,1,expander,established,friendly,Q2_NW,1.0,1.686223,chosen_action,,0.0,0.0,0.0,0.121159,0.29292,0.0,1.686223,pressured,concentrated_inbound,12,Q3_NE,3,4,73,101.0,0.7228,1.969
train,without_mine,intruder 1200,intruder,90,1,attacker,established,friendly,Q2_NW,1.0,1.440755,chosen_action,,0.0,0.007376,0.0,0.092928,0.16128,0.0,1.440755,pressured,concentrated_inbound,12,Q3_NE,3,4,73,101.0,0.7228,1.969
train,without_mine,intruder 1200,1200,90,0,anchor,initiation,enemy,Q0_SE,0.320724,3.503006,chosen_action,,0.95,0.18,0.4,0.483832,0.253191,0.0,3.503006,chasing_leader,leader_target,,,0,0,0,0.0,0.0,0.0
train,without_mine,intruder 1200,intruder,120,1,expander,established,friendly,Q0_SE,1.0,2.211915,chosen_action,,0.0,0.119632,0.0,0.231995,0.48528,0.0,2.211915,cash_in,cash_in,,,0,0,0,0.0,0.0,0.0
train,without_mine,best intruder,best,40,0,sweeper,attack,enemy,Q2_NW,0.210638,2.618434,chosen_action,,0.0,0.18,0.4,0.257637,0.296373,0.0,2.618434,chasing_leader,leader_target,,,0,0,0,0.0,0.0,0.0
train,without_mine,best intruder,intruder,50,1,expander,established,friendly,Q1_SW,1.0,1.966286,chosen_action,,0.0,0.0,0.0,0.180207,0.3954,0.0,1.966286,pressured,concentrated_inbound,2,Q3_NE,2,2,248,81.0,3.0617,1.288
train,without_mine,best intruder,intruder,50,1,expander,attack,enemy,Q1_SW,0.55522,2.266982,chosen_action,,0.0,0.132629,0.057281,0.190024,0.15624,0.0,2.266982,pressured,concentrated_inbound,2,Q3_NE,2,2,248,81.0,3.0617,1.288
train,without_mine,best intruder,intruder,50,1,expander,established,friendly,Q3_NE,0.898242,1.840793,chosen_action,,0.0,0.18,0.030789,0.153748,0.34948,0.0,1.840793,pressured,concentrated_inbound,2,Q3_NE,2,2,248,81.0,3.0617,1.288
train,without_mine,best intruder,best,60,0,anchor,attack,friendly,Q0_SE,0.132006,1.221499,chosen_action,,0.0,0.14041,0.060973,0.062524,0.05292,0.0,1.221499,pressured,concentrated_inbound,2,Q3_NE,2,2,72,142.0,0.507,4.042
train,without_mine,best intruder,intruder,60,1,expander,attack,friendly,Q1_SW,0.668809,2.061936,chosen_action,,0.0,0.18,0.008775,0.200373,0.4304,0.0,2.061936,cash_in,cash_in,,,0,0,0,0.0,0.0,0.0
train,without_mine,best intruder,intruder,60,1,expander,attack,friendly,Q3_NE,1.0,2.03898,chosen_action,,0.0,0.034261,0.0,0.195533,0.422,0.0,2.03898,cash_in,cash_in,,,0,0,0,0.0,0.0,0.0
train,without_mine,best intruder,intruder,60,1,anchor,attack,friendly,Q3_NE,1.0,2.081066,chosen_action,,0.0,0.0,0.0,0.204407,0.4374,0.0,2.081066,cash_in,cash_in,,,0,0,0,0.0,0.0,0.0
train,without_mine,best intruder,best,70,0,anchor,attack,friendly,Q0_SE,0.365235,2.360252,chosen_action,,0.0,0.0,0.0,0.349084,0.387,0.0,2.360252,cash_in,cash_in,,,0,0,0,0.0,0.0,0.0
train,without_mine,best intruder,intruder,70,1,expander,attack,friendly,Q3_NE,1.0,2.027502,chosen_action,,0.0,0.0,0.0,0.193113,0.4178,0.0,2.027502,cash_in,cash_in,,,0,0,0,0.0,0.0,0.0
train,without_mine,best intruder,intruder,70,1,expander,attack,friendly,Q2_NW,0.608745,1.954808,chosen_action,,0.0,0.18,0.055007,0.177787,0.3912,0.0,1.954808,cash_in,cash_in,,,0,0,0,0.0,0.0,0.0
train,without_mine,best intruder,intruder,70,1,expander,attack,friendly,Q1_SW,0.654941,1.94333,chosen_action,,0.0,0.18,0.007329,0.175367,0.387,0.0,1.94333,cash_in,cash_in,,,0,0,0,0.0,0.0,0.0
train,without_mine,best intruder,intruder,70,1,anchor,attack,friendly,Q3_NE,1.0,2.074179,chosen_action,,0.0,0.0,0.0,0.202955,0.43488,0.0,2.074179,cash_in,cash_in,,,0,0,0,0.0,0.0,0.0
train,without_mine,best intruder,best,80,0,expander,attack,friendly,Q0_SE,0.39292,2.577063,chosen_action,,0.0,0.0,0.0,0.410285,0.4388,0.0,2.577063,cash_in,cash_in,,,0,0,0,0.0,0.0,0.0
train,without_mine,best intruder,intruder,80,1,expander,attack,friendly,Q3_NE,0.678924,2.087188,chosen_action,,0.0,0.18,0.00192,0.205697,0.43964,0.0,2.087188,cash_in,cash_in,,,0,0,0,0.0,0.0,0.0
train,without_mine,best intruder,best,90,0,feeder,attack,enemy,Q0_SE,0.561694,3.841013,chosen_action,,0.0,0.0,0.0,0.586099,0.32176,0.0,3.841013,overtake_window,overtake_window,,,0,0,0,0.0,0.0,0.0
train,without_mine,best intruder,intruder,90,1,attacker,established,friendly,Q0_SE,1.0,1.785293,chosen_action,,0.0,0.0,0.1,0.14154,0.330071,0.0,1.785293,neutral,neutral,,,0,0,0,0.0,0.0,0.0
train,without_mine,best intruder,intruder,90,1,expander,established,friendly,Q3_NE,1.0,1.783403,chosen_action,,0.0,0.0,0.0,0.141648,0.32848,0.0,1.783403,neutral,neutral,,,0,0,0,0.0,0.0,0.0
train,without_mine,best intruder,intruder,100,1,expander,established,neutral,Q3_NE,0.319501,1.64789,chosen_action,,0.0,0.18,0.065282,0.080144,0.33744,0.0,1.64789,neutral,neutral,,,0,0,0,0.0,0.0,0.0
train,without_mine,best intruder smith 1039,best,20,0,anchor,attack,neutral,Q3_NE,0.298016,2.705732,chosen_action,,0.0,0.18,0.035423,0.249846,0.374889,0.666667,2.705732,neutral,neutral,,,0,0,0,0.0,0.0,0.0
train,without_mine,best intruder smith 1039,1039,20,0,anchor,attack,enemy,Q3_NE,0.22078,2.087429,chosen_action,,0.0,0.18,0.048735,0.189828,0.245809,0.333333,2.087429,neutral,neutral,,,0,0,0,0.0,0.0,0.0
train,without_mine,best intruder smith 1039,intruder,40,1,expander,attack,neutral,Q3_NE,0.130366,2.004455,chosen_action,,0.95,0.18,0.4,0.178068,0.427476,0.0,2.004455,cash_in,cash_in,,,0,0,0,0.0,0.0,0.0
train,without_mine,best intruder smith 1039,intruder,40,1,attacker,attack,friendly,Q2_NW,1.0,2.054372,chosen_action,,0.0,0.023754,0.005728,0.262742,0.31392,0.0,2.054372,neutral,neutral,,,0,0,0,0.0,0.0,0.0
train,without_mine,best intruder smith 1039,intruder,50,1,attacker,attack,friendly,Q1_SW,0.930394,1.748204,chosen_action,,0.0,0.026082,0.1406,0.134227,0.3156,0.0,1.748204,neutral,neutral,,,0,0,0,0.0,0.0,0.0
train,without_mine,best intruder smith 1039,intruder,50,1,expander,attack,enemy,Q3_NE,0.904057,1.767571,chosen_action,,0.0,0.139124,0.056528,0.131709,0.334422,0.0,1.767571,neutral,neutral,,,0,0,0,0.0,0.0,0.0
train,without_mine,best intruder smith 1039,intruder,60,1,expander,attack,enemy,Q3_NE,1.0,1.52477,chosen_action,,0.0,0.0,0.0,0.084174,0.239076,0.0,1.52477,neutral,neutral,,,0,0,0,0.0,0.0,0.0
train,without_mine,best intruder smith 1039,smith,60,0,anchor,attack,friendly,Q3_NE,0.26041,1.538713,chosen_action,,0.0,0.0,0.0,0.117184,0.19072,0.0,1.538713,pressured,concentrated_inbound,15,Q3_NE,2,2,63,36.0,1.75,0.429
train,without_mine,best intruder smith 1039,intruder,70,1,expander,attack,friendly,Q3_NE,1.0,1.484975,chosen_action,,0.0,0.0,0.0,0.078728,0.21928,0.0,1.484975,neutral,neutral,,,0,0,0,0.0,0.0,0.0
train,without_mine,best intruder smith 1039,best,80,0,expander,attack,enemy,Q1_SW,0.506506,3.600103,chosen_action,,0.0,0.054007,0.056637,0.4023,0.24784,0.333333,3.600103,chasing_leader,leader_target,,,0,0,0,0.0,0.0,0.0
train,without_mine,best intruder smith 1039,intruder,80,1,expander,attack,friendly,Q3_NE,0.664062,1.50334,chosen_action,,0.0,0.11504,0.006358,0.0826,0.226,0.0,1.50334,neutral,neutral,,,0,0,0,0.0,0.0,0.0
train,without_mine,best intruder smith 1039,intruder,80,1,expander,attack,neutral,Q2_NW,0.050148,1.383292,chosen_action,,0.95,0.18,0.115941,0.04788,0.1988,0.0,1.383292,neutral,neutral,,,0,0,0,0.0,0.0,0.0
train,without_mine,best intruder smith 1039,intruder,80,1,expander,attack,friendly,Q3_NE,0.892692,1.344944,chosen_action,,0.0,0.000348,0.080948,0.049204,0.16804,0.0,1.344944,neutral,neutral,,,0,0,0,0.0,0.0,0.0
train,without_mine,best intruder smith 1039,intruder,90,1,expander,established,neutral,Q1_SW,0.865724,1.788667,chosen_action,,0.0,0.18,0.057289,0.107111,0.393778,0.0,1.788667,cash_in,cash_in,,,0,0,0,0.0,0.0,0.0
train,without_mine,best intruder smith 1039,best,100,0,expander,attack,friendly,Q1_SW,0.277429,1.998119,chosen_action,,0.0,0.18,0.073583,0.246863,0.30048,0.0,1.998119,neutral,neutral,,,0,0,0,0.0,0.0,0.0
train,without_mine,best intruder smith 1039,best,110,0,attacker,attack,friendly,Q1_SW,0.296421,1.749664,chosen_action,,0.0,0.0,0.0,0.17673,0.24112,0.0,1.749664,neutral,neutral,,,0,0,0,0.0,0.0,0.0
train,without_mine,best intruder smith 1039,intruder,110,1,expander,established,neutral,Q1_SW,0.431401,1.604621,chosen_action,,0.0,0.18,0.047418,0.089876,0.288089,0.0,1.604621,neutral,neutral,,,0,0,0,0.0,0.0,0.0
train,without_mine,best intruder smith 1039,best,120,0,expander,attack,neutral,Q3_NE,0.251326,1.736884,chosen_action,,0.0,0.137894,0.08289,0.138398,0.2998,0.0,1.736884,neutral,neutral,,,0,0,0,0.0,0.0,0.0
train,without_mine,best intruder smith 1039,best,120,0,attacker,attack,friendly,Q0_SE,0.30428,2.008666,chosen_action,,0.0,0.117808,0.008252,0.24984,0.303,0.0,2.008666,neutral,neutral,,,0,0,0,0.0,0.0,0.0
train,without_mine,best intruder smith 1039,intruder,120,1,expander,attack,enemy,Q0_SE,0.255249,2.964431,chosen_action,,0.95,0.18,0.033952,0.333738,0.417378,0.0,2.964431,cash_in,cash_in,,,0,0,0,0.0,0.0,0.0
train,without_mine,best intruder smith 1039,best,130,0,expander,attack,friendly,Q0_SE,0.256853,1.707474,chosen_action,,0.0,0.156108,0.014793,0.164821,0.23104,0.0,1.707474,neutral,neutral,,,0,0,0,0.0,0.0,0.0
train,without_mine,best intruder smith 1039,best,130,0,feeder,attack,friendly,Q0_SE,0.062851,1.49222,chosen_action,,0.95,0.177204,0.014493,0.138942,0.1176,0.0,1.49222,neutral,neutral,,,0,0,0,0.0,0.0,0.0
train,without_mine,best intruder smith 1039,best,150,0,feeder,attack,enemy,Q0_SE,0.486018,4.147722,chosen_action,,0.0,0.175576,0.124063,0.720879,0.309342,0.0,4.147722,overtake_window,overtake_window,,,0,0,0,0.0,0.0,0.0
train,without_mine,best intruder smith 1039,intruder,150,1,sweeper,established,neutral,Q0_SE,0.072971,1.560053,chosen_action,,0.95,0.024625,0.038031,0.085148,0.26348,0.0,1.560053,neutral,neutral,,,0,0,0,0.0,0.0,0.0
train,without_mine,best intruder smith 1039,best,160,0,expander,attack,neutral,Q2_NW,0.276433,1.988932,chosen_action,,0.0,0.18,0.076495,0.20626,0.365858,0.0,1.988932,cash_in,cash_in,,,0,0,0,0.0,0.0,0.0
train,without_mine,best intruder smith 1039,intruder,160,1,expander,established,neutral,Q1_SW,0.738154,1.512555,chosen_action,,0.0,0.120826,0.207905,0.072764,0.250311,0.0,1.512555,neutral,neutral,,,0,0,0,0.0,0.0,0.0
train,without_mine,best intruder smith 1039,intruder,170,1,attacker,attack,enemy,Q1_SW,1.0,2.669065,chosen_action,,0.0,0.0,0.048292,0.250746,0.346129,0.0,2.669065,chasing_leader,leader_target,,,0,0,0,0.0,0.0,0.0
train,without_mine,best intruder smith 1039,intruder,170,1,expander,established,neutral,Q1_SW,0.792136,1.701203,chosen_action,,0.0,0.18,0.11954,0.090856,0.357889,0.0,1.701203,cash_in,cash_in,,,0,0,0,0.0,0.0,0.0
train,without_mine,best intruder smith 1039,best,190,0,expander,expansion,neutral,Q1_SW,0.10494,1.813085,chosen_action,,0.95,0.074058,0.045153,0.173578,0.293702,0.0,1.813085,neutral,neutral,,,0,0,0,0.0,0.0,0.0
train,without_mine,best intruder smith 1200,best,40,0,attacker,attack,neutral,Q1_SW,0.232026,1.500353,chosen_action,,0.0,0.0,0.164201,0.092403,0.20636,0.0,1.500353,pressured,concentrated_inbound,12,Q1_SW,2,2,98,50.0,1.96,4.337
train,without_mine,best intruder smith 1200,smith,50,0,feeder,attack,neutral,Q3_NE,0.408915,2.656015,chosen_action,,0.0,0.0,0.0,0.261009,0.54044,0.333333,2.656015,pressured,concentrated_inbound,6,Q3_NE,2,3,59,56.0,1.0536,5.31
train,without_mine,best intruder smith 1200,1200,50,0,anchor,attack,enemy,Q3_NE,0.304118,2.704464,chosen_action,,0.0,0.18,0.06773,0.279916,0.320493,0.0,2.704464,chasing_leader,leader_target,,,0,0,0,0.0,0.0,0.0
train,without_mine,best intruder smith 1200,smith,60,0,feeder,attack,friendly,Q3_NE,0.344214,2.120273,chosen_action,,0.0,0.0,0.0,0.210948,0.454813,0.0,2.120273,pressured,concentrated_inbound,15,Q3_NE,2,2,122,69.0,1.7681,1.879
train,without_mine,best intruder smith 1200,1200,60,0,feeder,attack,enemy,Q3_NE,0.412311,3.700599,chosen_action,,0.0,0.18,0.047668,0.411768,0.305449,0.333333,3.700599,chasing_leader,leader_target,,,0,0,0,0.0,0.0,0.0
train,without_mine,best intruder smith 1200,best,70,0,expander,attack,neutral,Q3_NE,0.258101,1.656273,chosen_action,,0.0,0.0,0.135312,0.116974,0.278173,0.0,1.656273,neutral,neutral,,,0,0,0,0.0,0.0,0.0
train,without_mine,best intruder smith 1200,best,70,0,attacker,attack,neutral,Q2_NW,0.093744,1.723154,chosen_action,,0.95,0.18,0.183665,0.133812,0.297782,0.0,1.723154,neutral,neutral,,,0,0,0,0.0,0.0,0.0
train,without_mine,best intruder smith 1200,intruder,70,1,expander,attack,unknown,unknown,0.423131,1.0,chosen_action,,0.0,0.18,0.216869,0.0,0.0,0.0,1.0,neutral,neutral,,,0,0,0,0.0,0.0,0.0
train,without_mine,best intruder smith 1200,smith,70,0,anchor,attack,friendly,Q3_NE,0.318252,2.012082,chosen_action,,0.0,0.0,0.0,0.241661,0.320071,0.0,2.012082,pressured,concentrated_inbound,6,Q3_NE,2,5,85,80.0,1.0625,8.855
train,without_mine,best intruder smith 1200,best,80,0,expander,attack,neutral,Q3_NE,0.225886,1.797135,chosen_action,,0.0,0.18,0.207678,0.143154,0.335973,0.0,1.797135,neutral,neutral,,,0,0,0,0.0,0.0,0.0
train,without_mine,best intruder smith 1200,intruder,80,1,expander,attack,enemy,Q3_NE,0.708887,1.809641,chosen_action,,0.0,0.18,0.216192,0.143638,0.344378,0.0,1.809641,neutral,neutral,,,0,0,0,0.0,0.0,0.0
train,without_mine,best intruder smith 1200,1200,80,0,anchor,attack,enemy,Q2_NW,0.507255,4.126697,chosen_action,,0.0,0.18,0.0,0.715236,0.3038,0.0,4.126697,overtake_window,overtake_window,,,0,0,0,0.0,0.0,0.0
train,without_mine,best intruder smith 1200,1200,80,0,expander,attack,enemy,Q1_SW,0.4742,4.278607,chosen_action,,0.0,0.18,0.023726,0.74347,0.366133,0.0,4.278607,overtake_window,overtake_window,,,0,0,0,0.0,0.0,0.0
train,without_mine,best intruder smith 1200,1200,80,0,anchor,attack,enemy,Q2_NW,0.507255,4.126697,chosen_action,,0.0,0.18,0.0,0.715236,0.3038,0.0,4.126697,overtake_window,overtake_window,,,0,0,0,0.0,0.0,0.0
train,without_mine,best intruder smith 1200,intruder,90,1,expander,attack,enemy,Q2_NW,1.0,2.943774,chosen_action,,0.0,0.162818,0.0,0.307193,0.449267,0.0,2.943774,pressured,concentrated_inbound,13,Q3_NE,3,3,119,70.0,1.7,4.316
train,without_mine,best intruder smith 1200,smith,90,0,anchor,expansion,enemy,Q2_NW,0.421045,4.08611,chosen_action,,0.0,0.18,0.170515,0.65,0.389711,0.0,4.08611,overtake_window,overtake_window,,,0,0,0,0.0,0.0,0.0
train,without_mine,best intruder smith 1200,intruder,100,1,feeder,attack,enemy,Q2_NW,0.524391,1.676829,chosen_action,,0.0,0.18,0.043517,0.116832,0.293653,0.0,1.676829,neutral,neutral,,,0,0,0,0.0,0.0,0.0
train,without_mine,best intruder smith 1200,intruder,100,1,expander,attack,enemy,Q3_NE,0.284927,3.189713,chosen_action,,0.95,0.18,0.0689,0.351756,0.552222,0.0,3.189713,cash_in,cash_in,,,0,0,0,0.0,0.0,0.0
train,without_mine,best intruder smith 1200,smith,100,0,expander,expansion,friendly,Q3_NE,0.183138,2.35595,chosen_action,,0.95,0.0,0.0,0.382752,0.32396,0.0,2.35595,pressured,concentrated_inbound,13,Q3_NE,2,3,93,99.0,0.9394,4.439
train,without_mine,best intruder smith 1200,1200,110,0,anchor,attack,enemy,Q3_NE,0.175572,2.180521,chosen_action,,0.0,0.18,0.359542,0.296131,0.348004,0.0,2.180521,neutral,neutral,,,0,0,0,0.0,0.0,0.0
train,without_mine,best intruder smith 1200,1200,110,0,feeder,attack,enemy,Q3_NE,0.198037,2.180521,chosen_action,,0.0,0.18,0.247214,0.296131,0.348004,0.0,2.180521,neutral,neutral,,,0,0,0,0.0,0.0,0.0
train,without_mine,best intruder smith 1200,1200,110,0,expander,attack,neutral,Q0_SE,0.244911,2.65154,chosen_action,,0.0,0.18,0.140435,0.360369,0.582707,0.0,2.65154,cash_in,cash_in,,,0,0,0,0.0,0.0,0.0
train,without_mine,best intruder smith 1200,1200,120,0,expander,attack,friendly,Q2_NW,0.204964,1.873629,chosen_action,,0.0,0.18,0.357055,0.20542,0.281942,0.0,1.873629,neutral,neutral,,,0,0,0,0.0,0.0,0.0
train,without_mine,best intruder smith 1200,1200,120,0,expander,attack,friendly,Q3_NE,0.22124,2.507918,chosen_action,,0.0,0.18,0.4,0.390767,0.42228,0.0,2.507918,cash_in,cash_in,,,0,0,0,0.0,0.0,0.0
train,without_mine,best intruder smith 1200,1200,130,0,feeder,attack,enemy,Q3_NE,0.370495,2.329781,chosen_action,,0.0,0.0,0.0,0.340483,0.37972,0.0,2.329781,cash_in,cash_in,,,0,0,0,0.0,0.0,0.0
train,without_mine,best intruder smith 1200,intruder,140,1,expander,established,friendly,Q3_NE,0.157017,1.828583,chosen_action,,0.95,0.0,0.0,0.173018,0.306178,0.0,1.828583,neutral,neutral,,,0,0,0,0.0,0.0,0.0
train,without_mine,best intruder smith 1200,1200,140,0,anchor,expansion,enemy,Q3_NE,0.508588,3.406953,chosen_action,,0.0,0.0,0.0,0.450285,0.24168,0.0,3.406953,chasing_leader,leader_target,,,0,0,0,0.0,0.0,0.0
train,without_mine,best intruder smith 1200,1200,140,0,expander,expansion,friendly,Q3_NE,0.390547,2.486823,chosen_action,,0.0,0.0,0.0,0.384812,0.41724,0.0,2.486823,cash_in,cash_in,,,0,0,0,0.0,0.0,0.0
train,without_mine,best intruder smith 1200,1200,150,0,feeder,attack,enemy,Q1_SW,0.463056,4.609038,chosen_action,,0.95,0.18,0.097292,0.740794,0.615653,0.0,4.609038,overtake_window,overtake_window,,,0,0,0,0.0,0.0,0.0
train,without_mine,best intruder smith 1200,intruder,160,1,feeder,established,friendly,Q3_NE,0.647198,1.830242,chosen_action,,0.0,0.18,0.0,0.175047,0.3038,0.0,1.830242,neutral,neutral,,,0,0,0,0.0,0.0,0.0
train,without_mine,best intruder smith 1200,1200,160,0,anchor,expansion,enemy,Q3_NE,0.401045,4.140507,chosen_action,,0.95,0.098331,0.224742,0.717803,0.309467,0.0,4.140507,overtake_window,overtake_window,,,0,0,0,0.0,0.0,0.0
train,without_mine,best intruder smith 1200,intruder,170,1,expander,attack,friendly,Q3_NE,1.0,1.954808,chosen_action,,0.0,0.0,0.0,0.177787,0.3912,0.0,1.954808,cash_in,cash_in,,,0,0,0,0.0,0.0,0.0
train,without_mine,best intruder smith 1200,1200,170,0,anchor,attack,friendly,Q3_NE,0.22193,2.513012,chosen_action,,0.0,0.18,0.4,0.390246,0.426978,0.0,2.513012,pressured,concentrated_inbound,16,Q0_SE,2,2,192,6.0,32.0,1.574
train,without_mine,intruder smith,intruder,0,1,anchor,initiation,neutral,Q0_SE,1.0,1.714462,chosen_action,,0.0,0.0,0.0,0.09418,0.3618,0.0,1.714462,neutral,neutral,,,0,0,0,0.0,0.0,0.0
train,without_mine,intruder smith,smith,0,0,anchor,initiation,neutral,Q2_NW,0.278222,1.714462,chosen_action,,0.0,0.001787,0.0,0.09418,0.3618,0.0,1.714462,neutral,neutral,,,0,0,0,0.0,0.0,0.0
train,without_mine,intruder smith,smith,50,0,sweeper,established,neutral,Q1_SW,0.229072,1.581317,chosen_action,,0.0,0.00769,0.141574,0.066108,0.31308,0.0,1.581317,neutral,neutral,,,0,0,0,0.0,0.0,0.0
train,without_mine,intruder smith,intruder,60,1,expander,attack,enemy,Q2_NW,0.77639,2.400773,chosen_action,,0.0,0.18,0.226581,0.189948,0.25548,0.0,2.400773,pressured,concentrated_inbound,24,Q2_NW,3,4,90,74.0,1.2162,7.554
train,without_mine,intruder smith,intruder,60,1,expander,attack,friendly,Q3_NE,1.0,1.599755,chosen_action,,0.0,0.0,0.0,0.102928,0.26128,0.0,1.599755,pressured,concentrated_inbound,24,Q2_NW,3,4,90,74.0,1.2162,7.554
train,without_mine,intruder smith,intruder,60,1,expander,attack,friendly,Q3_NE,0.913802,1.706883,chosen_action,,0.0,0.034301,0.0,0.125515,0.30048,0.0,1.706883,pressured,concentrated_inbound,24,Q2_NW,3,4,90,74.0,1.2162,7.554
train,without_mine,intruder smith,intruder,60,1,expander,attack,friendly,Q3_NE,0.76627,1.608334,chosen_action,,0.0,0.089782,0.222494,0.12826,0.2226,0.0,1.608334,pressured,concentrated_inbound,24,Q2_NW,3,4,90,74.0,1.2162,7.554
train,without_mine,intruder smith,smith,60,0,expander,attack,enemy,Q3_NE,0.492545,3.640243,chosen_action,,0.0,0.18,0.050057,0.50714,0.313413,0.0,3.640243,chasing_leader,leader_target,,,0,0,0,0.0,0.0,0.0
train,without_mine,intruder smith,intruder,80,1,expander,attack,enemy,Q2_NW,1.0,2.815447,chosen_action,,0.0,0.069477,0.0,0.300141,0.366747,0.0,2.815447,pressured,concentrated_inbound,5,Q1_SW,3,3,85,107.0,0.7944,0.67
train,without_mine,intruder smith,intruder,90,1,expander,attack,enemy,Q2_NW,1.0,2.530814,chosen_action,,0.0,0.0,0.0,0.222127,0.2946,0.0,2.530814,pressured,concentrated_inbound,5,Q1_SW,2,2,53,53.0,1.0,7.496
train,without_mine,intruder smith,intruder,90,1,expander,established,friendly,Q2_NW,0.626645,1.347239,chosen_action,,0.0,0.13866,0.0,0.049688,0.16888,0.0,1.347239,pressured,concentrated_inbound,5,Q1_SW,2,2,53,53.0,1.0,7.496
train,without_mine,intruder smith,intruder,90,1,expander,attack,enemy,Q2_NW,0.553093,2.230252,chosen_action,,0.0,0.18,0.007295,0.18228,0.1428,0.0,2.230252,pressured,concentrated_inbound,5,Q1_SW,2,2,53,53.0,1.0,7.496
train,without_mine,best smith,smith,0,1,expander,initiation,neutral,Q2_NW,1.0,1.399361,chosen_action,,0.0,0.032976,0.0,0.051268,0.20468,0.0,1.399361,neutral,neutral,,,0,0,0,0.0,0.0,0.0
train,without_mine,best smith,best,100,0,expander,established,neutral,Q0_SE,0.11879,1.493321,chosen_action,,0.0,0.18,0.025888,0.090418,0.20468,0.0,1.493321,neutral,neutral,,,0,0,0,0.0,0.0,0.0
train,without_mine,best smith,smith,100,1,expander,established,friendly,Q2_NW,0.820135,1.15151,chosen_action,,0.0,0.009327,0.100342,0.031944,0.05544,0.0,1.15151,neutral,neutral,,,0,0,0,0.0,0.0,0.0
train,without_mine,best smith,best,130,0,anchor,established,friendly,Q0_SE,0.19648,1.707474,chosen_action,,0.0,0.18,0.012769,0.164821,0.23104,0.0,1.707474,pressured,concentrated_inbound,8,Q0_SE,3,4,120,94.0,1.2766,6.858
train,without_mine,best smith,best,150,0,attacker,established,friendly,Q0_SE,0.265177,1.760212,chosen_action,,0.0,0.150073,0.012879,0.179708,0.24364,0.0,1.760212,pressured,concentrated_inbound,8,Q0_SE,3,3,75,111.0,0.6757,5.24
train,without_mine,best smith,smith,150,1,attacker,attack,enemy,Q0_SE,0.986433,2.502948,chosen_action,,0.0,0.18,0.029691,0.213468,0.289351,0.0,2.502948,chasing_leader,leader_target,,,0,0,0,0.0,0.0,0.0
train,without_mine,best smith,smith,160,1,feeder,attack,enemy,Q0_SE,0.395299,2.504909,chosen_action,,0.0,0.18,0.101072,0.214158,0.289578,0.0,2.504909,chasing_leader,leader_target,,,0,0,0,0.0,0.0,0.0
train,without_mine,best smith,best,210,0,attacker,attack,friendly,Q0_SE,0.291507,1.913738,chosen_action,,0.0,0.118588,0.010733,0.223044,0.28032,0.0,1.913738,pressured,concentrated_inbound,4,Q0_SE,2,2,90,80.0,1.125,0.666
train,without_mine,best smith,smith,210,1,anchor,attack,enemy,Q0_SE,0.578266,2.522171,chosen_action,,0.0,0.18,0.0203,0.219545,0.292787,0.0,2.522171,chasing_leader,leader_target,,,0,0,0,0.0,0.0,0.0
train,without_mine,best smith,best,220,0,feeder,attack,enemy,Q3_NE,0.32172,3.506865,chosen_action,,0.95,0.18,0.092016,0.459793,0.298787,0.0,3.506865,pressured,concentrated_inbound,4,Q0_SE,3,4,112,148.0,0.7568,7.231
train,without_mine,best smith,smith,230,1,expander,attack,enemy,Q1_SW,1.0,2.464242,chosen_action,,0.0,0.048495,0.107511,0.208091,0.27024,0.0,2.464242,chasing_leader,leader_target,,,0,0,0,0.0,0.0,0.0
train,without_mine,best smith,smith,240,1,expander,attack,enemy,Q1_SW,0.560308,2.412208,chosen_action,,0.0,0.18,0.024044,0.19712,0.2512,0.0,2.412208,chasing_leader,leader_target,,,0,0,0,0.0,0.0,0.0
train,without_mine,best smith,smith,260,1,expander,attack,neutral,Q1_SW,0.04837,1.369518,chosen_action,,0.95,0.042125,0.072068,0.044976,0.19376,0.0,1.369518,neutral,neutral,,,0,0,0,0.0,0.0,0.0
train,without_mine,best intruder 1200 1039,1039,0,0,anchor,initiation,neutral,Q1_SW,0.067649,1.394831,chosen_action,,0.0,0.18,0.4,0.049738,0.204044,0.0,1.394831,neutral,neutral,,,0,0,0,0.0,0.0,0.0
train,without_mine,best intruder 1200 1039,1039,10,0,anchor,initiation,neutral,Q0_SE,0.217746,2.774963,chosen_action,,0.0,0.18,0.4,0.279118,0.374133,0.666667,2.774963,cash_in,cash_in,,,0,0,0,0.0,0.0,0.0
train,without_mine,best intruder 1200 1039,best,20,1,feeder,attack,friendly,Q0_SE,1.0,2.045867,chosen_action,,0.0,0.0,0.0,0.196985,0.42452,0.0,2.045867,cash_in,cash_in,,,0,0,0,0.0,0.0,0.0
train,without_mine,best intruder 1200 1039,best,20,1,expander,attack,friendly,Q3_NE,0.977639,1.295049,chosen_action,,0.0,0.013289,0.047223,0.059424,0.112911,0.0,1.295049,neutral,neutral,,,0,0,0,0.0,0.0,0.0
train,without_mine,best intruder 1200 1039,best,30,1,expander,attack,enemy,Q3_NE,0.933848,2.196929,chosen_action,,0.0,0.18,0.041255,0.224373,0.487729,0.0,2.196929,cash_in,cash_in,,,0,0,0,0.0,0.0,0.0
train,without_mine,best intruder 1200 1039,best,40,1,feeder,attack,neutral,Q0_SE,1.0,1.806286,chosen_action,,0.0,0.0,0.0,0.11354,0.3954,0.0,1.806286,cash_in,cash_in,,,0,0,0,0.0,0.0,0.0
train,without_mine,best intruder 1200 1039,1200,40,0,expander,expansion,friendly,Q3_NE,0.375616,2.801145,chosen_action,,0.0,0.18,0.070112,0.392355,0.41444,0.333333,2.801145,pressured,concentrated_inbound,19,Q3_NE,2,2,101,42.0,2.4048,2.044
train,without_mine,best intruder 1200 1039,best,50,1,sweeper,attack,enemy,Q3_NE,0.411325,2.112203,chosen_action,,0.0,0.18,0.272792,0.208856,0.452556,0.0,2.112203,pressured,concentrated_inbound,2,Q3_NE,2,3,102,39.0,2.6154,5.859
train,without_mine,best intruder 1200 1039,1200,50,0,anchor,initiation,neutral,Q0_SE,0.204358,2.459349,chosen_action,,0.0,0.18,0.4,0.311089,0.527951,0.0,2.459349,cash_in,cash_in,,,0,0,0,0.0,0.0,0.0
train,without_mine,best intruder 1200 1039,best,60,1,expander,attack,friendly,Q0_SE,0.985577,1.694823,chosen_action,,0.0,0.013289,0.084652,0.12293,0.07392,0.333333,1.694823,pressured,concentrated_inbound,4,Q0_SE,2,2,84,77.0,1.0909,6.461
train,without_mine,best intruder 1200 1039,1200,60,0,anchor,initiation,enemy,Q0_SE,0.227619,2.662108,chosen_action,,0.0,0.18,0.4,0.333128,0.342667,0.0,2.662108,pressured,concentrated_inbound,2,Q3_NE,2,3,128,36.0,3.5556,6.766
train,without_mine,best intruder 1200 1039,1039,60,0,expander,expansion,enemy,Q3_NE,0.261296,2.01962,chosen_action,,0.0,0.0,0.35958,0.136882,0.067484,0.0,2.01962,chasing_leader,leader_target,,,0,0,0,0.0,0.0,0.0
train,without_mine,best intruder 1200 1039,intruder,70,0,anchor,expansion,enemy,Q2_NW,0.350653,3.630235,chosen_action,,0.0,0.18,0.4,0.635597,0.522076,0.0,3.630235,overtake_window,overtake_window,,,0,0,0,0.0,0.0,0.0
train,without_mine,best intruder 1200 1039,best,80,1,expander,attack,enemy,Q3_NE,1.0,2.892754,chosen_action,,0.0,0.075654,0.0,0.298437,0.42704,0.0,2.892754,cash_in,cash_in,,,0,0,0,0.0,0.0,0.0
train,without_mine,best intruder 1200 1039,best,80,1,attacker,attack,neutral,Q1_SW,0.788571,2.119342,chosen_action,,0.0,0.18,0.177158,0.175795,0.516618,0.0,2.119342,cash_in,cash_in,,,0,0,0,0.0,0.0,0.0
train,without_mine,best intruder 1200 1039,best,80,1,expander,attack,neutral,Q2_NW,0.758236,1.672357,chosen_action,,0.0,0.18,0.149375,0.101834,0.317004,0.0,1.672357,neutral,neutral,,,0,0,0,0.0,0.0,0.0
train,without_mine,best intruder 1200 1039,intruder,80,0,expander,expansion,neutral,Q1_SW,0.249327,2.28166,chosen_action,,0.0,0.18,0.4,0.278065,0.45504,0.0,2.28166,cash_in,cash_in,,,0,0,0,0.0,0.0,0.0
train,without_mine,best intruder 1200 1039,best,90,1,expander,attack,enemy,Q3_NE,0.826518,2.427674,chosen_action,,0.0,0.069943,0.065637,0.223904,0.21504,0.0,2.427674,chasing_leader,leader_target,,,0,0,0,0.0,0.0,0.0
train,without_mine,best intruder 1200 1039,intruder,90,0,expander,expansion,friendly,Q1_SW,0.174968,1.312491,chosen_action,,0.0,0.013289,0.311474,0.087232,0.076396,0.0,1.312491,neutral,neutral,,,0,0,0,0.0,0.0,0.0
train,without_mine,best intruder 1200 1039,1039,90,0,feeder,attack,enemy,Q2_NW,0.21754,1.85787,chosen_action,,0.0,0.18,0.0,0.242156,0.20496,0.0,1.85787,neutral,neutral,,,0,0,0,0.0,0.0,0.0
train,without_mine,best intruder 1200 1039,best,100,1,expander,attack,enemy,Q1_SW,1.0,1.190668,chosen_action,,0.0,0.0,0.0,0.038935,0.072018,0.0,1.190668,neutral,neutral,,,0,0,0,0.0,0.0,0.0
train,without_mine,best intruder 1200 1039,1039,100,0,anchor,attack,neutral,Q1_SW,0.351938,2.993937,chosen_action,,0.0,0.18,0.002815,0.46785,0.645258,0.0,2.993937,pressured,concentrated_inbound,2,Q3_NE,2,2,145,53.0,2.7358,5.722
train,without_mine,best intruder 1200 1039,1039,110,0,attacker,attack,enemy,Q2_NW,0.40849,2.766844,chosen_action,,0.0,0.0,0.089805,0.289751,0.05292,0.0,2.766844,pressured,concentrated_inbound,18,Q2_NW,2,2,180,84.0,2.1429,8.386
train,without_mine,best intruder 1200 1039,best,120,1,expander,established,friendly,Q1_SW,0.575226,1.863679,chosen_action,,0.0,0.063629,0.263402,0.177036,0.325031,0.0,1.863679,neutral,neutral,,,0,0,0,0.0,0.0,0.0
train,without_mine,best intruder 1200 1039,intruder,130,0,anchor,attack,friendly,Q1_SW,0.475044,3.21062,chosen_action,,0.0,0.0,0.0,0.564842,0.633333,0.0,3.21062,pressured,concentrated_inbound,9,Q1_SW,2,2,89,75.0,1.1867,5.879
train,without_mine,best intruder 1200 1039,1039,130,0,expander,attack,friendly,Q2_NW,0.325978,2.069608,chosen_action,,0.0,0.0,0.0,0.267042,0.31756,0.0,2.069608,pressured,concentrated_inbound,19,Q2_NW,2,2,221,68.0,3.25,7.452
train,without_mine,best intruder 1200 1039,best,140,1,feeder,established,friendly,Q2_NW,0.614071,1.50334,chosen_action,,0.0,0.170643,0.000745,0.0826,0.226,0.0,1.50334,pressured,concentrated_inbound,7,Q2_NW,2,2,77,62.0,1.2419,2.495
train,without_mine,best intruder 1200 1039,best,150,1,attacker,established,friendly,Q2_NW,1.0,2.208854,chosen_action,,0.0,0.0,0.0,0.231349,0.48416,0.0,2.208854,cash_in,cash_in,,,0,0,0,0.0,0.0,0.0
train,without_mine,best 1200,best,0,1,anchor,initiation,neutral,Q0_SE,1.0,1.922596,chosen_action,,0.0,0.0,0.0,0.138063,0.43796,0.0,1.922596,neutral,neutral,,,0,0,0,0.0,0.0,0.0
train,without_mine,best 1200,1200,0,0,anchor,initiation,neutral,Q2_NW,0.314738,1.922596,chosen_action,,0.0,0.0,0.0,0.138063,0.43796,0.0,1.922596,neutral,neutral,,,0,0,0,0.0,0.0,0.0
train,without_mine,best 1200,1200,10,0,feeder,established,neutral,Q1_SW,0.300569,3.338579,chosen_action,,0.0,0.18,0.4,0.362056,0.42196,1.0,3.338579,cash_in,cash_in,,,0,0,0,0.0,0.0,0.0
train,without_mine,best 1200,1200,20,0,feeder,established,neutral,Q1_SW,0.33685,3.617408,chosen_action,,0.0,0.18,0.4,0.406864,0.54884,1.0,3.617408,cash_in,cash_in,,,0,0,0,0.0,0.0,0.0
train,without_mine,best 1200,1200,20,0,expander,established,neutral,Q3_NE,0.384537,3.617408,chosen_action,,0.0,0.18,0.081567,0.406864,0.54884,1.0,3.617408,cash_in,cash_in,,,0,0,0,0.0,0.0,0.0
train,without_mine,best 1200,1200,30,0,anchor,established,neutral,Q2_NW,0.319989,2.632074,chosen_action,,0.0,0.170407,0.0,0.376978,0.53876,0.0,2.632074,cash_in,cash_in,,,0,0,0,0.0,0.0,0.0
train,without_mine,best 1200,1200,30,0,expander,established,neutral,Q2_NW,0.31807,2.632074,chosen_action,,0.0,0.18,0.0,0.376978,0.53876,0.0,2.632074,cash_in,cash_in,,,0,0,0,0.0,0.0,0.0
train,without_mine,best 1200,1200,40,0,expander,established,neutral,Q3_NE,0.256483,2.413805,chosen_action,,0.0,0.18,0.105203,0.349183,0.426493,0.0,2.413805,cash_in,cash_in,,,0,0,0,0.0,0.0,0.0
train,without_mine,best 1200,1200,50,0,expander,attack,enemy,Q3_NE,0.48964,4.122144,chosen_action,,0.0,0.18,0.02518,0.713812,0.30296,0.0,4.122144,overtake_window,overtake_window,,,0,0,0,0.0,0.0,0.0
train,without_mine,best 1200,1200,50,0,anchor,attack,friendly,Q2_NW,0.303558,2.462212,chosen_action,,0.0,0.139233,0.0,0.377865,0.41136,0.0,2.462212,cash_in,cash_in,,,0,0,0,0.0,0.0,0.0
train,without_mine,best 1200,1200,50,0,attacker,attack,friendly,Q3_NE,0.348711,2.441117,chosen_action,,0.0,0.18,0.0,0.37191,0.40632,0.0,2.441117,cash_in,cash_in,,,0,0,0,0.0,0.0,0.0
train,without_mine,best 1200,1200,50,0,expander,attack,friendly,Q3_NE,0.248428,1.752008,chosen_action,,0.0,0.045049,0.028953,0.177392,0.24168,0.0,1.752008,neutral,neutral,,,0,0,0,0.0,0.0,0.0
train,without_mine,best 1200,1200,60,0,feeder,attack,friendly,Q2_NW,0.269466,2.264538,chosen_action,,0.0,0.18,0.0,0.356948,0.30212,0.0,2.264538,neutral,neutral,,,0,0,0,0.0,0.0,0.0
train,without_mine,best 1200,1200,60,0,attacker,attack,friendly,Q3_NE,0.36173,2.476275,chosen_action,,0.0,0.13735,0.0,0.381835,0.41472,0.0,2.476275,cash_in,cash_in,,,0,0,0,0.0,0.0,0.0
train,without_mine,best 1200,1200,60,0,expander,attack,friendly,Q3_NE,0.250483,2.103594,chosen_action,,0.0,0.102881,0.07277,0.276636,0.32568,0.0,2.103594,neutral,neutral,,,0,0,0,0.0,0.0,0.0
train,without_mine,best 1200,best,70,1,expander,established,friendly,Q0_SE,1.0,1.555374,chosen_action,,0.0,0.0,0.0,0.093571,0.24504,0.0,1.555374,pressured,concentrated_inbound,3,Q2_NW,2,3,57,50.0,1.14,5.45
train,without_mine,best 1200,1200,70,0,expander,attack,friendly,Q3_NE,0.352236,2.239927,chosen_action,,0.0,0.0,0.0,0.350001,0.29624,0.0,2.239927,neutral,neutral,,,0,0,0,0.0,0.0,0.0
train,without_mine,best 1200,1200,70,0,expander,attack,enemy,Q1_SW,0.488275,4.810477,chosen_action,,0.0,0.18,0.4,0.82277,0.619133,0.0,4.810477,overtake_window,overtake_window,,,0,0,0,0.0,0.0,0.0
train,without_mine,best 1200,best,80,1,expander,attack,friendly,Q2_NW,1.0,1.984651,chosen_action,,0.0,0.0,0.0,0.184079,0.40212,0.0,1.984651,pressured,concentrated_inbound,19,Q2_NW,4,8,152,202.0,0.7525,7.822
train,without_mine,best 1200,best,80,1,expander,attack,enemy,Q3_NE,1.0,2.53311,chosen_action,,0.0,0.0,0.0,0.222611,0.29544,0.0,2.53311,pressured,concentrated_inbound,19,Q2_NW,4,8,152,202.0,0.7525,7.822
train,without_mine,best 1200,1200,80,0,expander,attack,friendly,Q3_NE,0.270984,2.695054,chosen_action,,0.0,0.18,0.273171,0.419445,0.509916,0.0,2.695054,cash_in,cash_in,,,0,0,0,0.0,0.0,0.0
train,without_mine,best 1200,1200,80,0,expander,attack,friendly,Q3_NE,0.346221,2.227445,chosen_action,,0.0,0.0,0.0,0.28745,0.398196,0.0,2.227445,cash_in,cash_in,,,0,0,0,0.0,0.0,0.0
train,without_mine,best 1039,best,40,1,expander,expansion,friendly,Q0_SE,0.872089,1.788921,chosen_action,,0.0,0.111777,0.117996,0.166335,0.28868,0.0,1.788921,neutral,neutral,,,0,0,0,0.0,0.0,0.0
train,without_mine,best 1039,best,60,1,expander,established,friendly,Q3_NE,0.907631,1.529131,chosen_action,,0.0,0.0,0.161174,0.087279,0.236787,0.0,1.529131,neutral,neutral,,,0,0,0,0.0,0.0,0.0
train,without_mine,best 1039,1039,60,0,expander,expansion,neutral,Q2_NW,0.308647,2.544178,chosen_action,,0.0,0.081421,0.369581,0.352167,0.51776,0.0,2.544178,cash_in,cash_in,,,0,0,0,0.0,0.0,0.0
train,without_mine,best 1039,1039,80,0,attacker,attack,enemy,Q3_NE,0.509745,3.416059,chosen_action,,0.0,0.0,0.0,0.453135,0.24336,0.0,3.416059,chasing_leader,leader_target,,,0,0,0,0.0,0.0,0.0
train,without_mine,best 1039,1039,90,0,feeder,attack,neutral,Q0_SE,0.165483,2.154977,chosen_action,,0.0,0.18,0.4,0.225705,0.454284,0.0,2.154977,cash_in,cash_in,,,0,0,0,0.0,0.0,0.0
train,without_mine,best 1039,best,100,1,expander,attack,enemy,Q3_NE,1.0,2.666254,chosen_action,,0.0,0.0,0.0,0.250683,0.34416,0.0,2.666254,chasing_leader,leader_target,,,0,0,0,0.0,0.0,0.0
train,without_mine,best 1039,best,100,1,expander,established,friendly,Q3_NE,0.603549,1.559965,chosen_action,,0.0,0.18,0.009222,0.094539,0.24672,0.0,1.559965,neutral,neutral,,,0,0,0,0.0,0.0,0.0
train,without_mine,intruder 1039,intruder,0,1,anchor,initiation,neutral,Q0_SE,0.618065,2.055741,chosen_action,,0.0,0.174122,0.065256,0.166135,0.48668,0.0,2.055741,neutral,neutral,,,0,0,0,0.0,0.0,0.0
train,without_mine,intruder 1039,1039,0,0,anchor,initiation,neutral,Q2_NW,0.233567,2.055741,chosen_action,,0.0,0.174122,0.065256,0.166135,0.48668,0.0,2.055741,neutral,neutral,,,0,0,0,0.0,0.0,0.0
train,without_mine,intruder 1039,intruder,20,1,anchor,established,neutral,Q3_NE,0.212321,1.838299,chosen_action,,0.0,0.18,0.29658,0.143629,0.365622,0.0,1.838299,neutral,neutral,,,0,0,0,0.0,0.0,0.0
train,without_mine,intruder 1039,1039,20,0,feeder,established,neutral,Q3_NE,0.383578,3.528071,chosen_action,,0.0,0.18,0.107028,0.404605,0.48668,1.0,3.528071,cash_in,cash_in,,,0,0,0,0.0,0.0,0.0
train,without_mine,intruder 1039,1039,30,0,attacker,established,neutral,Q1_SW,0.278845,2.090727,chosen_action,,0.0,0.18,0.135664,0.172637,0.501036,0.0,2.090727,cash_in,cash_in,,,0,0,0,0.0,0.0,0.0
train,without_mine,intruder 1039,1039,60,0,expander,attack,neutral,Q3_NE,0.165471,1.521448,chosen_action,,0.0,0.142184,0.088259,0.098358,0.2114,0.0,1.521448,neutral,neutral,,,0,0,0,0.0,0.0,0.0
train,without_mine,intruder 1039,intruder,70,1,expander,attack,enemy,Q2_NW,1.0,2.951161,chosen_action,,0.0,0.087537,0.023528,0.302564,0.462969,0.0,2.951161,cash_in,cash_in,,,0,0,0,0.0,0.0,0.0
train,without_mine,intruder 1039,intruder,70,1,expander,attack,friendly,Q3_NE,1.0,1.791982,chosen_action,,0.0,0.0,0.015379,0.16698,0.2898,0.0,1.791982,neutral,neutral,,,0,0,0,0.0,0.0,0.0
train,without_mine,intruder 1039,intruder,70,1,expander,attack,friendly,Q0_SE,0.167374,1.909058,chosen_action,,0.95,0.0,0.0,0.191664,0.33264,0.0,1.909058,neutral,neutral,,,0,0,0,0.0,0.0,0.0
train,without_mine,intruder 1039,intruder,80,1,expander,attack,friendly,Q0_SE,0.122966,1.730001,chosen_action,,0.95,0.0,0.021289,0.153912,0.26712,0.0,1.730001,neutral,neutral,,,0,0,0,0.0,0.0,0.0
train,without_mine,intruder 1039,1039,80,0,expander,attack,enemy,Q1_SW,0.430454,4.355666,chosen_action,,0.95,0.18,0.4,0.68175,0.532938,0.0,4.355666,overtake_window,overtake_window,,,0,0,0,0.0,0.0,0.0
train,without_mine,intruder 1039,1039,80,0,expander,attack,friendly,Q1_SW,0.211307,1.736152,chosen_action,,0.0,0.18,0.238418,0.158175,0.264098,0.0,1.736152,neutral,neutral,,,0,0,0,0.0,0.0,0.0
train,without_mine,intruder 1039,1039,80,0,expander,attack,friendly,Q2_NW,0.152396,1.520347,chosen_action,,0.0,0.18,0.110231,0.146881,0.12432,0.0,1.520347,neutral,neutral,,,0,0,0,0.0,0.0,0.0
train,without_mine,intruder 1039,intruder,100,1,expander,established,friendly,Q3_NE,1.0,1.783403,chosen_action,,0.0,0.0,0.0,0.141648,0.32848,0.0,1.783403,neutral,neutral,,,0,0,0,0.0,0.0,0.0
train,without_mine,intruder 1200,intruder,40,1,attacker,established,neutral,Q1_SW,0.831088,1.789452,chosen_action,,0.0,0.18,0.091972,0.109991,0.38924,0.0,1.789452,cash_in,cash_in,,,0,0,0,0.0,0.0,0.0
train,without_mine,intruder 1200,intruder,40,1,expander,established,neutral,Q2_NW,0.123911,1.950649,chosen_action,,0.95,0.18,0.162182,0.142091,0.451578,0.0,1.950649,cash_in,cash_in,,,0,0,0,0.0,0.0,0.0
train,without_mine,intruder 1200,1200,50,0,feeder,attack,friendly,Q2_NW,0.287878,1.766072,chosen_action,,0.0,0.0,0.051829,0.181362,0.24504,0.0,1.766072,neutral,neutral,,,0,0,0,0.0,0.0,0.0
train,without_mine,intruder 1200,intruder,60,1,expander,established,friendly,Q0_SE,0.873018,1.293837,chosen_action,,0.0,0.088176,0.076745,0.061952,0.10752,0.0,1.293837,neutral,neutral,,,0,0,0,0.0,0.0,0.0
train,without_mine,intruder 1200,intruder,70,1,expander,attack,enemy,Q2_NW,1.0,2.64256,chosen_action,,0.0,0.0,0.0,0.243985,0.338516,0.0,2.64256,pressured,concentrated_inbound,20,Q1_SW,2,2,41,45.0,0.9111,7.995
train,without_mine,intruder 1200,intruder,70,1,expander,attack,friendly,Q1_SW,1.0,1.433868,chosen_action,,0.0,0.0,0.00993,0.091476,0.15876,0.0,1.433868,pressured,concentrated_inbound,20,Q1_SW,2,2,41,45.0,0.9111,7.995
train,without_mine,intruder 1200,intruder,70,1,expander,attack,friendly,Q1_SW,1.0,1.433868,chosen_action,,0.0,0.0,0.0,0.091476,0.15876,0.0,1.433868,pressured,concentrated_inbound,20,Q1_SW,2,2,41,45.0,0.9111,7.995
train,without_mine,intruder 1200,intruder,70,1,expander,attack,friendly,Q1_SW,0.438092,1.433868,chosen_action,,0.0,0.18,0.157928,0.091476,0.15876,0.0,1.433868,pressured,concentrated_inbound,20,Q1_SW,2,2,41,45.0,0.9111,7.995
train,without_mine,intruder 1200,1200,70,0,expander,attack,enemy,Q2_NW,0.395483,3.313214,chosen_action,,0.0,0.18,0.04199,0.460705,0.15372,0.0,3.313214,pressured,concentrated_inbound,26,Q3_NE,2,2,61,29.0,2.1034,3.624
train,without_mine,intruder 1200,intruder,80,1,expander,attack,friendly,Q3_NE,0.908525,1.5416,chosen_action,,0.0,0.0,0.161875,0.090667,0.24,0.0,1.5416,pressured,concentrated_inbound,26,Q3_NE,2,4,70,70.0,1.0,2.447
train,without_mine,intruder 1200,intruder,80,1,expander,attack,friendly,Q0_SE,1.0,1.420095,chosen_action,,0.0,0.0,0.0,0.088572,0.15372,0.0,1.420095,pressured,concentrated_inbound,26,Q3_NE,2,4,70,70.0,1.0,2.447
train,without_mine,intruder 1200,1200,80,0,feeder,attack,enemy,Q2_NW,0.523743,3.523878,chosen_action,,0.0,0.0,0.0,0.472016,0.289658,0.0,3.523878,chasing_leader,leader_target,,,0,0,0,0.0,0.0,0.0
train,without_mine,best intruder 1200 1039,1200,0,0,anchor,initiation,neutral,Q3_NE,0.253982,2.236328,chosen_action,,0.0,0.18,0.073889,0.204209,0.55276,0.0,2.236328,neutral,neutral,,,0,0,0,0.0,0.0,0.0
train,without_mine,best intruder 1200 1039,1039,0,0,anchor,initiation,neutral,Q2_NW,0.253982,2.236328,chosen_action,,0.0,0.18,0.073889,0.204209,0.55276,0.0,2.236328,neutral,neutral,,,0,0,0,0.0,0.0,0.0
train,without_mine,best intruder 1200 1039,1200,10,0,anchor,initiation,neutral,Q1_SW,0.308304,3.48172,chosen_action,,0.0,0.18,0.334245,0.462923,0.570893,0.666667,3.48172,neutral,neutral,,,0,0,0,0.0,0.0,0.0
train,without_mine,best intruder 1200 1039,1039,10,0,anchor,initiation,neutral,Q2_NW,0.354125,3.437528,chosen_action,,0.0,0.18,0.282254,0.454709,0.55276,0.666667,3.437528,neutral,neutral,,,0,0,0,0.0,0.0,0.0
train,without_mine,best intruder 1200 1039,1039,20,0,anchor,attack,neutral,Q2_NW,0.425623,2.872493,chosen_action,,0.0,0.0,0.025586,0.2796,0.44552,0.666667,2.872493,cash_in,cash_in,,,0,0,0,0.0,0.0,0.0
train,without_mine,best intruder 1200 1039,1039,20,0,feeder,attack,neutral,Q1_SW,0.300314,3.222646,chosen_action,,0.0,0.18,0.358327,0.352,0.576182,0.666667,3.222646,cash_in,cash_in,,,0,0,0,0.0,0.0,0.0
train,without_mine,best intruder 1200 1039,best,50,1,battery,attack,friendly,Q1_SW,1.0,1.679336,chosen_action,,0.0,0.0,0.0,0.119707,0.2904,0.0,1.679336,pressured,concentrated_inbound,10,Q3_NE,4,6,128,108.0,1.1852,6.073
train,without_mine,best intruder 1200 1039,intruder,50,0,attacker,attack,friendly,Q2_NW,0.327696,1.994603,chosen_action,,0.0,0.0,0.0,0.24587,0.29964,0.0,1.994603,pressured,concentrated_inbound,7,Q2_NW,2,2,92,92.0,1.0,1.587
train,without_mine,best intruder 1200 1039,1200,50,0,feeder,attack,enemy,Q2_NW,0.250306,2.229373,chosen_action,,0.0,0.18,0.019099,0.289504,0.395973,0.0,2.229373,pressured,concentrated_inbound,23,Q3_NE,2,2,108,66.0,1.6364,3.773
train,without_mine,best intruder 1200 1039,1200,50,0,sweeper,attack,enemy,Q1_SW,0.376395,3.935263,chosen_action,,0.95,0.18,0.032595,0.582022,0.398822,0.0,3.935263,pressured,concentrated_inbound,23,Q3_NE,2,2,108,66.0,1.6364,3.773
train,without_mine,best intruder 1200 1039,1200,50,0,attacker,attack,neutral,Q3_NE,0.244484,1.6699,chosen_action,,0.0,0.18,0.033645,0.10538,0.30888,0.0,1.6699,pressured,concentrated_inbound,23,Q3_NE,2,2,108,66.0,1.6364,3.773
train,without_mine,best intruder 1200 1039,1200,50,0,feeder,attack,friendly,Q3_NE,0.233813,1.857484,chosen_action,,0.0,0.101872,0.0,0.207165,0.26688,0.0,1.857484,pressured,concentrated_inbound,23,Q3_NE,2,2,108,66.0,1.6364,3.773
train,without_mine,best intruder 1200 1039,best,60,1,battery,established,friendly,Q1_SW,1.0,1.573738,chosen_action,,0.0,0.0,0.0,0.097443,0.25176,0.0,1.573738,neutral,neutral,,,0,0,0,0.0,0.0,0.0
train,without_mine,best intruder 1200 1039,1200,60,0,sweeper,attack,neutral,Q1_SW,0.092903,1.716456,chosen_action,,0.95,0.18,0.060569,0.131211,0.297444,0.0,1.716456,neutral,neutral,,,0,0,0,0.0,0.0,0.0
train,without_mine,best intruder 1200 1039,best,70,1,expander,attack,enemy,Q3_NE,0.977281,1.840246,chosen_action,,0.0,0.0,0.13172,0.151563,0.35296,0.0,1.840246,cash_in,cash_in,,,0,0,0,0.0,0.0,0.0
train,without_mine,best intruder 1200 1039,best,70,1,sweeper,established,friendly,Q1_SW,1.0,1.569912,chosen_action,,0.0,0.0,0.0,0.096636,0.25036,0.0,1.569912,neutral,neutral,,,0,0,0,0.0,0.0,0.0
train,without_mine,best intruder 1200 1039,intruder,70,0,anchor,attack,friendly,Q2_NW,0.335322,2.110626,chosen_action,,0.0,0.0,0.0,0.278621,0.32736,0.0,2.110626,neutral,neutral,,,0,0,0,0.0,0.0,0.0
train,without_mine,best intruder 1200 1039,1200,70,0,anchor,expansion,friendly,Q3_NE,0.204119,2.348849,chosen_action,,0.0,0.139545,0.4,0.257606,0.31896,0.333333,2.348849,neutral,neutral,,,0,0,0,0.0,0.0,0.0
train,without_mine,best intruder 1200 1039,1200,70,0,expander,expansion,enemy,Q0_SE,0.507104,4.108005,chosen_action,,0.0,0.18,0.25515,0.51331,0.426711,0.333333,4.108005,cash_in,cash_in,,,0,0,0,0.0,0.0,0.0
train,without_mine,best intruder 1200 1039,best,80,1,battery,attack,friendly,Q3_NE,1.0,1.88594,chosen_action,,0.0,0.0,0.0,0.163267,0.366,0.0,1.88594,pressured,concentrated_inbound,2,Q3_NE,3,4,129,111.0,1.1622,5.431
train,without_mine,best intruder 1200 1039,intruder,80,0,anchor,attack,friendly,Q2_NW,0.327538,2.184446,chosen_action,,0.0,0.016897,0.0,0.292002,0.358253,0.0,2.184446,cash_in,cash_in,,,0,0,0,0.0,0.0,0.0
train,without_mine,best intruder 1200 1039,1200,80,0,expander,expansion,neutral,Q2_NW,0.234121,1.890889,chosen_action,,0.0,0.18,0.226484,0.168376,0.360582,0.0,1.890889,pressured,concentrated_inbound,23,Q0_SE,2,2,108,69.0,1.5652,6.007
train,without_mine,best intruder,best,20,1,anchor,expansion,neutral,Q3_NE,0.385887,1.532506,chosen_action,,0.0,0.18,0.163527,0.07934,0.2534,0.0,1.532506,neutral,neutral,,,0,0,0,0.0,0.0,0.0
train,without_mine,best intruder,intruder,20,0,anchor,expansion,neutral,Q1_SW,0.132709,1.532506,chosen_action,,0.0,0.18,0.163527,0.07934,0.2534,0.0,1.532506,neutral,neutral,,,0,0,0,0.0,0.0,0.0
train,without_mine,best intruder,best,30,1,expander,expansion,neutral,Q1_SW,1.0,1.947848,chosen_action,,0.0,0.0,0.0,0.143387,0.4472,0.0,1.947848,cash_in,cash_in,,,0,0,0,0.0,0.0,0.0
train,without_mine,best intruder,best,30,1,expander,expansion,unknown,unknown,0.565147,1.0,chosen_action,,0.0,0.18,0.074853,0.0,0.0,0.0,1.0,neutral,neutral,,,0,0,0,0.0,0.0,0.0
train,without_mine,best intruder,intruder,30,0,expander,expansion,neutral,Q3_NE,0.48163,3.312795,chosen_action,,0.0,0.0,0.0,0.337115,0.4472,1.0,3.312795,cash_in,cash_in,,,0,0,0,0.0,0.0,0.0
train,without_mine,best intruder,intruder,30,0,expander,expansion,unknown,unknown,0.113029,1.0,chosen_action,,0.0,0.18,0.074853,0.0,0.0,0.0,1.0,neutral,neutral,,,0,0,0,0.0,0.0,0.0
train,without_mine,best intruder,best,40,1,anchor,expansion,friendly,Q0_SE,0.639252,1.738418,chosen_action,,0.0,0.091298,0.091624,0.155687,0.2702,0.0,1.738418,neutral,neutral,,,0,0,0,0.0,0.0,0.0
train,without_mine,best intruder,best,40,1,expander,expansion,neutral,Q0_SE,0.793955,1.862911,chosen_action,,0.0,0.18,0.13859,0.125479,0.41612,0.0,1.862911,cash_in,cash_in,,,0,0,0,0.0,0.0,0.0
train,without_mine,best intruder,intruder,40,0,anchor,expansion,friendly,Q2_NW,0.359802,3.083841,chosen_action,,0.0,0.091298,0.091624,0.34128,0.2702,1.0,3.083841,neutral,neutral,,,0,0,0,0.0,0.0,0.0
train,without_mine,best intruder,intruder,40,0,expander,expansion,neutral,Q2_NW,0.404505,3.208334,chosen_action,,0.0,0.18,0.13859,0.311072,0.41612,1.0,3.208334,cash_in,cash_in,,,0,0,0,0.0,0.0,0.0
train,without_mine,best intruder,intruder,50,0,expander,expansion,enemy,Q1_SW,0.376379,2.353621,chosen_action,,0.0,0.0,0.0,0.205209,0.193422,0.0,2.353621,chasing_leader,leader_target,,,0,0,0,0.0,0.0,0.0
train,without_mine,best intruder,intruder,50,0,expander,expansion,friendly,Q2_NW,0.229694,1.280063,chosen_action,,0.0,0.0,0.032335,0.059048,0.10248,0.0,1.280063,neutral,neutral,,,0,0,0,0.0,0.0,0.0
train,without_mine,best intruder,intruder,60,0,expander,expansion,neutral,Q2_NW,0.140466,1.500368,chosen_action,,0.0,0.18,0.163994,0.072564,0.24164,0.0,1.500368,neutral,neutral,,,0,0,0,0.0,0.0,0.0
train,without_mine,best intruder,intruder,70,0,expander,expansion,friendly,Q2_NW,0.235869,1.710124,chosen_action,,0.0,0.18,0.101477,0.125945,0.302116,0.0,1.710124,pressured,concentrated_inbound,23,Q0_SE,2,2,53,25.0,2.12,0.0
train,without_mine,best intruder,best,80,1,expander,expansion,friendly,Q2_NW,0.734644,1.877049,chosen_action,,0.0,0.18,0.199123,0.158632,0.367653,0.0,1.877049,pressured,concentrated_inbound,19,Q2_NW,2,3,157,71.0,2.2113,7.713
train,without_mine,best intruder,best,80,1,expander,expansion,neutral,Q0_SE,0.742069,1.862911,chosen_action,,0.0,0.18,0.190477,0.125479,0.41612,0.0,1.862911,pressured,concentrated_inbound,19,Q2_NW,2,3,157,71.0,2.2113,7.713
train,without_mine,best intruder,best,90,1,expander,expansion,friendly,Q1_SW,0.746332,1.738418,chosen_action,,0.0,0.06166,0.08247,0.155687,0.2702,0.0,1.738418,neutral,neutral,,,0,0,0,0.0,0.0,0.0
train,without_mine,best intruder,best,90,1,expander,expansion,neutral,Q0_SE,0.966137,2.123079,chosen_action,,0.0,0.18,0.0,0.180332,0.51132,0.0,2.123079,cash_in,cash_in,,,0,0,0,0.0,0.0,0.0
train,without_mine,best intruder,intruder,90,0,anchor,expansion,friendly,Q3_NE,0.350123,3.229459,chosen_action,,0.0,0.18,0.135493,0.401954,0.2702,1.0,3.229459,neutral,neutral,,,0,0,0,0.0,0.0,0.0
train,without_mine,best intruder,intruder,90,0,expander,expansion,neutral,Q2_NW,0.484017,3.614119,chosen_action,,0.0,0.18,0.0,0.426599,0.51132,1.0,3.614119,cash_in,cash_in,,,0,0,0,0.0,0.0,0.0
train,without_mine,best intruder,best,100,1,expander,expansion,friendly,Q1_SW,1.0,1.312202,chosen_action,,0.0,0.0,0.010268,0.065824,0.11424,0.0,1.312202,neutral,neutral,,,0,0,0,0.0,0.0,0.0
train,without_mine,best intruder,intruder,100,0,expander,expansion,friendly,Q3_NE,0.398314,2.705187,chosen_action,,0.0,0.0,0.018242,0.269817,0.11676,1.0,2.705187,neutral,neutral,,,0,0,0,0.0,0.0,0.0
train,without_mine,best intruder,intruder,100,0,anchor,expansion,enemy,Q2_NW,0.531665,4.77613,chosen_action,,0.0,0.18,0.163328,0.590983,0.339089,1.0,4.77613,overtake_window,overtake_window,,,0,0,0,0.0,0.0,0.0
train,without_mine,best intruder,intruder,100,0,expander,expansion,enemy,Q2_NW,0.436147,4.32007,chosen_action,,0.0,0.18,0.166495,0.494828,0.172209,1.0,4.32007,chasing_leader,leader_target,,,0,0,0,0.0,0.0,0.0
train,without_mine,best intruder,best,110,1,expander,expansion,neutral,Q1_SW,0.953494,3.266499,chosen_action,,0.0,0.18,0.142,0.335307,0.41612,1.0,3.266499,cash_in,cash_in,,,0,0,0,0.0,0.0,0.0
train,without_mine,best intruder,intruder,110,0,expander,expansion,friendly,Q3_NE,0.203778,1.738418,chosen_action,,0.0,0.092424,0.0896,0.155687,0.2702,0.0,1.738418,neutral,neutral,,,0,0,0,0.0,0.0,0.0
train,without_mine,best intruder,intruder,110,0,expander,expansion,neutral,Q3_NE,0.248145,1.862911,chosen_action,,0.0,0.18,0.142,0.125479,0.41612,0.0,1.862911,cash_in,cash_in,,,0,0,0,0.0,0.0,0.0
train,without_mine,best intruder,best,140,1,expander,expansion,neutral,Q2_NW,0.6075,1.914468,chosen_action,,0.0,0.18,0.331728,0.135061,0.437276,0.0,1.914468,cash_in,cash_in,,,0,0,0,0.0,0.0,0.0
train,without_mine,best intruder,best,140,1,expander,expansion,friendly,Q2_NW,0.255177,1.389011,chosen_action,,0.0,0.18,0.335076,0.08073,0.144636,0.0,1.389011,neutral,neutral,,,0,0,0,0.0,0.0,0.0
train,without_mine,best intruder,intruder,140,0,expander,expansion,enemy,Q3_NE,0.578814,3.955534,chosen_action,,0.0,0.0,0.0,0.596201,0.388631,0.0,3.955534,overtake_window,overtake_window,,,0,0,0,0.0,0.0,0.0
train,without_mine,best intruder,best,160,1,expander,expansion,enemy,Q1_SW,0.919085,2.73911,chosen_action,,0.0,0.02901,0.145955,0.289567,0.329,0.0,2.73911,chasing_leader,leader_target,,,0,0,0,0.0,0.0,0.0
train,without_mine,best intruder,best,170,1,expander,expansion,neutral,Q3_NE,0.054594,1.417726,chosen_action,,0.95,0.18,0.196609,0.05514,0.2114,0.0,1.417726,neutral,neutral,,,0,0,0,0.0,0.0,0.0
train,without_mine,best intruder,intruder,170,0,expander,expansion,enemy,Q0_SE,0.548774,3.722438,chosen_action,,0.0,0.0,0.0,0.544203,0.308409,0.0,3.722438,chasing_leader,leader_target,,,0,0,0,0.0,0.0,0.0
train,without_mine,intruder smith,smith,0,0,expander,initiation,neutral,Q0_SE,0.152616,2.173176,chosen_action,,0.95,0.18,0.223259,0.190388,0.530551,0.0,2.173176,neutral,neutral,,,0,0,0,0.0,0.0,0.0
train,without_mine,intruder smith,intruder,10,1,expander,expansion,neutral,Q3_NE,0.818199,1.977087,chosen_action,,0.0,0.18,0.128618,0.173075,0.41608,0.0,1.977087,cash_in,cash_in,,,0,0,0,0.0,0.0,0.0
train,without_mine,intruder smith,intruder,30,1,expander,attack,friendly,Q3_NE,0.936131,1.845645,chosen_action,,0.0,0.072507,0.100596,0.175902,0.313689,0.0,1.845645,neutral,neutral,,,0,0,0,0.0,0.0,0.0
train,without_mine,intruder smith,intruder,30,1,expander,attack,unknown,unknown,0.543106,1.0,chosen_action,,0.0,0.18,0.096894,0.0,0.0,0.0,1.0,neutral,neutral,,,0,0,0,0.0,0.0,0.0
train,without_mine,intruder smith,intruder,40,1,expander,established,neutral,Q0_SE,1.0,1.948613,chosen_action,,0.0,0.107716,0.0,0.143548,0.44748,0.0,1.948613,cash_in,cash_in,,,0,0,0,0.0,0.0,0.0
train,without_mine,intruder smith,intruder,40,1,expander,established,friendly,Q3_NE,0.920802,1.647683,chosen_action,,0.0,0.0,0.163387,0.108433,0.286996,0.0,1.647683,neutral,neutral,,,0,0,0,0.0,0.0,0.0
train,without_mine,intruder smith,smith,40,0,attacker,attack,enemy,Q3_NE,0.456339,3.243042,chosen_action,,0.0,0.052749,0.104352,0.398999,0.21144,0.0,3.243042,chasing_leader,leader_target,,,0,0,0,0.0,0.0,0.0
train,without_mine,intruder smith,intruder,50,1,expander,established,unknown,unknown,0.553972,1.0,chosen_action,,0.0,0.18,0.086028,0.0,0.0,0.0,1.0,pressured,concentrated_inbound,14,Q3_NE,2,4,70,37.0,1.8919,3.421
train,without_mine,intruder smith,intruder,50,1,expander,established,friendly,Q3_NE,0.80509,1.776351,chosen_action,,0.0,0.18,0.115647,0.138827,0.328271,0.0,1.776351,pressured,concentrated_inbound,14,Q3_NE,2,4,70,37.0,1.8919,3.421
train,without_mine,intruder smith,intruder,50,1,expander,established,neutral,Q2_NW,0.131188,2.005708,chosen_action,,0.95,0.18,0.258841,0.145328,0.486609,0.0,2.005708,pressured,concentrated_inbound,14,Q3_NE,2,4,70,37.0,1.8919,3.421
train,without_mine,intruder smith,intruder,60,1,expander,established,friendly,Q3_NE,1.0,1.826254,chosen_action,,0.0,0.037834,0.065849,0.150683,0.34416,0.0,1.826254,pressured,concentrated_inbound,16,Q1_SW,4,5,126,129.0,0.9767,6.139
train,without_mine,intruder smith,smith,60,0,attacker,attack,enemy,Q3_NE,0.583059,4.156689,chosen_action,,0.0,0.10648,0.0,0.660193,0.423871,0.0,4.156689,overtake_window,overtake_window,,,0,0,0,0.0,0.0,0.0
train,without_mine,intruder smith,intruder,70,1,feeder,established,friendly,Q2_NW,0.634962,1.766356,chosen_action,,0.0,0.18,0.00409,0.156425,0.289582,0.0,1.766356,pressured,concentrated_inbound,16,Q2_NW,2,2,30,44.0,0.6818,8.722
train,without_mine,intruder smith,intruder,70,1,expander,established,friendly,Q0_SE,0.98034,1.706883,chosen_action,,0.0,0.0,0.084448,0.125515,0.30048,0.0,1.706883,pressured,concentrated_inbound,16,Q2_NW,2,2,30,44.0,0.6818,8.722
train,without_mine,intruder smith,smith,70,0,expander,attack,friendly,Q2_NW,0.240236,1.904362,chosen_action,,0.0,0.18,0.199686,0.220398,0.27808,0.0,1.904362,neutral,neutral,,,0,0,0,0.0,0.0,0.0
train,without_mine,intruder smith,smith,70,0,expander,attack,neutral,Q0_SE,0.278543,2.820716,chosen_action,,0.0,0.18,0.080559,0.405371,0.628018,0.0,2.820716,cash_in,cash_in,,,0,0,0,0.0,0.0,0.0
train,without_mine,intruder smith,intruder,80,1,expander,attack,friendly,Q1_SW,1.0,1.801768,chosen_action,,0.0,0.020969,0.007698,0.14552,0.3352,0.0,1.801768,neutral,neutral,,,0,0,0,0.0,0.0,0.0
train,without_mine,intruder smith,intruder,80,1,expander,attack,friendly,Q2_NW,0.591049,1.775148,chosen_action,,0.0,0.18,0.049036,0.163431,0.28364,0.0,1.775148,neutral,neutral,,,0,0,0,0.0,0.0,0.0
train,without_mine,best smith,best,30,1,expander,expansion,neutral,Q0_SE,1.0,1.54628,chosen_action,,0.0,0.0,0.026612,0.082244,0.25844,0.0,1.54628,neutral,neutral,,,0,0,0,0.0,0.0,0.0
train,without_mine,best smith,best,40,1,expander,expansion,neutral,Q1_SW,0.911763,1.37411,chosen_action,,0.0,0.0,0.1372,0.045944,0.19544,0.0,1.37411,neutral,neutral,,,0,0,0,0.0,0.0,0.0
train,without_mine,best smith,smith,40,0,expander,established,neutral,Q2_NW,0.275539,1.718336,chosen_action,,0.0,0.022873,0.062932,0.153934,0.25844,0.0,1.718336,neutral,neutral,,,0,0,0,0.0,0.0,0.0
train,without_mine,best smith,best,50,1,expander,expansion,enemy,Q3_NE,0.751619,2.776609,chosen_action,,0.0,0.18,0.299371,0.294529,0.347956,0.0,2.776609,chasing_leader,leader_target,,,0,0,0,0.0,0.0,0.0
train,without_mine,best smith,best,50,1,expander,expansion,friendly,Q0_SE,0.884331,1.772852,chosen_action,,0.0,0.18,0.035457,0.162947,0.2828,0.0,1.772852,neutral,neutral,,,0,0,0,0.0,0.0,0.0
train,without_mine,best smith,smith,50,0,expander,attack,enemy,Q0_SE,0.383935,3.335193,chosen_action,,0.0,0.18,0.4,0.404558,0.269818,0.0,3.335193,chasing_leader,leader_target,,,0,0,0,0.0,0.0,0.0
train,without_mine,best smith,smith,50,0,expander,attack,enemy,Q1_SW,0.27858,2.924178,chosen_action,,0.0,0.18,0.141203,0.320149,0.115422,0.0,2.924178,chasing_leader,leader_target,,,0,0,0,0.0,0.0,0.0
train,without_mine,best smith,best,70,1,sweeper,expansion,enemy,Q2_NW,0.564974,2.606049,chosen_action,,0.0,0.18,0.124482,0.234217,0.328836,0.0,2.606049,chasing_leader,leader_target,,,0,0,0,0.0,0.0,0.0
train,without_mine,best smith,best,70,1,expander,expansion,enemy,Q3_NE,0.663338,2.753593,chosen_action,,0.0,0.18,0.045229,0.262289,0.388222,0.0,2.753593,cash_in,cash_in,,,0,0,0,0.0,0.0,0.0
train,without_mine,best smith,best,70,1,anchor,expansion,enemy,Q3_NE,0.511816,2.447675,chosen_action,,0.0,0.18,0.156781,0.221313,0.234462,0.0,2.447675,chasing_leader,leader_target,,,0,0,0,0.0,0.0,0.0
train,without_mine,best smith,smith,70,0,expander,attack,enemy,Q2_NW,0.36168,3.090113,chosen_action,,0.0,0.18,0.009253,0.390899,0.11256,0.0,3.090113,chasing_leader,leader_target,,,0,0,0,0.0,0.0,0.0
train,without_mine,best smith,best,80,1,expander,expansion,enemy,Q2_NW,0.997383,2.501736,chosen_action,,0.0,0.050954,0.147574,0.215996,0.28396,0.0,2.501736,pressured,concentrated_inbound,12,Q2_NW,2,2,49,55.0,0.8909,1.818
train,without_mine,best smith,best,80,1,expander,expansion,neutral,Q2_NW,1.0,2.058802,chosen_action,,0.0,0.0,0.0,0.16678,0.4878,0.0,2.058802,pressured,concentrated_inbound,12,Q2_NW,2,2,49,55.0,0.8909,1.818
train,without_mine,best smith,smith,80,0,expander,attack,enemy,Q1_SW,0.49178,4.597325,chosen_action,,0.0,0.18,0.181514,0.811381,0.481489,0.0,4.597325,pressured,concentrated_inbound,19,Q2_NW,2,2,73,40.0,1.825,1.709
train,without_mine,best smith,smith,80,0,expander,attack,enemy,Q0_SE,0.423412,2.983301,chosen_action,,0.0,0.0,0.155592,0.328824,0.143796,0.0,2.983301,pressured,concentrated_inbound,19,Q2_NW,2,2,73,40.0,1.825,1.709
train,without_mine,best smith,best,90,1,expander,attack,enemy,Q3_NE,1.0,2.417846,chosen_action,,0.0,0.0,0.0,0.194192,0.260582,0.0,2.417846,pressured,concentrated_inbound,34,Q2_NW,2,2,55,77.0,0.7143,6.099
train,without_mine,best smith,best,90,1,expander,attack,enemy,Q3_NE,0.552405,2.167787,chosen_action,,0.0,0.18,0.0,0.164993,0.127262,0.0,2.167787,pressured,concentrated_inbound,34,Q2_NW,2,2,55,77.0,0.7143,6.099
train,without_mine,best smith,best,100,1,feeder,established,friendly,Q0_SE,0.042682,1.330566,chosen_action,,0.95,0.18,0.0163,0.069696,0.12096,0.0,1.330566,pressured,concentrated_inbound,7,Q2_NW,2,2,57,88.0,0.6477,0.118
train,without_mine,best smith,smith,100,0,expander,attack,enemy,Q3_NE,0.517039,4.01287,chosen_action,,0.0,0.083568,0.0,0.679621,0.2828,0.0,4.01287,overtake_window,overtake_window,,,0,0,0,0.0,0.0,0.0
train,without_mine,best smith,best,110,1,expander,attack,enemy,Q3_NE,0.567655,2.282889,chosen_action,,0.0,0.18,0.0,0.169855,0.20388,0.0,2.282889,chasing_leader,leader_target,,,0,0,0,0.0,0.0,0.0
train,without_mine,best smith,best,110,1,expander,attack,enemy,Q3_NE,1.0,2.282889,chosen_action,,0.0,0.0,0.0,0.169855,0.20388,0.0,2.282889,chasing_leader,leader_target,,,0,0,0,0.0,0.0,0.0
train,without_mine,best intruder smith 1200,smith,30,0,attacker,attack,neutral,Q2_NW,0.321676,2.313105,chosen_action,,0.0,0.18,0.034052,0.196405,0.401284,0.333333,2.313105,cash_in,cash_in,,,0,0,0,0.0,0.0,0.0
train,without_mine,best intruder smith 1200,intruder,40,1,anchor,attack,neutral,Q0_SE,0.607479,2.418238,chosen_action,,0.0,0.18,0.050323,0.231497,0.416773,0.333333,2.418238,cash_in,cash_in,,,0,0,0,0.0,0.0,0.0
train,without_mine,best intruder smith 1200,smith,40,0,attacker,attack,enemy,Q2_NW,0.191882,1.696653,chosen_action,,0.0,0.104907,0.388096,0.12023,0.302298,0.0,1.696653,pressured,concentrated_inbound,14,Q3_NE,2,2,69,76.0,0.9079,0.032
train,without_mine,best intruder smith 1200,intruder,50,1,attacker,attack,enemy,Q0_SE,0.961749,2.093851,chosen_action,,0.0,0.18,0.0,0.204871,0.446044,0.0,2.093851,cash_in,cash_in,,,0,0,0,0.0,0.0,0.0
train,without_mine,best intruder smith 1200,1200,50,0,anchor,attack,enemy,Q3_NE,0.388208,3.421511,chosen_action,,0.0,0.18,0.029169,0.407981,0.327671,0.666667,3.421511,chasing_leader,leader_target,,,0,0,0,0.0,0.0,0.0
train,without_mine,best intruder smith 1200,1200,60,0,feeder,attack,neutral,Q2_NW,0.206112,1.78944,chosen_action,,0.0,0.18,0.021821,0.139123,0.33744,0.0,1.78944,neutral,neutral,,,0,0,0,0.0,0.0,0.0
train,without_mine,best intruder smith 1200,1200,60,0,expander,attack,neutral,Q2_NW,0.209308,1.78944,chosen_action,,0.0,0.18,0.00584,0.139123,0.33744,0.0,1.78944,neutral,neutral,,,0,0,0,0.0,0.0,0.0
train,without_mine,best intruder smith 1200,intruder,80,1,expander,attack,enemy,Q2_NW,1.0,2.502135,chosen_action,,0.0,0.0,0.0,0.213757,0.288236,0.0,2.502135,chasing_leader,leader_target,,,0,0,0,0.0,0.0,0.0
train,without_mine,best intruder smith 1200,smith,80,0,attacker,attack,friendly,Q3_NE,0.374124,2.676947,chosen_action,,0.0,0.18,0.0,0.340133,0.41528,0.333333,2.676947,cash_in,cash_in,,,0,0,0,0.0,0.0,0.0
train,without_mine,best intruder smith 1200,intruder,90,1,attacker,attack,friendly,Q2_NW,1.0,2.099768,chosen_action,,0.0,0.042405,0.0,0.206602,0.447351,0.0,2.099768,pressured,concentrated_inbound,15,Q2_NW,3,3,74,42.0,1.7619,4.053
train,without_mine,best intruder smith 1200,smith,90,0,anchor,attack,friendly,Q3_NE,0.2753,1.839905,chosen_action,,0.0,0.029691,0.0,0.202203,0.26268,0.0,1.839905,neutral,neutral,,,0,0,0,0.0,0.0,0.0
train,without_mine,best intruder smith 1200,1200,90,0,expander,expansion,enemy,Q3_NE,0.280799,2.86435,chosen_action,,0.0,0.18,0.29672,0.321876,0.290258,0.333333,2.86435,chasing_leader,leader_target,,,0,0,0,0.0,0.0,0.0
train,without_mine,best intruder smith 1200,intruder,110,1,attacker,attack,enemy,Q3_NE,0.906354,1.534946,chosen_action,,0.0,0.057685,0.105576,0.085607,0.244067,0.0,1.534946,neutral,neutral,,,0,0,0,0.0,0.0,0.0
train,without_mine,best intruder smith 1200,smith,110,0,anchor,attack,friendly,Q3_NE,0.326769,2.192,chosen_action,,0.0,0.011469,0.0,0.217367,0.274311,0.333333,2.192,pressured,concentrated_inbound,14,Q3_NE,2,3,67,75.0,0.8933,3.363
train,without_mine,best intruder smith 1200,1200,120,0,anchor,attack,neutral,Q1_SW,0.212118,2.061036,chosen_action,,0.0,0.18,0.027808,0.189601,0.448884,0.0,2.061036,cash_in,cash_in,,,0,0,0,0.0,0.0,0.0
train,without_mine,best intruder smith 1200,1200,130,0,attacker,attack,enemy,Q3_NE,0.21184,1.932305,chosen_action,,0.0,0.142588,0.397879,0.218698,0.3018,0.0,1.932305,neutral,neutral,,,0,0,0,0.0,0.0,0.0
train,without_mine,best intruder smith 1200,best,140,0,anchor,attack,enemy,Q1_SW,0.404295,3.5709,chosen_action,,0.0,0.18,0.029881,0.459096,0.347458,0.0,3.5709,chasing_leader,leader_target,,,0,0,0,0.0,0.0,0.0
train,without_mine,best intruder smith 1200,smith,140,0,anchor,initiation,enemy,Q3_NE,0.381181,3.055472,chosen_action,,0.0,0.059516,0.155468,0.327452,0.199693,0.0,3.055472,chasing_leader,leader_target,,,0,0,0,0.0,0.0,0.0
train,without_mine,best intruder smith 1200,1200,150,0,expander,expansion,enemy,Q3_NE,0.253328,2.095911,chosen_action,,0.0,0.042367,0.148987,0.17796,0.273191,0.333333,2.095911,neutral,neutral,,,0,0,0,0.0,0.0,0.0
train,without_mine,best intruder smith 1200,1200,150,0,anchor,expansion,friendly,Q2_NW,0.267573,2.507175,chosen_action,,0.0,0.18,0.143841,0.29743,0.36544,0.333333,2.507175,cash_in,cash_in,,,0,0,0,0.0,0.0,0.0
train,without_mine,best intruder smith 1200,intruder,170,1,expander,established,friendly,Q3_NE,0.652454,1.289246,chosen_action,,0.0,0.104892,0.0,0.060984,0.10584,0.0,1.289246,neutral,neutral,,,0,0,0,0.0,0.0,0.0
train,without_mine,best intruder smith 1200,intruder,180,1,attacker,attack,enemy,Q0_SE,1.0,2.436828,chosen_action,,0.0,0.025695,0.0,0.201046,0.262458,0.0,2.436828,pressured,concentrated_inbound,18,Q3_NE,2,2,139,205.0,0.678,0.97
train,without_mine,best intruder smith 1200,best,200,0,anchor,attack,enemy,Q2_NW,0.603347,5.282662,chosen_action,,0.0,0.18,0.027111,0.945941,0.749929,0.0,5.282662,overtake_window,overtake_window,,,0,0,0,0.0,0.0,0.0
train,without_mine,best intruder smith 1039,best,0,0,anchor,initiation,neutral,Q0_SE,0.190487,1.640238,chosen_action,,0.0,0.056929,0.215452,0.078531,0.33464,0.0,1.640238,neutral,neutral,,,0,0,0,0.0,0.0,0.0
train,without_mine,best intruder smith 1039,1039,0,0,anchor,initiation,neutral,Q1_SW,0.114706,1.531634,chosen_action,,0.0,0.18,0.25302,0.078719,0.253858,0.0,1.531634,neutral,neutral,,,0,0,0,0.0,0.0,0.0
train,without_mine,best intruder smith 1039,1039,20,0,expander,expansion,neutral,Q0_SE,0.238637,1.613094,chosen_action,,0.0,0.18,0.024106,0.114374,0.250813,0.0,1.613094,neutral,neutral,,,0,0,0,0.0,0.0,0.0
train,without_mine,best intruder smith 1039,intruder,30,0,expander,attack,friendly,Q1_SW,0.345388,2.169622,chosen_action,,0.0,0.0,0.0,0.19474,0.29796,0.333333,2.169622,neutral,neutral,,,0,0,0,0.0,0.0,0.0
train,without_mine,best intruder smith 1039,intruder,30,0,feeder,attack,friendly,Q1_SW,0.326027,2.169622,chosen_action,,0.0,0.008594,0.0,0.19474,0.29796,0.333333,2.169622,neutral,neutral,,,0,0,0,0.0,0.0,0.0
train,without_mine,best intruder smith 1039,intruder,40,0,feeder,attack,neutral,Q0_SE,0.261187,2.529031,chosen_action,,0.0,0.18,0.055257,0.248299,0.468973,0.333333,2.529031,cash_in,cash_in,,,0,0,0,0.0,0.0,0.0
train,without_mine,best intruder smith 1039,smith,40,1,expander,attack,enemy,Q0_SE,0.702565,3.651619,chosen_action,,0.0,0.18,0.03207,0.445717,0.208813,0.333333,3.651619,chasing_leader,leader_target,,,0,0,0,0.0,0.0,0.0
train,without_mine,best intruder smith 1039,1039,40,0,expander,attack,neutral,Q2_NW,0.324923,1.965233,chosen_action,,0.0,0.0,0.0,0.188745,0.37944,0.0,1.965233,cash_in,cash_in,,,0,0,0,0.0,0.0,0.0
train,without_mine,best intruder smith 1039,best,50,0,expander,attack,neutral,Q3_NE,0.333424,2.116664,chosen_action,,0.0,0.026684,0.0,0.173057,0.29728,0.333333,2.116664,pressured,concentrated_inbound,0,Q0_SE,2,2,58,84.0,0.6905,6.916
train,without_mine,best intruder smith 1039,best,50,0,anchor,attack,friendly,Q0_SE,0.296898,2.009369,chosen_action,,0.0,0.0,0.074259,0.1738,0.21648,0.333333,2.009369,pressured,concentrated_inbound,0,Q0_SE,2,2,58,84.0,0.6905,6.916
train,without_mine,best intruder smith 1039,intruder,50,0,attacker,attack,enemy,Q0_SE,0.312045,2.284389,chosen_action,,0.0,0.088975,0.149775,0.239517,0.303369,0.333333,2.284389,pressured,concentrated_inbound,24,Q1_SW,2,2,65,88.0,0.7386,3.987
train,without_mine,best intruder smith 1039,smith,50,1,expander,attack,enemy,Q2_NW,1.0,1.574078,chosen_action,,0.0,0.006341,0.060926,0.094294,0.257609,0.0,1.574078,neutral,neutral,,,0,0,0,0.0,0.0,0.0
train,without_mine,best intruder smith 1039,best,60,0,expander,attack,enemy,Q2_NW,0.197207,2.510809,chosen_action,,0.95,0.18,0.177625,0.211699,0.29832,0.0,2.510809,chasing_leader,leader_target,,,0,0,0,0.0,0.0,0.0
train,without_mine,best intruder smith 1039,intruder,60,0,expander,attack,neutral,Q3_NE,0.255737,1.748432,chosen_action,,0.0,0.18,0.026319,0.139527,0.306347,0.0,1.748432,pressured,concentrated_inbound,20,Q1_SW,3,3,122,57.0,2.1404,2.771
train,without_mine,best intruder smith 1039,smith,60,1,expander,attack,enemy,Q0_SE,0.693464,3.468885,chosen_action,,0.0,0.18,0.018021,0.384978,0.181436,0.333333,3.468885,chasing_leader,leader_target,,,0,0,0,0.0,0.0,0.0
train,without_mine,best intruder smith 1039,smith,60,1,expander,attack,enemy,Q1_SW,0.158142,2.26866,chosen_action,,0.95,0.18,0.018107,0.217291,0.331231,0.333333,2.26866,neutral,neutral,,,0,0,0,0.0,0.0,0.0
train,without_mine,best intruder smith 1039,intruder,70,0,expander,attack,neutral,Q1_SW,0.253045,1.454647,chosen_action,,0.0,0.029923,0.0,0.079501,0.19544,0.0,1.454647,pressured,concentrated_inbound,26,Q1_SW,2,2,169,20.0,8.45,2.604
train,without_mine,best intruder smith 1039,smith,70,1,expander,attack,enemy,Q2_NW,0.867495,2.210519,chosen_action,,0.0,0.18,0.110434,0.17368,0.143471,0.0,2.210519,pressured,concentrated_inbound,2,Q3_NE,2,2,50,88.0,0.5682,5.887
train,without_mine,best intruder smith 1039,best,80,0,attacker,attack,enemy,Q1_SW,0.403699,2.932606,chosen_action,,0.0,0.18,0.031667,0.415733,0.396182,0.0,2.932606,pressured,concentrated_inbound,0,Q0_SE,3,3,118,102.0,1.1569,8.783
train,without_mine,best intruder smith 1039,best,80,0,attacker,attack,neutral,Q0_SE,0.211911,1.5109,chosen_action,,0.0,0.18,0.091506,0.09538,0.20888,0.0,1.5109,pressured,concentrated_inbound,0,Q0_SE,3,3,118,102.0,1.1569,8.783
train,without_mine,best intruder smith 1039,best,80,0,anchor,attack,friendly,Q0_SE,0.312118,1.977023,chosen_action,,0.0,0.0,0.0,0.240908,0.29544,0.0,1.977023,pressured,concentrated_inbound,0,Q0_SE,3,3,118,102.0,1.1569,8.783
train,without_mine,best intruder smith 1039,intruder,80,0,feeder,attack,friendly,Q1_SW,0.330239,2.061404,chosen_action,,0.0,0.0,0.0,0.264727,0.3156,0.0,2.061404,neutral,neutral,,,0,0,0,0.0,0.0,0.0
train,without_mine,best intruder smith 1039,smith,80,1,attacker,attack,neutral,Q2_NW,0.919443,1.513954,chosen_action,,0.0,0.071791,0.075835,0.072852,0.251191,0.0,1.513954,neutral,neutral,,,0,0,0,0.0,0.0,0.0
train,without_mine,best intruder smith 1039,intruder,100,0,expander,attack,friendly,Q1_SW,0.273574,1.928236,chosen_action,,0.0,0.0,0.162459,0.151808,0.19548,0.333333,1.928236,pressured,concentrated_inbound,26,Q2_NW,2,2,64,38.0,1.6842,1.235
train,without_mine,best intruder smith 1039,intruder,100,0,anchor,attack,friendly,Q1_SW,0.365345,2.374601,chosen_action,,0.0,0.0,0.0,0.264083,0.32652,0.333333,2.374601,pressured,concentrated_inbound,26,Q2_NW,2,2,64,38.0,1.6842,1.235
train,without_mine,best intruder smith 1039,smith,100,1,expander,attack,neutral,Q0_SE,0.579684,1.885118,chosen_action,,0.0,0.18,0.01579,0.127102,0.429684,0.0,1.885118,cash_in,cash_in,,,0,0,0,0.0,0.0,0.0
train,without_mine,best intruder smith 1039,1039,100,0,expander,attack,enemy,Q3_NE,0.516739,3.959731,chosen_action,,0.0,0.18,0.135101,0.57693,0.426,0.0,3.959731,overtake_window,overtake_window,,,0,0,0,0.0,0.0,0.0
train,without_mine,best intruder smith 1039,best,110,0,expander,attack,enemy,Q0_SE,0.320354,2.217405,chosen_action,,0.0,0.051672,0.114782,0.267143,0.130564,0.0,2.217405,chasing_leader,leader_target,,,0,0,0,0.0,0.0,0.0
train,without_mine,best intruder smith 1039,smith,120,1,expander,attack,enemy,Q0_SE,1.0,2.608604,chosen_action,,0.0,0.18,0.01551,0.236642,0.326418,0.0,2.608604,chasing_leader,leader_target,,,0,0,0,0.0,0.0,0.0
train,without_mine,best intruder smith 1039,intruder,130,0,expander,attack,friendly,Q1_SW,0.270487,1.611374,chosen_action,,0.0,0.0,0.019306,0.137694,0.20808,0.0,1.611374,neutral,neutral,,,0,0,0,0.0,0.0,0.0
train,without_mine,best intruder smith 1039,1039,130,0,attacker,attack,enemy,Q1_SW,0.427666,2.914528,chosen_action,,0.0,0.078465,0.0,0.428883,0.359413,0.0,2.914528,pressured,concentrated_inbound,11,Q2_NW,2,2,49,17.0,2.8824,1.399
train,without_mine,best intruder smith 1039,intruder,140,0,expander,attack,friendly,Q0_SE,0.236566,1.659496,chosen_action,,0.0,0.170318,0.072088,0.144265,0.232044,0.0,1.659496,pressured,concentrated_inbound,28,Q0_SE,3,3,78,79.0,0.9873,4.054
train,without_mine,best intruder smith 1039,smith,140,1,expander,attack,enemy,Q2_NW,0.734791,1.549422,chosen_action,,0.0,0.058635,0.0,0.090706,0.245724,0.0,1.549422,neutral,neutral,,,0,0,0,0.0,0.0,0.0
train,without_mine,best intruder smith 1039,intruder,150,0,expander,attack,enemy,Q0_SE,0.337235,3.176605,chosen_action,,0.0,0.18,0.187474,0.407552,0.147022,0.0,3.176605,pressured,concentrated_inbound,0,Q0_SE,2,3,101,40.0,2.525,4.351
train,without_mine,best intruder smith 1039,intruder,150,0,feeder,attack,friendly,Q0_SE,0.335482,2.058963,chosen_action,,0.0,0.0,0.0,0.256137,0.329062,0.0,2.058963,pressured,concentrated_inbound,0,Q0_SE,2,3,101,40.0,2.525,4.351
train,without_mine,best intruder smith 1039,intruder,160,0,expander,attack,enemy,Q2_NW,0.423503,3.165891,chosen_action,,0.0,0.135175,0.137375,0.371935,0.202404,0.0,3.165891,chasing_leader,leader_target,,,0,0,0,0.0,0.0,0.0
train,without_mine,best intruder smith 1039,smith,160,1,expander,attack,friendly,Q3_NE,1.0,1.699996,chosen_action,,0.0,0.0,0.0,0.124063,0.29796,0.0,1.699996,neutral,neutral,,,0,0,0,0.0,0.0,0.0
train,without_mine,best intruder smith 1039,smith,160,1,feeder,attack,enemy,Q2_NW,0.43717,1.415401,chosen_action,,0.0,0.18,0.016533,0.084201,0.158013,0.0,1.415401,neutral,neutral,,,0,0,0,0.0,0.0,0.0
train,without_mine,best intruder smith 1039,smith,160,1,expander,attack,enemy,Q0_SE,1.0,2.324975,chosen_action,,0.0,0.097194,0.0,0.178728,0.21928,0.0,2.324975,chasing_leader,leader_target,,,0,0,0,0.0,0.0,0.0
train,without_mine,best intruder smith 1039,intruder,170,0,expander,attack,neutral,Q1_SW,0.210027,1.5109,chosen_action,,0.0,0.18,0.100928,0.09538,0.20888,0.0,1.5109,pressured,concentrated_inbound,8,Q0_SE,2,2,32,12.0,2.6667,1.84
train,without_mine,best intruder smith 1039,intruder,170,0,expander,attack,friendly,Q1_SW,0.303383,1.998119,chosen_action,,0.0,0.017237,0.0,0.246863,0.30048,0.0,1.998119,pressured,concentrated_inbound,8,Q0_SE,2,2,32,12.0,2.6667,1.84
train,without_mine,best intruder smith 1039,intruder,170,0,anchor,attack,friendly,Q1_SW,0.328145,1.998119,chosen_action,,0.0,0.0,0.0,0.246863,0.30048,0.0,1.998119,pressured,concentrated_inbound,8,Q0_SE,2,2,32,12.0,2.6667,1.84
train,without_mine,best intruder smith 1039,smith,170,1,sweeper,attack,enemy,Q0_SE,1.0,2.53311,chosen_action,,0.0,0.039242,0.0,0.222611,0.29544,0.0,2.53311,pressured,concentrated_inbound,20,Q0_SE,2,2,108,29.0,3.7241,1.894
train,without_mine,best intruder smith 1039,smith,180,1,expander,established,neutral,Q2_NW,0.823008,1.410839,chosen_action,,0.0,0.18,0.050697,0.053688,0.20888,0.0,1.410839,neutral,neutral,,,0,0,0,0.0,0.0,0.0
train,without_mine,best intruder smith 1039,smith,190,1,expander,attack,enemy,Q2_NW,1.0,2.546883,chosen_action,,0.0,0.0,0.0,0.225515,0.30048,0.0,2.546883,chasing_leader,leader_target,,,0,0,0,0.0,0.0,0.0
train,without_mine,best intruder smith 1039,intruder,200,0,anchor,attack,friendly,Q1_SW,0.324105,1.966476,chosen_action,,0.0,0.0,0.0,0.237931,0.29292,0.0,1.966476,neutral,neutral,,,0,0,0,0.0,0.0,0.0
train,without_mine,best intruder smith 1039,smith,200,1,expander,attack,enemy,Q1_SW,0.90198,2.172905,chosen_action,,0.0,0.156705,0.094394,0.165428,0.13028,0.0,2.172905,chasing_leader,leader_target,,,0,0,0,0.0,0.0,0.0
train,without_mine,best intruder smith 1039,smith,200,1,expander,attack,enemy,Q1_SW,0.898578,2.172905,chosen_action,,0.0,0.18,0.074501,0.165428,0.13028,0.0,2.172905,chasing_leader,leader_target,,,0,0,0,0.0,0.0,0.0
train,without_mine,best intruder smith 1039,intruder,210,0,expander,attack,friendly,Q2_NW,0.266211,1.555461,chosen_action,,0.0,0.0,0.026181,0.130694,0.179107,0.0,1.555461,neutral,neutral,,,0,0,0,0.0,0.0,0.0
train,without_mine,best intruder smith 1039,intruder,220,0,expander,attack,enemy,Q3_NE,0.312447,3.434058,chosen_action,,0.95,0.18,0.206748,0.438049,0.283511,0.0,3.434058,chasing_leader,leader_target,,,0,0,0,0.0,0.0,0.0
train,without_mine,best intruder smith 1039,smith,220,1,expander,established,friendly,Q2_NW,1.0,1.160692,chosen_action,,0.0,0.0,0.0,0.03388,0.0588,0.0,1.160692,neutral,neutral,,,0,0,0,0.0,0.0,0.0
train,without_mine,best intruder smith 1039,smith,220,1,expander,attack,enemy,Q2_NW,0.854526,2.334158,chosen_action,,0.0,0.05345,0.0,0.180664,0.22264,0.0,2.334158,chasing_leader,leader_target,,,0,0,0,0.0,0.0,0.0
train,without_mine,best intruder smith 1039,smith,230,1,expander,attack,enemy,Q2_NW,1.0,2.278298,chosen_action,,0.0,0.149179,0.0,0.168887,0.2022,0.0,2.278298,chasing_leader,leader_target,,,0,0,0,0.0,0.0,0.0
train,without_mine,best intruder smith 1039,smith,230,1,feeder,established,friendly,Q2_NW,0.555069,1.174466,chosen_action,,0.0,0.18,0.007457,0.036784,0.06384,0.0,1.174466,neutral,neutral,,,0,0,0,0.0,0.0,0.0
train,without_mine,best intruder smith 1039,intruder,260,0,feeder,attack,friendly,Q1_SW,0.346493,2.306622,chosen_action,,0.0,0.012316,0.0,0.302166,0.430684,0.0,2.306622,pressured,concentrated_inbound,9,Q1_SW,2,2,75,59.0,1.2712,7.197
train,without_mine,best intruder smith 1039,smith,270,1,expander,established,friendly,Q1_SW,1.0,1.720657,chosen_action,,0.0,0.0,0.0,0.128419,0.30552,0.0,1.720657,neutral,neutral,,,0,0,0,0.0,0.0,0.0
train,without_mine,best intruder smith 1039,smith,270,1,expander,established,friendly,Q2_NW,1.0,2.140752,chosen_action,,0.0,0.018852,0.0,0.216991,0.45924,0.0,2.140752,cash_in,cash_in,,,0,0,0,0.0,0.0,0.0
train,without_mine,best 1039,1039,0,0,anchor,initiation,neutral,Q1_SW,0.120607,1.721349,chosen_action,,0.0,0.18,0.348302,0.095632,0.36432,0.0,1.721349,neutral,neutral,,,0,0,0,0.0,0.0,0.0
train,without_mine,best 1039,1039,20,0,anchor,established,neutral,Q2_NW,0.191755,1.901947,chosen_action,,0.0,0.150612,0.194824,0.170881,0.36432,0.0,1.901947,cash_in,cash_in,,,0,0,0,0.0,0.0,0.0
train,without_mine,best 1039,1039,30,0,expander,established,neutral,Q1_SW,0.438321,3.80044,chosen_action,,0.0,0.133762,0.113548,0.48045,0.5536,1.0,3.80044,cash_in,cash_in,,,0,0,0,0.0,0.0,0.0
train,without_mine,best 1039,1039,30,0,feeder,established,neutral,Q3_NE,0.350697,3.829901,chosen_action,,0.0,0.18,0.384525,0.485925,0.565689,1.0,3.829901,cash_in,cash_in,,,0,0,0,0.0,0.0,0.0
train,without_mine,best 1039,1039,30,0,attacker,established,neutral,Q1_SW,0.377399,3.248127,chosen_action,,0.0,0.18,0.293003,0.387524,0.30968,1.0,3.248127,neutral,neutral,,,0,0,0,0.0,0.0,0.0
train,without_mine,best 1039,1039,40,0,expander,attack,neutral,Q1_SW,0.089273,1.686311,chosen_action,,0.95,0.072596,0.196815,0.111768,0.30968,0.0,1.686311,pressured,concentrated_inbound,19,Q3_NE,2,2,139,44.0,3.1591,7.362
train,without_mine,best 1039,1039,50,0,expander,established,neutral,Q1_SW,0.357186,2.610979,chosen_action,,0.0,0.18,0.070953,0.371024,0.53372,0.0,2.610979,pressured,concentrated_inbound,16,Q1_SW,2,2,77,39.0,1.9744,1.8
train,without_mine,best 1039,1039,50,0,expander,established,neutral,Q1_SW,0.379693,2.394168,chosen_action,,0.0,0.0,0.0,0.309823,0.48192,0.0,2.394168,pressured,concentrated_inbound,16,Q1_SW,2,2,77,39.0,1.9744,1.8
train,without_mine,best 1039,best,70,1,expander,established,friendly,Q0_SE,0.676899,1.284654,chosen_action,,0.0,0.063915,0.085928,0.060016,0.10416,0.0,1.284654,pressured,concentrated_inbound,14,Q3_NE,3,3,44,72.0,0.6111,8.82
train,without_mine,best 1039,1039,70,0,expander,attack,enemy,Q1_SW,0.492468,3.841013,chosen_action,,0.0,0.1304,0.225991,0.586099,0.32176,0.0,3.841013,overtake_window,overtake_window,,,0,0,0,0.0,0.0,0.0
train,without_mine,best 1039,1039,70,0,expander,attack,unknown,unknown,0.092333,1.0,chosen_action,,0.0,0.18,0.178333,0.0,0.0,0.0,1.0,neutral,neutral,,,0,0,0,0.0,0.0,0.0
train,without_mine,best 1039,1039,70,0,expander,attack,friendly,Q1_SW,0.30954,1.85787,chosen_action,,0.0,0.0,0.0,0.242156,0.20496,0.0,1.85787,neutral,neutral,,,0,0,0,0.0,0.0,0.0
train,without_mine,best 1039,best,80,1,expander,attack,enemy,Q2_NW,1.0,2.445449,chosen_action,,0.0,0.0,0.0,0.20238,0.266471,0.0,2.445449,chasing_leader,leader_target,,,0,0,0,0.0,0.0,0.0
train,without_mine,best 1039,1039,80,0,expander,attack,neutral,Q1_SW,0.295833,2.711332,chosen_action,,0.0,0.18,0.102757,0.389675,0.574898,0.0,2.711332,cash_in,cash_in,,,0,0,0,0.0,0.0,0.0
train,without_mine,best 1039,best,90,1,expander,attack,enemy,Q2_NW,1.0,2.969084,chosen_action,,0.0,0.0,0.0,0.313427,0.456933,0.0,2.969084,cash_in,cash_in,,,0,0,0,0.0,0.0,0.0
train,without_mine,best 1039,best,90,1,expander,established,friendly,Q2_NW,0.979938,1.529167,chosen_action,,0.0,0.073398,0.015481,0.086941,0.237413,0.0,1.529167,neutral,neutral,,,0,0,0,0.0,0.0,0.0
train,without_mine,best 1039,1039,90,0,attacker,attack,enemy,Q2_NW,0.459726,3.044582,chosen_action,,0.0,0.006911,0.003182,0.376652,0.10416,0.0,3.044582,chasing_leader,leader_target,,,0,0,0,0.0,0.0,0.0
train,without_mine,best 1039,1039,90,0,anchor,attack,enemy,Q2_NW,0.417557,3.285537,chosen_action,,0.0,0.049876,0.149874,0.412296,0.21928,0.0,3.285537,chasing_leader,leader_target,,,0,0,0,0.0,0.0,0.0
train,without_mine,best 1039,best,100,1,expander,established,friendly,Q2_NW,1.0,1.785699,chosen_action,,0.0,0.061782,0.0,0.142132,0.32932,0.0,1.785699,neutral,neutral,,,0,0,0,0.0,0.0,0.0
train,without_mine,intruder 1200,intruder,0,1,expander,initiation,neutral,Q3_NE,0.720315,1.50955,chosen_action,,0.0,0.18,0.166135,0.0745,0.245,0.0,1.50955,neutral,neutral,,,0,0,0,0.0,0.0,0.0
train,without_mine,intruder 1200,1200,0,0,expander,initiation,neutral,Q2_NW,0.262295,1.922596,chosen_action,,0.0,0.18,0.109782,0.138063,0.43796,0.0,1.922596,neutral,neutral,,,0,0,0,0.0,0.0,0.0
train,without_mine,intruder 1200,intruder,40,1,expander,attack,enemy,Q2_NW,0.88432,2.546882,chosen_action,,0.0,0.18,0.137007,0.246232,0.263649,0.0,2.546882,chasing_leader,leader_target,,,0,0,0,0.0,0.0,0.0
train,without_mine,intruder 1200,intruder,40,1,expander,established,friendly,Q1_SW,0.875308,1.374183,chosen_action,,0.0,0.0,0.173005,0.078892,0.13692,0.0,1.374183,neutral,neutral,,,0,0,0,0.0,0.0,0.0
train,without_mine,intruder 1200,1200,40,0,expander,attack,enemy,Q3_NE,0.405983,3.14475,chosen_action,,0.0,0.18,0.16245,0.407994,0.12264,0.0,3.14475,chasing_leader,leader_target,,,0,0,0,0.0,0.0,0.0
train,without_mine,intruder 1200,intruder,50,1,expander,attack,friendly,Q1_SW,1.0,1.560126,chosen_action,,0.0,0.0,0.0,0.118096,0.20496,0.0,1.560126,neutral,neutral,,,0,0,0,0.0,0.0,0.0
train,without_mine,intruder 1200,1200,50,0,expander,attack,neutral,Q2_NW,0.280906,1.722638,chosen_action,,0.0,0.038843,0.02636,0.120267,0.32148,0.0,1.722638,neutral,neutral,,,0,0,0,0.0,0.0,0.0
train,without_mine,intruder 1200,1200,50,0,anchor,attack,neutral,Q2_NW,0.264369,1.722638,chosen_action,,0.0,0.014171,0.033694,0.120267,0.32148,0.0,1.722638,neutral,neutral,,,0,0,0,0.0,0.0,0.0
train,without_mine,intruder 1200,1200,50,0,feeder,attack,neutral,Q3_NE,0.284849,1.830458,chosen_action,,0.0,0.014212,0.0,0.150702,0.34724,0.0,1.830458,neutral,neutral,,,0,0,0,0.0,0.0,0.0
train,without_mine,intruder 1200,1200,50,0,attacker,attack,neutral,Q3_NE,0.280405,1.830458,chosen_action,,0.0,0.0,0.136545,0.150702,0.34724,0.0,1.830458,neutral,neutral,,,0,0,0,0.0,0.0,0.0
train,without_mine,intruder 1200,1200,50,0,expander,attack,neutral,Q1_SW,0.324301,1.958431,chosen_action,,0.0,0.0,0.0,0.174486,0.399751,0.0,1.958431,cash_in,cash_in,,,0,0,0,0.0,0.0,0.0
train,without_mine,intruder 1200,1200,50,0,expander,attack,friendly,Q2_NW,0.274035,1.678561,chosen_action,,0.0,0.0314,0.031647,0.191541,0.16212,0.0,1.678561,neutral,neutral,,,0,0,0,0.0,0.0,0.0
train,without_mine,intruder 1200,1200,50,0,expander,attack,friendly,Q2_NW,0.315161,1.917639,chosen_action,,0.0,0.010051,0.0,0.259027,0.21924,0.0,1.917639,neutral,neutral,,,0,0,0,0.0,0.0,0.0
train,without_mine,intruder 1200,intruder,60,1,expander,attack,friendly,Q3_NE,1.0,1.393151,chosen_action,,0.0,0.0,0.029912,0.059368,0.18568,0.0,1.393151,pressured,concentrated_inbound,15,Q3_NE,2,2,29,53.0,0.5472,4.579
train,without_mine,intruder 1200,intruder,60,1,expander,attack,unknown,unknown,0.599747,1.0,chosen_action,,0.0,0.18,0.040253,0.0,0.0,0.0,1.0,pressured,concentrated_inbound,15,Q3_NE,2,2,29,53.0,0.5472,4.579
train,without_mine,intruder 1200,intruder,60,1,expander,attack,friendly,Q3_NE,1.0,1.472894,chosen_action,,0.0,0.0,0.0,0.099704,0.17304,0.0,1.472894,pressured,concentrated_inbound,15,Q3_NE,2,2,29,53.0,0.5472,4.579
train,without_mine,intruder 1200,1200,60,0,expander,attack,enemy,Q2_NW,0.443038,3.0078,chosen_action,,0.0,0.001252,0.0,0.325394,0.16804,0.0,3.0078,chasing_leader,leader_target,,,0,0,0,0.0,0.0,0.0
train,without_mine,intruder 1200,1200,60,0,anchor,attack,enemy,Q1_SW,0.412214,3.567786,chosen_action,,0.0,0.18,0.042798,0.513224,0.248924,0.0,3.567786,chasing_leader,leader_target,,,0,0,0,0.0,0.0,0.0
train,without_mine,intruder 1200,intruder,70,1,expander,attack,friendly,Q1_SW,0.071189,1.452233,chosen_action,,0.95,0.0,0.037202,0.095348,0.16548,0.0,1.452233,pressured,concentrated_inbound,15,Q0_SE,2,2,19,27.0,0.7037,5.491
train,without_mine,intruder 1200,intruder,70,1,expander,attack,friendly,Q2_NW,0.889724,1.578491,chosen_action,,0.0,0.18,0.004968,0.121968,0.21168,0.0,1.578491,pressured,concentrated_inbound,15,Q0_SE,2,2,19,27.0,0.7037,5.491
train,without_mine,intruder 1200,intruder,70,1,expander,attack,enemy,Q1_SW,0.995636,2.014466,chosen_action,,0.0,0.123547,0.013344,0.136784,0.06384,0.0,2.014466,pressured,concentrated_inbound,15,Q0_SE,2,2,19,27.0,0.7037,5.491
train,without_mine,intruder 1200,1200,70,0,expander,attack,neutral,Q0_SE,0.263566,1.825753,chosen_action,,0.0,0.18,0.03873,0.139431,0.363791,0.0,1.825753,pressured,concentrated_inbound,19,Q2_NW,2,2,109,7.0,15.5714,1.665
train,without_mine,intruder 1200,1200,70,0,expander,attack,neutral,Q0_SE,0.192082,1.831998,chosen_action,,0.0,0.18,0.056649,0.176076,0.303271,0.0,1.831998,pressured,concentrated_inbound,19,Q2_NW,2,2,109,7.0,15.5714,1.665
train,without_mine,intruder 1200,1200,70,0,expander,attack,neutral,Q0_SE,0.265343,1.825753,chosen_action,,0.0,0.18,0.029845,0.139431,0.363791,0.0,1.825753,pressured,concentrated_inbound,19,Q2_NW,2,2,109,7.0,15.5714,1.665
train,without_mine,intruder 1200,intruder,80,1,expander,attack,friendly,Q1_SW,0.606977,1.68868,chosen_action,,0.0,0.18,0.021943,0.1452,0.252,0.0,1.68868,neutral,neutral,,,0,0,0,0.0,0.0,0.0
train,without_mine,intruder 1200,intruder,80,1,expander,attack,friendly,Q3_NE,1.0,1.461416,chosen_action,,0.0,0.0,0.0,0.097284,0.16884,0.0,1.461416,neutral,neutral,,,0,0,0,0.0,0.0,0.0
train,without_mine,best 1200,best,0,1,expander,initiation,neutral,Q0_SE,1.0,2.236328,chosen_action,,0.0,0.003359,0.0,0.204209,0.55276,0.0,2.236328,neutral,neutral,,,0,0,0,0.0,0.0,0.0
train,without_mine,best 1200,1200,0,0,expander,initiation,neutral,Q2_NW,0.360088,2.236328,chosen_action,,0.0,0.003359,0.0,0.204209,0.55276,0.0,2.236328,neutral,neutral,,,0,0,0,0.0,0.0,0.0
train,without_mine,best 1200,best,10,1,expander,established,neutral,Q0_SE,1.0,3.141343,chosen_action,,0.0,0.0,0.0,0.318461,0.35336,1.0,3.141343,cash_in,cash_in,,,0,0,0,0.0,0.0,0.0
train,without_mine,best 1200,1200,10,0,anchor,established,friendly,Q2_NW,0.176118,1.569309,chosen_action,,0.0,0.131387,0.075558,0.120032,0.20832,0.0,1.569309,neutral,neutral,,,0,0,0,0.0,0.0,0.0
train,without_mine,best 1200,1200,10,0,attacker,established,neutral,Q1_SW,0.251959,1.805682,chosen_action,,0.0,0.18,0.083635,0.136936,0.35336,0.0,1.805682,cash_in,cash_in,,,0,0,0,0.0,0.0,0.0
train,without_mine,best 1200,1200,10,0,expander,established,neutral,Q1_SW,0.234798,1.805682,chosen_action,,0.0,0.18,0.169436,0.136936,0.35336,0.0,1.805682,cash_in,cash_in,,,0,0,0,0.0,0.0,0.0
train,without_mine,best 1200,best,20,1,expander,established,neutral,Q1_SW,0.81578,2.047324,chosen_action,,0.0,0.114789,0.205787,0.16436,0.4836,0.0,2.047324,cash_in,cash_in,,,0,0,0,0.0,0.0,0.0
train,without_mine,best 1200,1200,20,0,anchor,established,friendly,Q2_NW,0.172439,1.643402,chosen_action,,0.0,0.18,0.088577,0.181617,0.15372,0.0,1.643402,neutral,neutral,,,0,0,0,0.0,0.0,0.0
train,without_mine,best 1200,best,30,1,expander,established,neutral,Q3_NE,1.0,1.911559,chosen_action,,0.0,0.113701,0.0,0.156614,0.396804,0.0,1.911559,cash_in,cash_in,,,0,0,0,0.0,0.0,0.0
train,without_mine,best 1200,best,30,1,expander,attack,enemy,Q3_NE,0.981971,2.421066,chosen_action,,0.0,0.18,0.023107,0.219866,0.217324,0.0,2.421066,chasing_leader,leader_target,,,0,0,0,0.0,0.0,0.0
train,without_mine,best 1200,1200,30,0,anchor,established,friendly,Q2_NW,0.113131,1.885997,chosen_action,,0.95,0.066901,0.058002,0.250095,0.21168,0.0,1.885997,neutral,neutral,,,0,0,0,0.0,0.0,0.0
train,without_mine,best 1200,1200,30,0,expander,established,friendly,Q2_NW,0.270422,1.65395,chosen_action,,0.0,0.0,0.065396,0.184594,0.15624,0.0,1.65395,neutral,neutral,,,0,0,0,0.0,0.0,0.0
train,without_mine,best 1200,best,40,1,expander,attack,enemy,Q2_NW,1.0,3.048212,chosen_action,,0.0,0.18,0.001349,0.321347,0.501467,0.0,3.048212,cash_in,cash_in,,,0,0,0,0.0,0.0,0.0
train,without_mine,best 1200,1200,40,0,expander,attack,enemy,Q1_SW,0.434269,4.386884,chosen_action,,0.95,0.18,0.349176,0.69912,0.525182,0.0,4.386884,overtake_window,overtake_window,,,0,0,0,0.0,0.0,0.0
train,without_mine,best 1200,best,50,1,sweeper,established,neutral,Q3_NE,0.998312,1.691603,chosen_action,,0.0,0.067304,0.024829,0.08844,0.355071,0.0,1.691603,pressured,concentrated_inbound,10,Q3_NE,3,6,61,72.0,0.8472,4.0
train,without_mine,best 1200,1200,50,0,attacker,attack,enemy,Q3_NE,0.626134,4.473693,chosen_action,,0.0,0.090166,0.0,0.782936,0.44048,0.0,4.473693,overtake_window,overtake_window,,,0,0,0,0.0,0.0,0.0
train,without_mine,best 1200,1200,50,0,expander,attack,neutral,Q2_NW,0.277728,1.705059,chosen_action,,0.0,0.069868,0.0,0.115305,0.31728,0.0,1.705059,neutral,neutral,,,0,0,0,0.0,0.0,0.0
train,without_mine,best 1200,1200,50,0,expander,attack,neutral,Q3_NE,0.249209,1.705059,chosen_action,,0.0,0.18,0.032463,0.115305,0.31728,0.0,1.705059,neutral,neutral,,,0,0,0,0.0,0.0,0.0
train,without_mine,best 1200,1200,50,0,anchor,attack,enemy,Q2_NW,0.561632,3.991265,chosen_action,,0.0,0.01156,0.0,0.633111,0.34948,0.0,3.991265,overtake_window,overtake_window,,,0,0,0,0.0,0.0,0.0
train,without_mine,best 1200,best,60,1,expander,established,friendly,Q1_SW,0.092477,1.716227,chosen_action,,0.95,0.18,0.278521,0.151008,0.26208,0.0,1.716227,neutral,neutral,,,0,0,0,0.0,0.0,0.0
train,without_mine,best 1200,best,70,1,expander,established,neutral,Q0_SE,0.839842,1.665489,chosen_action,,0.0,0.18,0.067213,0.083855,0.34388,0.0,1.665489,neutral,neutral,,,0,0,0,0.0,0.0,0.0
train,without_mine,best 1200,1200,70,0,expander,expansion,neutral,Q0_SE,0.246124,2.250029,chosen_action,,0.0,0.18,0.4,0.227325,0.521813,0.0,2.250029,cash_in,cash_in,,,0,0,0,0.0,0.0,0.0
train,without_mine,best 1200,1200,70,0,anchor,expansion,enemy,Q3_NE,0.402336,3.731729,chosen_action,,0.0,0.082216,0.4,0.585339,0.24216,0.0,3.731729,overtake_window,overtake_window,,,0,0,0,0.0,0.0,0.0
train,without_mine,best 1200,best,80,1,expander,established,friendly,Q3_NE,0.885447,1.774221,chosen_action,,0.0,0.0,0.214988,0.139712,0.32512,0.0,1.774221,pressured,concentrated_inbound,2,Q3_NE,2,2,64,48.0,1.3333,7.844
train,without_mine,best 1200,best,80,1,expander,attack,enemy,Q3_NE,0.947451,2.537862,chosen_action,,0.0,0.18,0.072655,0.247136,0.25536,0.0,2.537862,pressured,concentrated_inbound,2,Q3_NE,2,2,64,48.0,1.3333,7.844
train,without_mine,best 1200,1200,80,0,anchor,attack,enemy,Q3_NE,0.452102,3.858263,chosen_action,,0.0,0.143769,0.144141,0.604229,0.302307,0.0,3.858263,overtake_window,overtake_window,,,0,0,0,0.0,0.0,0.0
train,without_mine,intruder 1039,intruder,0,1,anchor,initiation,neutral,Q0_SE,1.0,1.920301,chosen_action,,0.0,0.009565,0.0,0.137579,0.43712,0.0,1.920301,neutral,neutral,,,0,0,0,0.0,0.0,0.0
train,without_mine,intruder 1039,1039,0,0,anchor,initiation,neutral,Q2_NW,0.29999,1.920301,chosen_action,,0.0,0.009565,0.0,0.137579,0.43712,0.0,1.920301,neutral,neutral,,,0,0,0,0.0,0.0,0.0
train,without_mine,intruder 1039,1039,30,0,feeder,established,neutral,Q1_SW,0.371873,3.454457,chosen_action,,0.0,0.18,0.116757,0.40181,0.43712,1.0,3.454457,cash_in,cash_in,,,0,0,0,0.0,0.0,0.0
train,without_mine,intruder 1039,1039,50,0,expander,attack,neutral,Q3_NE,0.134569,1.707575,chosen_action,,0.0,0.18,0.0896,0.092728,0.35928,0.0,1.707575,cash_in,cash_in,,,0,0,0,0.0,0.0,0.0
train,without_mine,intruder 1039,1039,60,0,expander,attack,neutral,Q1_SW,0.297509,1.971569,chosen_action,,0.0,0.127568,0.01776,0.148388,0.45588,0.0,1.971569,cash_in,cash_in,,,0,0,0,0.0,0.0,0.0
train,without_mine,intruder 1039,1039,60,0,expander,attack,neutral,Q0_SE,0.216841,2.261579,chosen_action,,0.0,0.18,0.136621,0.202288,0.57488,0.0,2.261579,cash_in,cash_in,,,0,0,0,0.0,0.0,0.0
train,without_mine,intruder 1039,1039,70,0,expander,attack,friendly,Q3_NE,0.230678,1.69311,chosen_action,,0.0,0.18,0.116422,0.122611,0.29544,0.0,1.69311,neutral,neutral,,,0,0,0,0.0,0.0,0.0
train,without_mine,intruder 1039,intruder,90,1,expander,attack,enemy,Q2_NW,1.0,4.950136,chosen_action,,0.0,0.073824,0.048566,0.621433,0.413849,1.0,4.950136,overtake_window,overtake_window,,,0,0,0,0.0,0.0,0.0
train,without_mine,intruder 1039,intruder,90,1,expander,attack,neutral,Q0_SE,1.0,1.743734,chosen_action,,0.0,0.066669,0.023583,0.126221,0.32652,0.0,1.743734,neutral,neutral,,,0,0,0,0.0,0.0,0.0
train,without_mine,intruder 1039,intruder,110,1,expander,attack,friendly,Q1_SW,1.0,3.256997,chosen_action,,0.0,0.0,0.0,0.387418,0.31644,1.0,3.256997,neutral,neutral,,,0,0,0,0.0,0.0,0.0
train,without_mine,intruder 1039,1039,120,0,sweeper,attack,enemy,Q2_NW,0.587276,4.026172,chosen_action,,0.0,0.0,0.0,0.644033,0.35592,0.0,4.026172,overtake_window,overtake_window,,,0,0,0,0.0,0.0,0.0
train,without_mine,intruder 1039,intruder,130,1,expander,established,neutral,Q3_NE,0.883887,2.027967,chosen_action,,0.0,0.18,0.07013,0.152275,0.490747,0.0,2.027967,cash_in,cash_in,,,0,0,0,0.0,0.0,0.0
train,without_mine,intruder 1039,intruder,130,1,expander,established,neutral,Q0_SE,0.368273,1.410839,chosen_action,,0.0,0.18,0.165432,0.053688,0.20888,0.0,1.410839,neutral,neutral,,,0,0,0,0.0,0.0,0.0
train,without_mine,intruder 1039,intruder,140,1,expander,established,friendly,Q1_SW,1.0,1.666328,chosen_action,,0.0,0.05338,0.004001,0.116964,0.28564,0.0,1.666328,neutral,neutral,,,0,0,0,0.0,0.0,0.0
train,without_mine,intruder 1039,intruder,140,1,expander,attack,enemy,Q2_NW,0.95813,2.762949,chosen_action,,0.0,0.18,0.091561,0.268424,0.384244,0.0,2.762949,cash_in,cash_in,,,0,0,0,0.0,0.0,0.0
train,without_mine,intruder 1039,intruder,150,1,expander,established,friendly,Q1_SW,0.733992,1.625007,chosen_action,,0.0,0.056961,0.095992,0.108252,0.27052,0.0,1.625007,neutral,neutral,,,0,0,0,0.0,0.0,0.0
train,without_mine,intruder 1039,1039,150,0,expander,attack,enemy,Q1_SW,0.421491,3.966527,chosen_action,,0.0,0.18,0.19615,0.574144,0.435987,0.0,3.966527,overtake_window,overtake_window,,,0,0,0,0.0,0.0,0.0
train,without_mine,intruder 1039,intruder,160,1,expander,established,neutral,Q1_SW,1.0,1.429204,chosen_action,,0.0,0.0,0.0,0.05756,0.2156,0.0,1.429204,neutral,neutral,,,0,0,0,0.0,0.0,0.0
train,without_mine,intruder 1039,1039,170,0,expander,attack,enemy,Q3_NE,0.548262,3.716106,chosen_action,,0.0,0.0,0.0,0.527602,0.333231,0.0,3.716106,chasing_leader,leader_target,,,0,0,0,0.0,0.0,0.0
train,without_mine,intruder 1039,intruder,190,1,expander,attack,enemy,Q2_NW,1.0,2.567544,chosen_action,,0.0,0.0,0.0,0.229871,0.30804,0.0,2.567544,chasing_leader,leader_target,,,0,0,0,0.0,0.0,0.0
train,without_mine,intruder 1039,intruder,190,1,expander,established,friendly,Q1_SW,0.988686,1.765038,chosen_action,,0.0,0.01301,0.0,0.137776,0.32176,0.0,1.765038,neutral,neutral,,,0,0,0,0.0,0.0,0.0
train,without_mine,intruder 1039,1039,190,0,feeder,attack,enemy,Q0_SE,0.422162,4.293746,chosen_action,,0.95,0.18,0.010467,0.683545,0.48388,0.0,4.293746,overtake_window,overtake_window,,,0,0,0,0.0,0.0,0.0
train,without_mine,intruder 1039,intruder,200,1,expander,attack,enemy,Q2_NW,1.0,2.465007,chosen_action,,0.0,0.0,0.0,0.208252,0.27052,0.0,2.465007,chasing_leader,leader_target,,,0,0,0,0.0,0.0,0.0
train,without_mine,best intruder smith 1200,best,0,0,expander,initiation,neutral,Q0_SE,0.295786,1.922596,chosen_action,,0.0,0.089048,0.03328,0.138063,0.43796,0.0,1.922596,neutral,neutral,,,0,0,0,0.0,0.0,0.0
train,without_mine,best intruder smith 1200,intruder,0,1,expander,initiation,neutral,Q1_SW,0.997923,1.922596,chosen_action,,0.0,0.089048,0.03328,0.138063,0.43796,0.0,1.922596,neutral,neutral,,,0,0,0,0.0,0.0,0.0
train,without_mine,best intruder smith 1200,1200,0,0,expander,initiation,neutral,Q2_NW,0.295786,1.922596,chosen_action,,0.0,0.089048,0.03328,0.138063,0.43796,0.0,1.922596,neutral,neutral,,,0,0,0,0.0,0.0,0.0
train,without_mine,best intruder smith 1200,1200,10,0,attacker,attack,neutral,Q3_NE,0.249428,1.943772,chosen_action,,0.0,0.18,0.18784,0.141998,0.446649,0.0,1.943772,neutral,neutral,,,0,0,0,0.0,0.0,0.0
train,without_mine,best intruder smith 1200,intruder,20,1,anchor,attack,neutral,Q2_NW,0.598397,2.057033,chosen_action,,0.0,0.18,0.019225,0.165763,0.488298,0.0,2.057033,cash_in,cash_in,,,0,0,0,0.0,0.0,0.0
train,without_mine,best intruder smith 1200,best,40,0,feeder,attack,neutral,Q0_SE,0.310591,2.376588,chosen_action,,0.0,0.082219,0.0,0.304861,0.47772,0.0,2.376588,cash_in,cash_in,,,0,0,0,0.0,0.0,0.0
train,without_mine,best intruder smith 1200,intruder,40,1,expander,attack,enemy,Q1_SW,0.964105,2.598152,chosen_action,,0.0,0.18,0.064255,0.236324,0.31924,0.0,2.598152,chasing_leader,leader_target,,,0,0,0,0.0,0.0,0.0
train,without_mine,best intruder smith 1200,1200,40,0,expander,attack,friendly,Q2_NW,0.250246,2.215033,chosen_action,,0.0,0.18,0.044139,0.213189,0.2988,0.333333,2.215033,pressured,concentrated_inbound,9,Q1_SW,3,4,114,25.0,4.56,4.537
train,without_mine,best intruder smith 1200,1200,50,0,expander,attack,neutral,Q2_NW,0.184959,1.740218,chosen_action,,0.0,0.18,0.036161,0.125229,0.32568,0.0,1.740218,neutral,neutral,,,0,0,0,0.0,0.0,0.0
train,without_mine,best intruder smith 1200,1200,50,0,expander,attack,enemy,Q1_SW,0.150738,2.176767,chosen_action,,0.95,0.18,0.012352,0.308205,0.32376,0.0,2.176767,neutral,neutral,,,0,0,0,0.0,0.0,0.0
train,without_mine,best intruder smith 1200,intruder,80,1,expander,attack,enemy,Q2_NW,0.909962,1.69311,chosen_action,,0.0,0.18,0.0,0.122611,0.29544,0.0,1.69311,pressured,concentrated_inbound,5,Q1_SW,3,3,155,129.0,1.2016,8.353
train,without_mine,best intruder smith 1200,best,90,0,expander,attack,enemy,Q2_NW,0.416469,4.246314,chosen_action,,0.95,0.18,0.010956,0.651979,0.504862,0.0,4.246314,overtake_window,overtake_window,,,0,0,0,0.0,0.0,0.0
train,without_mine,best intruder smith 1200,1200,90,0,anchor,attack,enemy,Q1_SW,0.154867,2.224167,chosen_action,,0.95,0.18,0.059331,0.251105,0.164084,0.0,2.224167,chasing_leader,leader_target,,,0,0,0,0.0,0.0,0.0
train,without_mine,best intruder smith 1200,1200,90,0,feeder,attack,enemy,Q3_NE,0.434695,2.993649,chosen_action,,0.0,0.005943,0.01555,0.348113,0.117169,0.0,2.993649,chasing_leader,leader_target,,,0,0,0,0.0,0.0,0.0
train,without_mine,best intruder smith 1200,best,100,0,expander,attack,enemy,Q1_SW,0.417609,4.258711,chosen_action,,0.95,0.18,0.162046,0.677612,0.468476,0.0,4.258711,pressured,concentrated_inbound,12,Q3_NE,2,2,44,68.0,0.6471,7.073
train,without_mine,best intruder smith 1200,best,100,0,expander,attack,enemy,Q3_NE,0.338363,2.077469,chosen_action,,0.0,0.0,0.0,0.265,0.327013,0.0,2.077469,pressured,concentrated_inbound,12,Q3_NE,2,2,44,68.0,0.6471,7.073
train,without_mine,best intruder smith 1200,best,100,0,feeder,attack,friendly,Q3_NE,0.217717,1.887998,chosen_action,,0.0,0.18,0.018772,0.246399,0.219733,0.0,1.887998,pressured,concentrated_inbound,12,Q3_NE,2,2,44,68.0,0.6471,7.073
train,without_mine,best intruder smith 1200,intruder,100,1,expander,attack,enemy,Q0_SE,1.0,2.776644,chosen_action,,0.0,0.18,0.0229,0.267701,0.395676,0.0,2.776644,pressured,concentrated_inbound,1,Q1_SW,4,4,140,111.0,1.2613,8.113
train,without_mine,best intruder smith 1200,intruder,100,1,attacker,attack,enemy,Q0_SE,0.160539,2.230453,chosen_action,,0.95,0.18,0.043855,0.176066,0.153996,0.0,2.230453,pressured,concentrated_inbound,1,Q1_SW,4,4,140,111.0,1.2613,8.113
train,without_mine,best intruder smith 1200,best,120,0,feeder,attack,enemy,Q2_NW,0.447802,4.1757,chosen_action,,0.0,0.18,0.095064,0.663919,0.431329,0.0,4.1757,pressured,concentrated_inbound,5,Q1_SW,2,2,94,31.0,3.0323,4.367
train,without_mine,best intruder smith 1200,intruder,120,1,feeder,attack,enemy,Q0_SE,0.616688,2.533588,chosen_action,,0.0,0.16334,0.0,0.222528,0.295942,0.0,2.533588,chasing_leader,leader_target,,,0,0,0,0.0,0.0,0.0
train,without_mine,best intruder smith 1200,intruder,120,1,expander,attack,friendly,Q1_SW,0.640435,1.774221,chosen_action,,0.0,0.18,0.0,0.139712,0.32512,0.0,1.774221,neutral,neutral,,,0,0,0,0.0,0.0,0.0
train,without_mine,best intruder smith 1200,intruder,150,1,expander,established,friendly,Q0_SE,1.0,1.699996,chosen_action,,0.0,0.082054,0.0,0.124063,0.29796,0.0,1.699996,neutral,neutral,,,0,0,0,0.0,0.0,0.0
train,without_mine,best intruder smith 1200,intruder,150,1,expander,established,friendly,Q1_SW,0.970017,1.720657,chosen_action,,0.0,0.123502,0.0,0.128419,0.30552,0.0,1.720657,neutral,neutral,,,0,0,0,0.0,0.0,0.0
train,without_mine,best intruder smith 1039,best,20,1,expander,expansion,neutral,Q3_NE,0.677563,1.48124,chosen_action,,0.0,0.18,0.205261,0.067059,0.237258,0.0,1.48124,neutral,neutral,,,0,0,0,0.0,0.0,0.0
train,without_mine,best intruder smith 1039,smith,40,0,anchor,initiation,enemy,Q1_SW,0.183795,2.4924,chosen_action,,0.95,0.18,0.4,0.259582,0.125484,0.333333,2.4924,chasing_leader,leader_target,,,0,0,0,0.0,0.0,0.0
train,without_mine,best intruder smith 1039,intruder,50,0,expander,expansion,friendly,Q2_NW,0.252116,1.798803,chosen_action,,0.0,0.0,0.223696,0.149245,0.10416,0.333333,1.798803,neutral,neutral,,,0,0,0,0.0,0.0,0.0
train,without_mine,best intruder smith 1039,1039,50,0,expander,expansion,neutral,Q0_SE,0.097632,1.626832,chosen_action,,0.0,0.18,0.4,0.097272,0.291391,0.0,1.626832,neutral,neutral,,,0,0,0,0.0,0.0,0.0
train,without_mine,best intruder smith 1039,best,70,1,expander,expansion,unknown,unknown,0.433231,1.0,chosen_action,,0.0,0.18,0.206769,0.0,0.0,0.0,1.0,neutral,neutral,,,0,0,0,0.0,0.0,0.0
train,without_mine,best intruder smith 1039,best,70,1,expander,expansion,friendly,Q3_NE,0.768475,1.322365,chosen_action,,0.0,0.064898,0.208262,0.067369,0.119022,0.0,1.322365,neutral,neutral,,,0,0,0,0.0,0.0,0.0
train,without_mine,best intruder smith 1039,1039,70,0,expander,expansion,enemy,Q2_NW,0.368314,2.904649,chosen_action,,0.0,0.18,0.188684,0.428449,0.352867,0.0,2.904649,cash_in,cash_in,,,0,0,0,0.0,0.0,0.0
train,without_mine,best intruder smith 1039,best,80,1,expander,expansion,neutral,Q1_SW,1.0,2.064702,chosen_action,,0.0,0.0,0.0,0.167681,0.268347,0.333333,2.064702,neutral,neutral,,,0,0,0,0.0,0.0,0.0
train,without_mine,best intruder smith 1039,best,80,1,expander,expansion,enemy,Q3_NE,0.952037,3.313017,chosen_action,,0.0,0.18,0.159348,0.350845,0.126658,0.333333,3.313017,chasing_leader,leader_target,,,0,0,0,0.0,0.0,0.0
train,without_mine,best intruder smith 1039,best,80,1,expander,expansion,friendly,Q0_SE,0.729758,1.774094,chosen_action,,0.0,0.064898,0.299092,0.139894,0.10248,0.333333,1.774094,neutral,neutral,,,0,0,0,0.0,0.0,0.0
train,without_mine,best intruder smith 1039,intruder,80,0,expander,expansion,neutral,Q3_NE,0.184264,1.45362,chosen_action,,0.0,0.18,0.194901,0.061926,0.225924,0.0,1.45362,neutral,neutral,,,0,0,0,0.0,0.0,0.0
train,without_mine,best intruder smith 1039,best,90,1,expander,expansion,friendly,Q0_SE,0.178532,1.298428,chosen_action,,0.0,0.18,0.4,0.06292,0.1092,0.0,1.298428,neutral,neutral,,,0,0,0,0.0,0.0,0.0
train,without_mine,best intruder smith 1039,intruder,90,0,expander,expansion,friendly,Q2_NW,0.19107,1.428935,chosen_action,,0.0,0.028229,0.29027,0.121078,0.10248,0.0,1.428935,neutral,neutral,,,0,0,0,0.0,0.0,0.0
train,without_mine,best intruder smith 1039,intruder,90,0,expander,expansion,unknown,unknown,0.073884,1.0,chosen_action,,0.0,0.18,0.270579,0.0,0.0,0.0,1.0,neutral,neutral,,,0,0,0,0.0,0.0,0.0
train,without_mine,best intruder smith 1039,best,100,1,expander,expansion,neutral,Q0_SE,0.25884,2.37636,chosen_action,,0.0,0.18,0.4,0.233733,0.604,0.0,2.37636,cash_in,cash_in,,,0,0,0,0.0,0.0,0.0
train,without_mine,best intruder smith 1039,best,100,1,expander,expansion,friendly,Q3_NE,0.843955,1.303019,chosen_action,,0.0,0.0,0.19517,0.063888,0.11088,0.0,1.303019,neutral,neutral,,,0,0,0,0.0,0.0,0.0
train,without_mine,best intruder smith 1039,intruder,100,0,expander,expansion,enemy,Q1_SW,0.446861,3.269876,chosen_action,,0.0,0.0,0.217997,0.442818,0.153418,0.0,3.269876,chasing_leader,leader_target,,,0,0,0,0.0,0.0,0.0
train,without_mine,best intruder smith 1039,best,130,1,expander,expansion,neutral,Q3_NE,0.688007,1.449017,chosen_action,,0.0,0.18,0.190641,0.06107,0.224036,0.0,1.449017,neutral,neutral,,,0,0,0,0.0,0.0,0.0
train,without_mine,best intruder smith 1039,best,140,1,expander,expansion,friendly,Q3_NE,0.850895,1.7505,chosen_action,,0.0,0.0,0.246477,0.134711,0.31644,0.0,1.7505,neutral,neutral,,,0,0,0,0.0,0.0,0.0
train,without_mine,best smith,smith,10,0,expander,initiation,neutral,Q2_NW,0.280778,1.819456,chosen_action,,0.0,0.057236,0.071197,0.13984,0.3584,0.0,1.819456,neutral,neutral,,,0,0,0,0.0,0.0,0.0
train,without_mine,best smith,best,30,1,expander,expansion,friendly,Q0_SE,0.826036,1.677202,chosen_action,,0.0,0.079166,0.182235,0.14278,0.2478,0.0,1.677202,neutral,neutral,,,0,0,0,0.0,0.0,0.0
train,without_mine,best smith,best,50,1,sweeper,established,neutral,Q1_SW,0.488445,1.413135,chosen_action,,0.0,0.099681,0.125875,0.054172,0.20972,0.0,1.413135,pressured,concentrated_inbound,24,Q1_SW,2,2,72,80.0,0.9,8.13
train,without_mine,best smith,best,50,1,attacker,attack,enemy,Q3_NE,1.0,2.594181,chosen_action,,0.0,0.0,0.021938,0.256112,0.28112,0.0,2.594181,pressured,concentrated_inbound,24,Q1_SW,2,2,72,80.0,0.9,8.13
train,without_mine,best smith,best,50,1,expander,established,friendly,Q1_SW,0.810004,1.772852,chosen_action,,0.0,0.18,0.109784,0.162947,0.2828,0.0,1.772852,pressured,concentrated_inbound,24,Q1_SW,2,2,72,80.0,0.9,8.13
train,without_mine,best smith,best,60,1,sweeper,attack,enemy,Q3_NE,0.540905,2.866003,chosen_action,,0.0,0.18,0.102132,0.288151,0.425511,0.0,2.866003,pressured,concentrated_inbound,10,Q3_NE,3,5,69,51.0,1.3529,5.525
train,without_mine,best smith,smith,60,0,attacker,attack,enemy,Q2_NW,0.542333,4.050455,chosen_action,,0.0,0.18,0.060143,0.651631,0.3604,0.0,4.050455,overtake_window,overtake_window,,,0,0,0,0.0,0.0,0.0
train,without_mine,best smith,smith,70,0,expander,attack,enemy,Q0_SE,0.479902,4.12806,chosen_action,,0.0,0.18,0.005018,0.641762,0.435431,0.0,4.12806,pressured,concentrated_inbound,10,Q3_NE,2,2,160,45.0,3.5556,0.393
train,without_mine,best smith,smith,70,0,expander,attack,neutral,Q3_NE,0.266661,1.514416,chosen_action,,0.0,0.0,0.0,0.096373,0.20972,0.0,1.514416,pressured,concentrated_inbound,10,Q3_NE,2,2,160,45.0,3.5556,0.393
train,without_mine,best smith,best,80,1,expander,attack,enemy,Q3_NE,1.0,2.622453,chosen_action,,0.0,0.084149,0.036745,0.2374,0.335329,0.0,2.622453,pressured,concentrated_inbound,0,Q0_SE,2,2,56,96.0,0.5833,0.252
train,without_mine,intruder smith,intruder,30,1,expander,expansion,neutral,Q3_NE,0.551879,1.853728,chosen_action,,0.0,0.18,0.379481,0.123543,0.41276,0.0,1.853728,cash_in,cash_in,,,0,0,0,0.0,0.0,0.0
train,without_mine,intruder smith,smith,30,0,expander,expansion,neutral,Q2_NW,0.492759,3.606342,chosen_action,,0.0,0.133964,0.0,0.398001,0.5564,1.0,3.606342,cash_in,cash_in,,,0,0,0,0.0,0.0,0.0
train,without_mine,intruder smith,smith,30,0,expander,expansion,neutral,Q2_NW,0.368856,3.062446,chosen_action,,0.0,0.0,0.4,0.30685,0.31556,1.0,3.062446,neutral,neutral,,,0,0,0,0.0,0.0,0.0
train,without_mine,intruder smith,intruder,50,1,expander,expansion,enemy,Q1_SW,0.148236,2.136132,chosen_action,,0.95,0.18,0.130033,0.162436,0.10836,0.0,2.136132,chasing_leader,leader_target,,,0,0,0,0.0,0.0,0.0
train,without_mine,intruder smith,intruder,50,1,expander,expansion,neutral,Q1_SW,0.597922,1.853728,chosen_action,,0.0,0.18,0.333438,0.123543,0.41276,0.0,1.853728,cash_in,cash_in,,,0,0,0,0.0,0.0,0.0
train,without_mine,intruder smith,intruder,60,1,expander,expansion,enemy,Q3_NE,1.0,2.895627,chosen_action,,0.0,0.18,0.0,0.296467,0.432671,0.0,2.895627,cash_in,cash_in,,,0,0,0,0.0,0.0,0.0
train,without_mine,intruder smith,intruder,60,1,anchor,expansion,neutral,Q2_NW,0.357529,1.692527,chosen_action,,0.0,0.18,0.03268,0.106385,0.323853,0.0,1.692527,neutral,neutral,,,0,0,0,0.0,0.0,0.0
train,without_mine,intruder smith,intruder,60,1,expander,expansion,neutral,Q0_SE,0.055483,1.424613,chosen_action,,0.95,0.043328,0.0119,0.056592,0.21392,0.0,1.424613,neutral,neutral,,,0,0,0,0.0,0.0,0.0
train,without_mine,intruder smith,intruder,60,1,expander,expansion,neutral,Q1_SW,0.445514,1.424613,chosen_action,,0.0,0.18,0.14997,0.056592,0.21392,0.0,1.424613,neutral,neutral,,,0,0,0,0.0,0.0,0.0
train,without_mine,intruder smith,smith,60,0,expander,expansion,enemy,Q1_SW,0.615538,4.673046,chosen_action,,0.0,0.18,0.015799,0.585434,0.272596,1.0,4.673046,overtake_window,overtake_window,,,0,0,0,0.0,0.0,0.0
train,without_mine,intruder smith,intruder,70,1,expander,expansion,neutral,Q0_SE,0.539837,1.853728,chosen_action,,0.0,0.18,0.051522,0.123543,0.41276,0.0,1.853728,pressured,concentrated_inbound,18,Q1_SW,2,2,75,64.0,1.1719,8.885
train,without_mine,intruder smith,intruder,80,1,expander,expansion,friendly,Q3_NE,1.0,2.00072,chosen_action,,0.0,0.029471,0.0,0.187467,0.408,0.0,2.00072,pressured,concentrated_inbound,0,Q0_SE,2,2,77,77.0,1.0,0.814
train,without_mine,intruder smith,smith,80,0,expander,expansion,enemy,Q3_NE,0.529742,4.578218,chosen_action,,0.0,0.18,0.121853,0.782495,0.518689,0.0,4.578218,overtake_window,overtake_window,,,0,0,0,0.0,0.0,0.0
train,without_mine,intruder smith,smith,80,0,expander,expansion,friendly,Q2_NW,0.188396,1.675045,chosen_action,,0.0,0.093133,0.11841,0.190549,0.16128,0.0,1.675045,neutral,neutral,,,0,0,0,0.0,0.0,0.0
train,without_mine,intruder smith,smith,80,0,expander,expansion,enemy,Q1_SW,0.367197,2.92699,chosen_action,,0.0,0.0,0.4,0.320093,0.117604,0.0,2.92699,chasing_leader,leader_target,,,0,0,0,0.0,0.0,0.0
train,without_mine,intruder smith,intruder,90,1,expander,expansion,friendly,Q3_NE,1.0,1.488963,chosen_action,,0.0,0.0,0.0,0.103092,0.17892,0.0,1.488963,pressured,concentrated_inbound,26,Q3_NE,2,2,87,38.0,2.2895,0.062
train,without_mine,intruder smith,smith,90,0,expander,expansion,enemy,Q3_NE,0.501277,3.785849,chosen_action,,0.0,0.0,0.277591,0.565899,0.316809,0.0,3.785849,overtake_window,overtake_window,,,0,0,0,0.0,0.0,0.0
train,without_mine,best intruder,best,40,1,expander,established,friendly,Q0_SE,0.555073,1.420095,chosen_action,,0.0,0.099168,0.4,0.088572,0.15372,0.0,1.420095,neutral,neutral,,,0,0,0,0.0,0.0,0.0
train,without_mine,best intruder,intruder,40,0,expander,established,friendly,Q2_NW,0.322288,2.863138,chosen_action,,0.0,0.099168,0.4,0.31484,0.15372,1.0,2.863138,neutral,neutral,,,0,0,0,0.0,0.0,0.0
train,without_mine,best intruder,intruder,50,0,anchor,attack,friendly,Q3_NE,0.350655,3.024616,chosen_action,,0.0,0.18,0.001704,0.34763,0.21504,1.0,3.024616,neutral,neutral,,,0,0,0,0.0,0.0,0.0
train,without_mine,best intruder,best,60,1,expander,attack,enemy,Q3_NE,1.0,4.4195,chosen_action,,0.0,0.0,0.173727,0.522148,0.197293,1.0,4.4195,chasing_leader,leader_target,,,0,0,0,0.0,0.0,0.0
train,without_mine,best intruder,best,60,1,expander,attack,friendly,Q0_SE,0.694889,3.061378,chosen_action,,0.0,0.18,0.092957,0.35019,0.23772,1.0,3.061378,neutral,neutral,,,0,0,0,0.0,0.0,0.0
train,without_mine,best intruder,intruder,60,0,expander,attack,enemy,Q1_SW,0.457834,2.981254,chosen_action,,0.0,0.0,0.0,0.316683,0.46016,0.0,2.981254,cash_in,cash_in,,,0,0,0,0.0,0.0,0.0
train,without_mine,best intruder,best,70,1,anchor,attack,friendly,Q0_SE,1.0,1.583247,chosen_action,,0.0,0.0,0.0,0.129755,0.20136,0.0,1.583247,neutral,neutral,,,0,0,0,0.0,0.0,0.0
train,without_mine,best intruder,best,70,1,expander,attack,friendly,Q0_SE,0.694734,1.583247,chosen_action,,0.0,0.18,0.200437,0.129755,0.20136,0.0,1.583247,neutral,neutral,,,0,0,0,0.0,0.0,0.0
train,without_mine,best intruder,intruder,70,0,expander,attack,friendly,Q3_NE,0.322282,2.02138,chosen_action,,0.0,0.019815,0.030513,0.191823,0.41556,0.0,2.02138,cash_in,cash_in,,,0,0,0,0.0,0.0,0.0
train,without_mine,best intruder,best,80,1,anchor,established,friendly,Q2_NW,0.135013,2.044427,chosen_action,,0.95,0.18,0.234597,0.212178,0.396444,0.0,2.044427,cash_in,cash_in,,,0,0,0,0.0,0.0,0.0
train,without_mine,best intruder,intruder,80,0,expander,attack,friendly,Q3_NE,0.406442,2.687227,chosen_action,,0.0,0.048471,0.0,0.441381,0.46512,0.0,2.687227,cash_in,cash_in,,,0,0,0,0.0,0.0,0.0
train,without_mine,best intruder,intruder,80,0,expander,attack,friendly,Q3_NE,0.286145,2.592684,chosen_action,,0.0,0.086785,0.236664,0.449576,0.38052,0.0,2.592684,cash_in,cash_in,,,0,0,0,0.0,0.0,0.0
train,without_mine,best intruder,intruder,80,0,expander,attack,friendly,Q2_NW,0.361765,2.506746,chosen_action,,0.0,0.027621,0.0,0.390436,0.422,0.0,2.506746,cash_in,cash_in,,,0,0,0,0.0,0.0,0.0
train,without_mine,best intruder,intruder,80,0,feeder,attack,friendly,Q2_NW,0.255262,1.643017,chosen_action,,0.0,0.021649,0.0,0.146626,0.21564,0.0,1.643017,neutral,neutral,,,0,0,0,0.0,0.0,0.0
train,without_mine,best intruder,best,90,1,expander,established,friendly,Q0_SE,0.263713,1.569309,chosen_action,,0.0,0.18,0.349794,0.120032,0.20832,0.0,1.569309,neutral,neutral,,,0,0,0,0.0,0.0,0.0
train,without_mine,best intruder,best,90,1,expander,attack,enemy,Q3_NE,0.539326,3.129931,chosen_action,,0.0,0.18,0.037864,0.340071,0.528711,0.0,3.129931,cash_in,cash_in,,,0,0,0,0.0,0.0,0.0
train,without_mine,best intruder,intruder,90,0,expander,attack,friendly,Q3_NE,0.219492,1.643402,chosen_action,,0.0,0.023744,0.28957,0.181617,0.15372,0.0,1.643402,neutral,neutral,,,0,0,0,0.0,0.0,0.0
train,without_mine,best intruder,intruder,90,0,expander,attack,friendly,Q2_NW,0.321076,2.023115,chosen_action,,0.0,0.047815,0.0,0.2888,0.24444,0.0,2.023115,neutral,neutral,,,0,0,0,0.0,0.0,0.0
train,without_mine,best intruder,best,100,1,expander,attack,enemy,Q3_NE,1.0,4.64087,chosen_action,,0.0,0.0,0.200398,0.58407,0.251187,1.0,4.64087,overtake_window,overtake_window,,,0,0,0,0.0,0.0,0.0
train,without_mine,best intruder,intruder,100,0,expander,attack,friendly,Q2_NW,0.253505,1.410751,chosen_action,,0.0,0.0,0.0,0.063079,0.19212,0.0,1.410751,neutral,neutral,,,0,0,0,0.0,0.0,0.0
train,without_mine,best intruder,intruder,100,0,expander,attack,friendly,Q3_NE,0.218225,1.420095,chosen_action,,0.0,0.012627,0.070715,0.088572,0.15372,0.0,1.420095,neutral,neutral,,,0,0,0,0.0,0.0,0.0
train,without_mine,best intruder,intruder,100,0,feeder,attack,enemy,Q0_SE,0.190794,2.461734,chosen_action,,0.95,0.18,0.001375,0.205216,0.273493,0.0,2.461734,chasing_leader,leader_target,,,0,0,0,0.0,0.0,0.0
train,without_mine,best intruder,intruder,100,0,expander,attack,enemy,Q3_NE,0.334781,2.73758,chosen_action,,0.0,0.175557,0.0,0.289244,0.32844,0.0,2.73758,chasing_leader,leader_target,,,0,0,0,0.0,0.0,0.0
train,without_mine,best intruder,intruder,100,0,anchor,attack,friendly,Q2_NW,0.212925,1.805756,chosen_action,,0.0,0.175557,0.0,0.169884,0.29484,0.0,1.805756,neutral,neutral,,,0,0,0,0.0,0.0,0.0
train,without_mine,best intruder,best,110,1,expander,established,friendly,Q0_SE,1.0,2.066527,chosen_action,,0.0,0.0,0.0,0.201341,0.43208,0.0,2.066527,cash_in,cash_in,,,0,0,0,0.0,0.0,0.0
train,without_mine,best intruder,best,110,1,expander,established,friendly,Q1_SW,1.0,1.51651,chosen_action,,0.0,0.0,0.031068,0.1089,0.189,0.0,1.51651,neutral,neutral,,,0,0,0,0.0,0.0,0.0
train,without_mine,best intruder,intruder,110,0,expander,attack,unknown,unknown,0.109756,1.0,chosen_action,,0.0,0.18,0.091219,0.0,0.0,0.0,1.0,neutral,neutral,,,0,0,0,0.0,0.0,0.0
train,without_mine,best intruder,intruder,110,0,expander,attack,enemy,Q2_NW,0.596791,4.384348,chosen_action,,0.0,0.18,0.0,0.756103,0.422,0.0,4.384348,overtake_window,overtake_window,,,0,0,0,0.0,0.0,0.0
train,without_mine,best intruder,best,120,1,expander,attack,enemy,Q2_NW,0.975542,3.037864,chosen_action,,0.0,0.044184,0.0,0.32296,0.490933,0.0,3.037864,pressured,concentrated_inbound,15,Q1_SW,2,2,89,104.0,0.8558,5.729
train,without_mine,best intruder,best,120,1,expander,attack,enemy,Q0_SE,1.0,2.455221,chosen_action,,0.0,0.10299,0.0,0.229712,0.22512,0.0,2.455221,pressured,concentrated_inbound,15,Q1_SW,2,2,89,104.0,0.8558,5.729
train,without_mine,best intruder,intruder,120,0,expander,attack,friendly,Q2_NW,0.213814,1.558636,chosen_action,,0.0,0.029991,0.261084,0.122808,0.19548,0.0,1.558636,pressured,concentrated_inbound,14,Q2_NW,2,2,249,69.0,3.6087,3.346
train,without_mine,best intruder,intruder,120,0,expander,attack,enemy,Q1_SW,0.394488,3.671202,chosen_action,,0.0,0.18,0.038798,0.528974,0.297529,0.0,3.671202,pressured,concentrated_inbound,14,Q2_NW,2,2,249,69.0,3.6087,3.346
train,without_mine,best intruder,intruder,120,0,expander,attack,friendly,Q2_NW,0.23428,1.558636,chosen_action,,0.0,0.18,0.008744,0.122808,0.19548,0.0,1.558636,pressured,concentrated_inbound,14,Q2_NW,2,2,249,69.0,3.6087,3.346
train,without_mine,best intruder,intruder,130,0,attacker,attack,friendly,Q2_NW,0.264432,1.808648,chosen_action,,0.0,0.001027,0.193086,0.228262,0.1932,0.0,1.808648,neutral,neutral,,,0,0,0,0.0,0.0,0.0
train,without_mine,best intruder,best,140,1,anchor,established,friendly,Q0_SE,0.844947,1.954808,chosen_action,,0.0,0.065403,0.0,0.177787,0.3912,0.0,1.954808,cash_in,cash_in,,,0,0,0,0.0,0.0,0.0
train,without_mine,best intruder,best,140,1,expander,established,friendly,Q2_NW,0.928899,1.486258,chosen_action,,0.0,0.0,0.134396,0.076997,0.223307,0.0,1.486258,neutral,neutral,,,0,0,0,0.0,0.0,0.0
train,without_mine,best intruder,intruder,140,0,expander,expansion,friendly,Q2_NW,0.172573,1.643402,chosen_action,,0.0,0.18,0.08791,0.181617,0.15372,0.0,1.643402,neutral,neutral,,,0,0,0,0.0,0.0,0.0
train,without_mine,best intruder,best,150,1,feeder,attack,enemy,Q2_NW,1.0,2.794808,chosen_action,,0.0,0.0,0.0,0.277787,0.3912,0.0,2.794808,cash_in,cash_in,,,0,0,0,0.0,0.0,0.0
train,without_mine,best intruder,best,150,1,expander,attack,friendly,Q0_SE,1.0,1.525692,chosen_action,,0.0,0.0,0.0,0.110836,0.19236,0.0,1.525692,neutral,neutral,,,0,0,0,0.0,0.0,0.0
train,without_mine,best intruder,best,160,1,expander,established,friendly,Q2_NW,0.860595,1.502575,chosen_action,,0.0,0.0,0.175746,0.082439,0.22572,0.0,1.502575,neutral,neutral,,,0,0,0,0.0,0.0,0.0
train,without_mine,best intruder,intruder,160,0,expander,expansion,neutral,Q1_SW,0.166865,1.971747,chosen_action,,0.0,0.18,0.094759,0.187472,0.386529,0.0,1.971747,cash_in,cash_in,,,0,0,0,0.0,0.0,0.0
train,without_mine,best intruder,best,170,1,expander,attack,enemy,Q3_NE,0.647153,2.296824,chosen_action,,0.0,0.10183,0.0,0.196316,0.16716,0.0,2.296824,chasing_leader,leader_target,,,0,0,0,0.0,0.0,0.0
train,without_mine,best intruder,best,180,1,expander,attack,friendly,Q1_SW,0.319298,1.608334,chosen_action,,0.0,0.18,0.299248,0.12826,0.2226,0.0,1.608334,neutral,neutral,,,0,0,0,0.0,0.0,0.0
train,without_mine,intruder 1200,1200,20,0,expander,expansion,neutral,Q2_NW,0.133555,1.378701,chosen_action,,0.0,0.18,0.4,0.046912,0.19712,0.0,1.378701,neutral,neutral,,,0,0,0,0.0,0.0,0.0
train,without_mine,intruder 1200,intruder,40,1,expander,expansion,unknown,unknown,0.613485,1.0,chosen_action,,0.0,0.18,0.026515,0.0,0.0,0.0,1.0,neutral,neutral,,,0,0,0,0.0,0.0,0.0
train,without_mine,intruder 1200,intruder,40,1,expander,expansion,neutral,Q0_SE,0.904782,1.64789,chosen_action,,0.0,0.18,0.0,0.080144,0.33744,0.0,1.64789,neutral,neutral,,,0,0,0,0.0,0.0,0.0
train,without_mine,intruder 1200,1200,40,0,expander,expansion,friendly,Q3_NE,0.348447,2.162578,chosen_action,,0.0,0.0,0.0,0.328167,0.27776,0.0,2.162578,neutral,neutral,,,0,0,0,0.0,0.0,0.0
train,without_mine,intruder 1200,intruder,50,1,expander,expansion,friendly,Q1_SW,0.921683,1.645667,chosen_action,,0.0,0.15024,0.011914,0.112608,0.27808,0.0,1.645667,neutral,neutral,,,0,0,0,0.0,0.0,0.0
train,without_mine,intruder 1200,intruder,50,1,sweeper,expansion,friendly,Q0_SE,0.547585,1.844016,chosen_action,,0.0,0.18,0.101392,0.177951,0.30884,0.0,1.844016,neutral,neutral,,,0,0,0,0.0,0.0,0.0
train,without_mine,intruder 1200,intruder,50,1,expander,expansion,neutral,Q0_SE,0.89459,1.720584,chosen_action,,0.0,0.18,0.019578,0.095471,0.36404,0.0,1.720584,cash_in,cash_in,,,0,0,0,0.0,0.0,0.0
train,without_mine,intruder 1200,1200,50,0,expander,expansion,neutral,Q0_SE,0.29036,2.039796,chosen_action,,0.0,0.18,0.041756,0.196388,0.421084,0.0,2.039796,cash_in,cash_in,,,0,0,0,0.0,0.0,0.0
train,without_mine,intruder 1200,1200,50,0,expander,expansion,neutral,Q0_SE,0.26921,1.92846,chosen_action,,0.0,0.18,0.076429,0.164961,0.394484,0.0,1.92846,cash_in,cash_in,,,0,0,0,0.0,0.0,0.0
train,without_mine,intruder 1200,1200,50,0,anchor,expansion,neutral,Q1_SW,0.124075,1.95608,chosen_action,,0.95,0.18,0.083516,0.170094,0.405818,0.0,1.95608,cash_in,cash_in,,,0,0,0,0.0,0.0,0.0
train,without_mine,intruder 1200,intruder,60,1,expander,expansion,neutral,Q2_NW,0.791427,1.720584,chosen_action,,0.0,0.18,0.122741,0.095471,0.36404,0.0,1.720584,pressured,concentrated_inbound,8,Q0_SE,2,2,44,54.0,0.8148,3.815
train,without_mine,intruder 1200,intruder,60,1,sweeper,expansion,enemy,Q2_NW,0.667831,2.64499,chosen_action,,0.0,0.18,0.086107,0.269723,0.29456,0.0,2.64499,pressured,concentrated_inbound,8,Q0_SE,2,2,44,54.0,0.8148,3.815
train,without_mine,intruder 1200,intruder,60,1,expander,expansion,neutral,Q0_SE,0.084782,1.64789,chosen_action,,0.95,0.18,0.061513,0.080144,0.33744,0.0,1.64789,pressured,concentrated_inbound,8,Q0_SE,2,2,44,54.0,0.8148,3.815
train,without_mine,best 1039,best,0,1,expander,initiation,neutral,Q0_SE,0.782624,1.78486,chosen_action,,0.0,0.18,0.139844,0.109023,0.38756,0.0,1.78486,neutral,neutral,,,0,0,0,0.0,0.0,0.0
train,without_mine,best 1039,1039,0,0,expander,initiation,neutral,Q2_NW,0.238499,1.78486,chosen_action,,0.0,0.18,0.139844,0.109023,0.38756,0.0,1.78486,neutral,neutral,,,0,0,0,0.0,0.0,0.0
train,without_mine,best 1039,1039,10,0,expander,initiation,neutral,Q2_NW,0.272005,1.78486,chosen_action,,0.0,0.067334,0.084981,0.109023,0.38756,0.0,1.78486,neutral,neutral,,,0,0,0,0.0,0.0,0.0
train,without_mine,best 1039,1039,40,0,expander,expansion,neutral,Q3_NE,0.267417,1.999219,chosen_action,,0.0,0.18,0.129225,0.198339,0.38756,0.0,1.999219,cash_in,cash_in,,,0,0,0,0.0,0.0,0.0
train,without_mine,best 1039,best,50,1,expander,established,neutral,Q3_NE,0.86395,1.833656,chosen_action,,0.0,0.18,0.064842,0.118092,0.407582,0.0,1.833656,cash_in,cash_in,,,0,0,0,0.0,0.0,0.0
train,without_mine,best 1039,1039,50,0,anchor,expansion,neutral,Q0_SE,0.183891,2.010666,chosen_action,,0.0,0.18,0.155417,0.189053,0.412547,0.0,2.010666,cash_in,cash_in,,,0,0,0,0.0,0.0,0.0
train,without_mine,best 1039,best,60,1,expander,established,neutral,Q3_NE,0.83239,1.838616,chosen_action,,0.0,0.18,0.097026,0.119988,0.407884,0.0,1.838616,cash_in,cash_in,,,0,0,0,0.0,0.0,0.0
train,without_mine,best 1039,best,80,1,expander,established,friendly,Q2_NW,1.0,1.589438,chosen_action,,0.0,0.0,0.0,0.099902,0.259018,0.0,1.589438,pressured,concentrated_inbound,27,Q2_NW,2,2,63,24.0,2.625,7.624
train,without_mine,best 1039,1039,80,0,expander,expansion,enemy,Q2_NW,0.477907,3.425165,chosen_action,,0.0,0.164977,0.0,0.455984,0.24504,0.0,3.425165,chasing_leader,leader_target,,,0,0,0,0.0,0.0,0.0
train,without_mine,best 1039,best,110,1,expander,established,friendly,Q3_NE,1.0,1.606038,chosen_action,,0.0,0.0,0.0,0.127776,0.22176,0.0,1.606038,neutral,neutral,,,0,0,0,0.0,0.0,0.0
train,without_mine,best 1039,best,110,1,expander,established,friendly,Q3_NE,1.0,1.826254,chosen_action,,0.0,0.0,0.0,0.150683,0.34416,0.0,1.826254,neutral,neutral,,,0,0,0,0.0,0.0,0.0
train,without_mine,intruder 1039,intruder,0,1,anchor,initiation,neutral,Q0_SE,0.541813,2.172817,chosen_action,,0.0,0.18,0.150746,0.190819,0.52952,0.0,2.172817,neutral,neutral,,,0,0,0,0.0,0.0,0.0
train,without_mine,intruder 1039,1039,0,0,anchor,initiation,neutral,Q2_NW,0.23041,2.172817,chosen_action,,0.0,0.18,0.150746,0.190819,0.52952,0.0,2.172817,neutral,neutral,,,0,0,0,0.0,0.0,0.0
train,without_mine,intruder 1039,1039,10,0,anchor,initiation,neutral,Q2_NW,0.385173,3.510918,chosen_action,,0.0,0.18,0.150746,0.373361,0.52952,1.0,3.510918,cash_in,cash_in,,,0,0,0,0.0,0.0,0.0
train,without_mine,intruder 1039,intruder,20,1,expander,expansion,neutral,Q0_SE,1.0,2.216433,chosen_action,,0.0,0.0,0.0,0.200015,0.54548,0.0,2.216433,cash_in,cash_in,,,0,0,0,0.0,0.0,0.0
train,without_mine,intruder 1039,1039,20,0,expander,expansion,neutral,Q3_NE,0.223519,2.611813,chosen_action,,0.0,0.18,0.4,0.369484,0.537076,0.0,2.611813,cash_in,cash_in,,,0,0,0,0.0,0.0,0.0
train,without_mine,intruder 1039,1039,20,0,anchor,expansion,neutral,Q1_SW,0.261056,2.5934,chosen_action,,0.0,0.18,0.20038,0.366062,0.52952,0.0,2.5934,cash_in,cash_in,,,0,0,0,0.0,0.0,0.0
train,without_mine,intruder 1039,1039,30,0,anchor,expansion,neutral,Q1_SW,0.261056,2.5934,chosen_action,,0.0,0.18,0.20038,0.366062,0.52952,0.0,2.5934,cash_in,cash_in,,,0,0,0,0.0,0.0,0.0
train,without_mine,intruder 1039,1039,30,0,expander,expansion,neutral,Q3_NE,0.22507,2.623782,chosen_action,,0.0,0.18,0.4,0.371708,0.541987,0.0,2.623782,cash_in,cash_in,,,0,0,0,0.0,0.0,0.0
train,without_mine,intruder 1039,intruder,40,1,expander,expansion,friendly,Q3_NE,1.0,2.016024,chosen_action,,0.0,0.0,0.0,0.190693,0.4136,0.0,2.016024,cash_in,cash_in,,,0,0,0,0.0,0.0,0.0
train,without_mine,intruder 1039,1039,40,0,expander,expansion,friendly,Q2_NW,0.114195,1.675045,chosen_action,,0.0,0.18,0.4,0.190549,0.16128,0.0,1.675045,neutral,neutral,,,0,0,0,0.0,0.0,0.0
train,without_mine,intruder 1039,intruder,50,1,expander,expansion,friendly,Q1_SW,0.956061,2.223131,chosen_action,,0.0,0.041899,0.0,0.233945,0.49012,0.0,2.223131,cash_in,cash_in,,,0,0,0,0.0,0.0,0.0
train,without_mine,intruder 1039,1039,50,0,expander,expansion,enemy,Q0_SE,0.53816,4.663171,chosen_action,,0.0,0.18,0.135109,0.795392,0.558689,0.0,4.663171,overtake_window,overtake_window,,,0,0,0,0.0,0.0,0.0
train,without_mine,intruder 1039,1039,50,0,anchor,expansion,neutral,Q2_NW,0.306367,1.819911,chosen_action,,0.0,0.0,0.0,0.147724,0.34472,0.0,1.819911,neutral,neutral,,,0,0,0,0.0,0.0,0.0
train,without_mine,intruder 1039,intruder,60,1,expander,expansion,friendly,Q3_NE,0.658223,1.507328,chosen_action,,0.0,0.11047,0.016812,0.106964,0.18564,0.0,1.507328,pressured,concentrated_inbound,22,Q1_SW,2,2,132,101.0,1.3069,5.782
train,without_mine,intruder 1039,1039,60,0,expander,attack,enemy,Q1_SW,0.643171,4.460709,chosen_action,,0.0,0.0,0.0,0.746195,0.496178,0.0,4.460709,overtake_window,overtake_window,,,0,0,0,0.0,0.0,0.0
train,without_mine,intruder 1039,1039,60,0,expander,attack,enemy,Q2_NW,0.572683,4.194636,chosen_action,,0.0,0.18,0.0,0.696744,0.387,0.0,4.194636,overtake_window,overtake_window,,,0,0,0,0.0,0.0,0.0
train,without_mine,intruder 1039,intruder,70,1,expander,expansion,enemy,Q2_NW,1.0,2.863676,chosen_action,,0.0,0.00381,0.202802,0.292307,0.4164,0.0,2.863676,cash_in,cash_in,,,0,0,0,0.0,0.0,0.0
train,without_mine,best 1200,best,50,1,attacker,established,neutral,Q0_SE,0.837835,2.129966,chosen_action,,0.0,0.18,0.129191,0.181784,0.51384,0.0,2.129966,cash_in,cash_in,,,0,0,0,0.0,0.0,0.0
train,without_mine,best 1200,1200,50,0,anchor,expansion,neutral,Q3_NE,0.403842,2.999228,chosen_action,,0.0,0.009205,0.087876,0.270249,0.3338,1.0,2.999228,neutral,neutral,,,0,0,0,0.0,0.0,0.0
train,without_mine,best 1200,1200,50,0,expander,expansion,neutral,Q2_NW,0.364957,2.999228,chosen_action,,0.0,0.086427,0.032757,0.270249,0.3338,1.0,2.999228,neutral,neutral,,,0,0,0,0.0,0.0,0.0
train,without_mine,best 1200,1200,50,0,expander,expansion,neutral,Q2_NW,0.413022,2.999228,chosen_action,,0.0,0.0,0.075186,0.270249,0.3338,1.0,2.999228,neutral,neutral,,,0,0,0,0.0,0.0,0.0
train,without_mine,best 1200,1200,50,0,expander,expansion,neutral,Q3_NE,0.367914,3.019889,chosen_action,,0.0,0.179516,0.200046,0.274605,0.34136,1.0,3.019889,neutral,neutral,,,0,0,0,0.0,0.0,0.0
train,without_mine,best 1200,best,60,1,expander,established,neutral,Q1_SW,1.0,3.797943,chosen_action,,0.0,0.0,0.0,0.476575,0.55864,1.0,3.797943,cash_in,cash_in,,,0,0,0,0.0,0.0,0.0
train,without_mine,best 1200,1200,60,0,expander,established,neutral,Q0_SE,0.273934,1.91823,chosen_action,,0.0,0.18,0.049419,0.130656,0.447893,0.0,1.91823,cash_in,cash_in,,,0,0,0,0.0,0.0,0.0
train,without_mine,best 1200,best,70,1,expander,attack,neutral,Q0_SE,0.88285,1.658602,chosen_action,,0.0,0.18,0.023315,0.082403,0.34136,0.0,1.658602,neutral,neutral,,,0,0,0,0.0,0.0,0.0
train,without_mine,best 1200,best,80,1,feeder,attack,neutral,Q0_SE,1.0,1.658602,chosen_action,,0.0,0.0,0.0,0.082403,0.34136,0.0,1.658602,neutral,neutral,,,0,0,0,0.0,0.0,0.0
train,without_mine,best 1200,1200,80,0,battery,attack,friendly,Q3_NE,0.239425,1.537541,chosen_action,,0.0,0.0,0.1141,0.116853,0.19044,0.0,1.537541,neutral,neutral,,,0,0,0,0.0,0.0,0.0
train,without_mine,best 1200,1200,80,0,anchor,attack,friendly,Q2_NW,0.176264,1.752008,chosen_action,,0.0,0.141568,0.18071,0.177392,0.24168,0.0,1.752008,neutral,neutral,,,0,0,0,0.0,0.0,0.0
train,without_mine,best 1200,best,90,1,expander,established,friendly,Q1_SW,0.41964,1.34434,chosen_action,,0.0,0.18,0.16482,0.0726,0.126,0.0,1.34434,pressured,concentrated_inbound,2,Q3_NE,2,2,46,70.0,0.6571,6.788
train,without_mine,best 1200,best,100,1,expander,established,friendly,Q3_NE,0.453816,1.472942,chosen_action,,0.0,0.18,0.147258,0.099254,0.173876,0.0,1.472942,neutral,neutral,,,0,0,0,0.0,0.0,0.0
train,without_mine,best intruder smith 1200,best,0,0,anchor,initiation,neutral,Q0_SE,0.293674,1.716758,chosen_action,,0.0,0.0,0.0,0.094664,0.36264,0.0,1.716758,neutral,neutral,,,0,0,0,0.0,0.0,0.0
train,without_mine,best intruder smith 1200,intruder,0,1,anchor,initiation,neutral,Q1_SW,1.0,1.716758,chosen_action,,0.0,0.0,0.0,0.094664,0.36264,0.0,1.716758,neutral,neutral,,,0,0,0,0.0,0.0,0.0
train,without_mine,best intruder smith 1200,smith,0,0,anchor,initiation,neutral,Q3_NE,0.293674,1.716758,chosen_action,,0.0,0.0,0.0,0.094664,0.36264,0.0,1.716758,neutral,neutral,,,0,0,0,0.0,0.0,0.0
train,without_mine,best intruder smith 1200,1200,0,0,anchor,initiation,neutral,Q2_NW,0.225679,1.922596,chosen_action,,0.0,0.059831,0.212304,0.138063,0.43796,0.0,1.922596,neutral,neutral,,,0,0,0,0.0,0.0,0.0
train,without_mine,best intruder smith 1200,smith,20,0,expander,expansion,neutral,Q1_SW,0.391812,3.136462,chosen_action,,0.0,0.18,0.183559,0.3502,0.515542,0.666667,3.136462,cash_in,cash_in,,,0,0,0,0.0,0.0,0.0
train,without_mine,best intruder smith 1200,1200,20,0,expander,expansion,enemy,Q0_SE,0.461222,4.006606,chosen_action,,0.0,0.18,0.350934,0.506931,0.362942,1.0,4.006606,cash_in,cash_in,,,0,0,0,0.0,0.0,0.0
train,without_mine,best intruder smith 1200,intruder,30,1,expander,expansion,enemy,Q0_SE,0.148061,1.526275,chosen_action,,0.0,0.18,0.4,0.105439,0.202387,0.0,1.526275,pressured,concentrated_inbound,13,Q2_NW,2,2,35,53.0,0.6604,1.413
train,without_mine,best intruder smith 1200,smith,30,0,expander,expansion,friendly,Q0_SE,0.344103,2.371054,chosen_action,,0.0,0.0,0.103875,0.229813,0.162596,0.666667,2.371054,pressured,concentrated_inbound,22,Q0_SE,2,2,40,43.0,0.9302,2.611
train,without_mine,best intruder smith 1200,1200,30,0,expander,expansion,enemy,Q2_NW,0.440891,3.907069,chosen_action,,0.0,0.042228,0.4,0.46854,0.13524,0.666667,3.907069,chasing_leader,leader_target,,,0,0,0,0.0,0.0,0.0
train,without_mine,best intruder smith 1200,intruder,40,1,anchor,expansion,enemy,Q0_SE,0.389493,1.524961,chosen_action,,0.0,0.18,0.158411,0.104564,0.202969,0.0,1.524961,neutral,neutral,,,0,0,0,0.0,0.0,0.0
train,without_mine,best intruder smith 1200,smith,40,0,expander,expansion,enemy,Q0_SE,0.265749,2.08248,chosen_action,,0.0,0.037757,0.3292,0.259491,0.34052,0.0,2.08248,pressured,concentrated_inbound,30,Q3_NE,2,2,49,46.0,1.0652,7.972
train,without_mine,best intruder smith 1200,1200,40,0,anchor,expansion,neutral,Q3_NE,0.251178,2.404111,chosen_action,,0.0,0.18,0.129977,0.302066,0.503076,0.0,2.404111,cash_in,cash_in,,,0,0,0,0.0,0.0,0.0
train,without_mine,best intruder smith 1200,best,50,0,anchor,expansion,friendly,Q0_SE,0.310482,2.015029,chosen_action,,0.0,0.0,0.044933,0.173639,0.22096,0.333333,2.015029,neutral,neutral,,,0,0,0,0.0,0.0,0.0
train,without_mine,best intruder smith 1200,intruder,50,1,expander,expansion,enemy,Q2_NW,0.584459,1.679336,chosen_action,,0.0,0.010818,0.4,0.119707,0.2904,0.0,1.679336,neutral,neutral,,,0,0,0,0.0,0.0,0.0
train,without_mine,best intruder smith 1200,intruder,50,1,expander,expansion,enemy,Q0_SE,0.544576,1.90393,chosen_action,,0.0,0.18,0.39271,0.161908,0.381742,0.0,1.90393,cash_in,cash_in,,,0,0,0,0.0,0.0,0.0
train,without_mine,best intruder smith 1200,smith,50,0,expander,expansion,neutral,Q1_SW,0.382375,2.947208,chosen_action,,0.0,0.18,0.161829,0.444362,0.6524,0.0,2.947208,cash_in,cash_in,,,0,0,0,0.0,0.0,0.0
train,without_mine,best intruder smith 1200,intruder,60,1,expander,expansion,neutral,Q1_SW,1.0,2.257754,chosen_action,,0.0,0.0,0.0,0.208727,0.5606,0.0,2.257754,cash_in,cash_in,,,0,0,0,0.0,0.0,0.0
train,without_mine,best intruder smith 1200,intruder,60,1,expander,expansion,neutral,Q2_NW,1.0,2.257754,chosen_action,,0.0,0.0,0.036667,0.208727,0.5606,0.0,2.257754,cash_in,cash_in,,,0,0,0,0.0,0.0,0.0
train,without_mine,best intruder smith 1200,intruder,60,1,expander,expansion,neutral,Q0_SE,0.082691,1.634525,chosen_action,,0.95,0.18,0.302021,0.095605,0.300053,0.0,1.634525,neutral,neutral,,,0,0,0,0.0,0.0,0.0
train,without_mine,best intruder smith 1200,best,70,0,expander,expansion,neutral,Q0_SE,0.286973,2.294552,chosen_action,,0.0,0.0,0.4,0.281704,0.45812,0.0,2.294552,cash_in,cash_in,,,0,0,0,0.0,0.0,0.0
train,without_mine,best intruder smith 1200,intruder,70,1,expander,attack,neutral,Q3_NE,1.0,2.061593,chosen_action,,0.0,0.0,0.0,0.164125,0.494587,0.0,2.061593,cash_in,cash_in,,,0,0,0,0.0,0.0,0.0
train,without_mine,best intruder smith 1200,best,80,0,expander,attack,friendly,Q0_SE,0.184646,1.506284,chosen_action,,0.0,0.0,0.4,0.142912,0.12096,0.0,1.506284,neutral,neutral,,,0,0,0,0.0,0.0,0.0
train,without_mine,best intruder smith 1200,best,80,0,anchor,attack,friendly,Q0_SE,0.264407,1.700442,chosen_action,,0.0,0.0,0.1,0.162836,0.22936,0.0,1.700442,neutral,neutral,,,0,0,0,0.0,0.0,0.0
train,without_mine,best intruder smith 1200,intruder,80,1,expander,established,friendly,Q1_SW,0.565785,1.346636,chosen_action,,0.0,0.143678,0.055293,0.073084,0.12684,0.0,1.346636,neutral,neutral,,,0,0,0,0.0,0.0,0.0
train,without_mine,best intruder smith 1200,smith,80,0,expander,attack,enemy,Q0_SE,0.199181,2.446439,chosen_action,,0.0,0.18,0.4,0.317189,0.211249,0.0,2.446439,chasing_leader,leader_target,,,0,0,0,0.0,0.0,0.0
train,without_mine,best intruder smith 1200,intruder,90,1,expander,attack,enemy,Q0_SE,0.960055,2.660162,chosen_action,,0.0,0.18,0.076376,0.246224,0.347573,0.0,2.660162,chasing_leader,leader_target,,,0,0,0,0.0,0.0,0.0
train,without_mine,best intruder smith 1200,intruder,90,1,expander,attack,enemy,Q3_NE,0.667677,1.376478,chosen_action,,0.0,0.085452,0.295481,0.079376,0.13776,0.0,1.376478,neutral,neutral,,,0,0,0,0.0,0.0,0.0
train,without_mine,best intruder smith 1200,intruder,90,1,expander,established,friendly,Q3_NE,0.962753,1.699996,chosen_action,,0.0,0.0,0.128098,0.124063,0.29796,0.0,1.699996,neutral,neutral,,,0,0,0,0.0,0.0,0.0
train,without_mine,best intruder smith 1200,intruder,90,1,expander,established,friendly,Q1_SW,1.0,1.732296,chosen_action,,0.0,0.0,0.0,0.154396,0.26796,0.0,1.732296,neutral,neutral,,,0,0,0,0.0,0.0,0.0
train,without_mine,best intruder smith 1200,intruder,100,1,expander,attack,friendly,Q0_SE,0.779186,1.284654,chosen_action,,0.0,0.147605,0.109963,0.060016,0.10416,0.0,1.284654,neutral,neutral,,,0,0,0,0.0,0.0,0.0
train,without_mine,best intruder smith 1200,intruder,100,1,expander,attack,enemy,Q0_SE,0.540206,2.329566,chosen_action,,0.0,0.131342,0.082133,0.179696,0.22096,0.0,2.329566,chasing_leader,leader_target,,,0,0,0,0.0,0.0,0.0
train,without_mine,best intruder smith 1200,intruder,100,1,expander,attack,friendly,Q3_NE,1.0,1.706883,chosen_action,,0.0,0.0,0.0,0.125515,0.30048,0.0,1.706883,neutral,neutral,,,0,0,0,0.0,0.0,0.0
train,without_mine,best intruder 1200 1039,1200,30,0,anchor,expansion,enemy,Q1_SW,0.411846,4.108324,chosen_action,,0.0,0.18,0.180829,0.488233,0.249307,0.666667,4.108324,chasing_leader,leader_target,,,0,0,0,0.0,0.0,0.0
train,without_mine,best intruder 1200 1039,best,50,1,expander,expansion,neutral,Q0_SE,0.597825,2.253909,chosen_action,,0.0,0.121329,0.15763,0.186862,0.3744,0.333333,2.253909,cash_in,cash_in,,,0,0,0,0.0,0.0,0.0
train,without_mine,best intruder 1200 1039,best,50,1,expander,expansion,neutral,Q3_NE,0.91978,2.439344,chosen_action,,0.0,0.18,0.081025,0.222072,0.449164,0.333333,2.439344,cash_in,cash_in,,,0,0,0,0.0,0.0,0.0
train,without_mine,best intruder 1200 1039,1200,50,0,expander,expansion,friendly,Q3_NE,0.213413,2.029761,chosen_action,,0.0,0.145195,0.16867,0.255795,0.30804,0.0,2.029761,neutral,neutral,,,0,0,0,0.0,0.0,0.0
train,without_mine,best intruder 1200 1039,1200,50,0,anchor,expansion,neutral,Q1_SW,0.168877,2.114134,chosen_action,,0.0,0.18,0.176493,0.218792,0.43632,0.0,2.114134,cash_in,cash_in,,,0,0,0,0.0,0.0,0.0
train,without_mine,best intruder 1200 1039,best,60,1,expander,expansion,enemy,Q2_NW,0.632719,2.516928,chosen_action,,0.0,0.107611,0.117638,0.214461,0.297942,0.0,2.516928,chasing_leader,leader_target,,,0,0,0,0.0,0.0,0.0
train,without_mine,best intruder 1200 1039,1039,60,0,attacker,attack,enemy,Q3_NE,0.377289,2.43558,chosen_action,,0.0,0.007677,0.0,0.295993,0.31496,0.333333,2.43558,pressured,concentrated_inbound,15,Q3_NE,2,2,51,66.0,0.7727,8.581
train,without_mine,best intruder 1200 1039,best,70,1,expander,expansion,friendly,Q2_NW,0.855556,1.674608,chosen_action,,0.0,0.18,0.052108,0.114202,0.296684,0.0,1.674608,neutral,neutral,,,0,0,0,0.0,0.0,0.0
train,without_mine,best intruder 1200 1039,1200,70,0,expander,expansion,neutral,Q3_NE,0.261053,1.989844,chosen_action,,0.0,0.142812,0.192249,0.195692,0.38532,0.0,1.989844,cash_in,cash_in,,,0,0,0,0.0,0.0,0.0
train,without_mine,best intruder 1200 1039,1039,70,0,sweeper,attack,enemy,Q3_NE,0.473774,3.731745,chosen_action,,0.0,0.088668,0.02544,0.544776,0.314284,0.0,3.731745,chasing_leader,leader_target,,,0,0,0,0.0,0.0,0.0
train,without_mine,best intruder 1200 1039,1200,80,0,expander,expansion,neutral,Q0_SE,0.292489,2.128864,chosen_action,,0.0,0.18,0.08798,0.22153,0.442364,0.0,2.128864,cash_in,cash_in,,,0,0,0,0.0,0.0,0.0
train,without_mine,best intruder 1200 1039,best,90,1,expander,expansion,enemy,Q2_NW,0.690405,2.540411,chosen_action,,0.0,0.168069,0.002539,0.218768,0.30768,0.0,2.540411,pressured,concentrated_inbound,23,Q2_NW,2,2,87,33.0,2.6364,6.073
train,without_mine,best intruder 1200 1039,best,100,1,expander,expansion,friendly,Q1_SW,0.563117,1.454529,chosen_action,,0.0,0.099994,0.115576,0.095832,0.16632,0.0,1.454529,neutral,neutral,,,0,0,0,0.0,0.0,0.0
train,without_mine,best intruder 1200 1039,best,100,1,expander,expansion,enemy,Q2_NW,0.534223,2.518547,chosen_action,,0.0,0.154467,0.169002,0.239016,0.255489,0.0,2.518547,chasing_leader,leader_target,,,0,0,0,0.0,0.0,0.0
train,without_mine,best intruder 1200 1039,1039,100,0,expander,attack,neutral,Q0_SE,0.258665,2.608425,chosen_action,,0.0,0.18,0.144379,0.345802,0.576667,0.0,2.608425,pressured,concentrated_inbound,11,Q2_NW,2,2,57,48.0,1.1875,8.995
train,without_mine,best intruder 1200 1039,best,120,1,expander,expansion,friendly,Q3_NE,1.0,1.50334,chosen_action,,0.0,0.022639,0.0,0.0826,0.226,0.0,1.50334,neutral,neutral,,,0,0,0,0.0,0.0,0.0
train,without_mine,best intruder smith 1039,1039,30,0,attacker,attack,neutral,Q3_NE,0.369762,2.352489,chosen_action,,0.0,0.0,0.0,0.195147,0.432693,0.333333,2.352489,neutral,neutral,,,0,0,0,0.0,0.0,0.0
train,without_mine,best intruder smith 1039,intruder,50,0,expander,expansion,enemy,Q2_NW,0.247784,1.551604,chosen_action,,0.0,0.04516,0.071573,0.120823,0.1938,0.0,1.551604,neutral,neutral,,,0,0,0,0.0,0.0,0.0
train,without_mine,best intruder smith 1039,intruder,90,0,expander,attack,friendly,Q2_NW,0.283979,1.925457,chosen_action,,0.0,0.101272,0.073169,0.226352,0.28312,0.0,1.925457,neutral,neutral,,,0,0,0,0.0,0.0,0.0
train,without_mine,best intruder smith 1039,smith,90,0,anchor,attack,enemy,Q0_SE,0.169804,1.694499,chosen_action,,0.0,0.18,0.001847,0.12134,0.298729,0.0,1.694499,neutral,neutral,,,0,0,0,0.0,0.0,0.0
train,without_mine,best intruder smith 1039,intruder,110,0,attacker,attack,friendly,Q2_NW,0.325524,2.021627,chosen_action,,0.0,0.028941,0.0,0.245243,0.320773,0.0,2.021627,neutral,neutral,,,0,0,0,0.0,0.0,0.0
train,without_mine,best intruder smith 1039,smith,110,0,anchor,attack,enemy,Q0_SE,0.276354,2.505038,chosen_action,,0.0,0.18,0.0,0.215864,0.28664,0.0,2.505038,chasing_leader,leader_target,,,0,0,0,0.0,0.0,0.0
train,without_mine,best intruder smith 1039,smith,120,0,expander,attack,enemy,Q0_SE,0.28708,2.598285,chosen_action,,0.0,0.18,0.006616,0.235087,0.321538,0.0,2.598285,chasing_leader,leader_target,,,0,0,0,0.0,0.0,0.0
train,without_mine,best intruder smith 1039,best,130,1,expander,established,friendly,Q1_SW,1.0,1.967721,chosen_action,,0.0,0.0,0.0,0.157865,0.21396,0.333333,1.967721,pressured,concentrated_inbound,8,Q0_SE,2,4,86,47.0,1.8298,5.472
train,without_mine,best intruder smith 1039,smith,130,0,expander,attack,neutral,Q2_NW,0.051334,1.392474,chosen_action,,0.95,0.130354,0.100454,0.049816,0.20216,0.0,1.392474,neutral,neutral,,,0,0,0,0.0,0.0,0.0
train,without_mine,best intruder smith 1039,best,140,1,attacker,attack,neutral,Q0_SE,1.0,2.54794,chosen_action,,0.0,0.110961,0.006962,0.350833,0.52292,0.0,2.54794,cash_in,cash_in,,,0,0,0,0.0,0.0,0.0
train,without_mine,best intruder smith 1039,best,140,1,expander,attack,enemy,Q2_NW,1.0,2.241606,chosen_action,,0.0,0.085031,0.037361,0.299348,0.387533,0.0,2.241606,cash_in,cash_in,,,0,0,0,0.0,0.0,0.0
train,without_mine,best intruder smith 1039,smith,140,0,expander,attack,neutral,Q2_NW,0.324092,2.126905,chosen_action,,0.0,0.013692,0.0,0.181139,0.51272,0.0,2.126905,cash_in,cash_in,,,0,0,0,0.0,0.0,0.0
train,without_mine,best intruder smith 1039,smith,140,0,attacker,attack,neutral,Q2_NW,0.316636,2.126905,chosen_action,,0.0,0.149977,0.0,0.181139,0.51272,0.0,2.126905,cash_in,cash_in,,,0,0,0,0.0,0.0,0.0
train,without_mine,best intruder smith 1039,smith,150,0,expander,attack,enemy,Q0_SE,0.447499,3.916037,chosen_action,,0.0,0.18,0.008741,0.477869,0.34752,0.333333,3.916037,chasing_leader,leader_target,,,0,0,0,0.0,0.0,0.0
train,without_mine,best intruder smith 1039,best,160,1,expander,attack,friendly,Q2_NW,0.736099,2.299906,chosen_action,,0.0,0.1448,0.000976,0.238955,0.315862,0.333333,2.299906,pressured,concentrated_inbound,11,Q2_NW,2,2,51,51.0,1.0,5.097
train,without_mine,best intruder smith 1039,best,170,1,expander,attack,friendly,Q2_NW,0.46445,1.419479,chosen_action,,0.0,0.18,0.130184,0.064873,0.195396,0.0,1.419479,pressured,concentrated_inbound,4,Q0_SE,2,2,65,72.0,0.9028,0.514
train,without_mine,best intruder smith 1039,smith,180,0,feeder,attack,enemy,Q2_NW,0.418888,3.604648,chosen_action,,0.0,0.18,0.033273,0.387183,0.27808,0.333333,3.604648,pressured,concentrated_inbound,3,Q2_NW,2,3,43,42.0,1.0238,3.365
train,without_mine,best intruder smith 1039,smith,240,0,attacker,attack,friendly,Q3_NE,0.316174,1.904362,chosen_action,,0.0,0.0,0.0,0.220398,0.27808,0.0,1.904362,neutral,neutral,,,0,0,0,0.0,0.0,0.0
train,without_mine,best intruder smith 1039,smith,240,0,expander,attack,friendly,Q3_NE,0.271247,1.904362,chosen_action,,0.0,0.048796,0.0,0.220398,0.27808,0.0,1.904362,neutral,neutral,,,0,0,0,0.0,0.0,0.0
train,without_mine,best intruder smith 1039,best,250,1,feeder,attack,enemy,Q3_NE,0.62474,2.83231,chosen_action,,0.0,0.18,0.013942,0.281277,0.412773,0.0,2.83231,cash_in,cash_in,,,0,0,0,0.0,0.0,0.0
train,without_mine,best intruder smith 1039,best,250,1,expander,established,friendly,Q2_NW,1.0,1.40616,chosen_action,,0.0,0.0,0.0,0.062111,0.19044,0.0,1.40616,neutral,neutral,,,0,0,0,0.0,0.0,0.0
train,without_mine,best intruder smith 1039,smith,250,0,anchor,attack,friendly,Q3_NE,0.284991,2.164536,chosen_action,,0.0,0.078517,0.0,0.293838,0.34024,0.0,2.164536,neutral,neutral,,,0,0,0,0.0,0.0,0.0
train,without_mine,best intruder smith 1039,best,260,1,expander,established,neutral,Q0_SE,0.051334,1.392474,chosen_action,,0.95,0.084245,0.0,0.049816,0.20216,0.0,1.392474,neutral,neutral,,,0,0,0,0.0,0.0,0.0
train,without_mine,best intruder smith 1039,best,260,1,expander,established,neutral,Q2_NW,0.051334,1.392474,chosen_action,,0.95,0.088184,0.005202,0.049816,0.20216,0.0,1.392474,neutral,neutral,,,0,0,0,0.0,0.0,0.0
train,without_mine,best smith,best,60,1,expander,attack,friendly,Q1_SW,1.0,2.004546,chosen_action,,0.0,0.0,0.0,0.188273,0.4094,0.0,2.004546,cash_in,cash_in,,,0,0,0,0.0,0.0,0.0
train,without_mine,best smith,smith,60,0,expander,attack,enemy,Q1_SW,0.552828,5.007863,chosen_action,,0.0,0.18,0.128833,0.622701,0.454356,1.0,5.007863,overtake_window,overtake_window,,,0,0,0,0.0,0.0,0.0
train,without_mine,best smith,smith,60,0,expander,established,neutral,Q1_SW,0.460233,3.50866,chosen_action,,0.0,0.170323,0.062381,0.38572,0.505876,1.0,3.50866,cash_in,cash_in,,,0,0,0,0.0,0.0,0.0
train,without_mine,best smith,smith,60,0,anchor,established,friendly,Q2_NW,0.24743,2.980771,chosen_action,,0.95,0.0,0.0,0.333614,0.20748,1.0,2.980771,neutral,neutral,,,0,0,0,0.0,0.0,0.0
train,without_mine,best smith,smith,70,0,expander,attack,enemy,Q1_SW,0.541489,4.606646,chosen_action,,0.0,0.18,0.0,0.803203,0.502933,0.0,4.606646,overtake_window,overtake_window,,,0,0,0,0.0,0.0,0.0
train,without_mine,best smith,best,80,1,expander,established,friendly,Q2_NW,1.0,1.672222,chosen_action,,0.0,0.0,0.0,0.110203,0.302027,0.0,1.672222,pressured,concentrated_inbound,7,Q2_NW,2,2,30,17.0,1.7647,7.195
train,without_mine,best smith,smith,80,0,expander,attack,enemy,Q2_NW,0.369231,3.021459,chosen_action,,0.0,0.14211,0.029738,0.329668,0.17056,0.0,3.021459,chasing_leader,leader_target,,,0,0,0,0.0,0.0,0.0
train,without_mine,best smith,smith,90,0,feeder,attack,enemy,Q0_SE,0.523935,5.092244,chosen_action,,0.95,0.18,0.018878,0.918223,0.658156,0.0,5.092244,overtake_window,overtake_window,,,0,0,0,0.0,0.0,0.0
train,without_mine,best intruder,best,30,1,expander,expansion,enemy,Q2_NW,0.918784,2.294069,chosen_action,,0.0,0.18,0.069931,0.191388,0.17388,0.0,2.294069,chasing_leader,leader_target,,,0,0,0,0.0,0.0,0.0
train,without_mine,best intruder,best,30,1,expander,expansion,enemy,Q3_NE,0.195737,2.503399,chosen_action,,0.95,0.18,0.120612,0.235799,0.249987,0.0,2.503399,chasing_leader,leader_target,,,0,0,0,0.0,0.0,0.0
train,without_mine,best intruder,intruder,30,0,anchor,expansion,neutral,Q1_SW,0.372684,3.422459,chosen_action,,0.0,0.18,0.095709,0.358425,0.490547,1.0,3.422459,cash_in,cash_in,,,0,0,0,0.0,0.0,0.0
train,without_mine,best intruder,intruder,30,0,expander,expansion,enemy,Q0_SE,0.623507,4.779831,chosen_action,,0.0,0.18,0.046812,0.588751,0.3458,1.0,4.779831,overtake_window,overtake_window,,,0,0,0,0.0,0.0,0.0
train,without_mine,best intruder,intruder,30,0,expander,expansion,neutral,Q0_SE,0.264379,2.969957,chosen_action,,0.0,0.18,0.162785,0.286268,0.28364,1.0,2.969957,neutral,neutral,,,0,0,0,0.0,0.0,0.0
train,without_mine,best intruder,best,40,1,expander,expansion,friendly,Q1_SW,0.455525,1.656542,chosen_action,,0.0,0.164305,0.184941,0.138424,0.24024,0.0,1.656542,neutral,neutral,,,0,0,0,0.0,0.0,0.0
train,without_mine,best intruder,best,40,1,expander,expansion,enemy,Q3_NE,0.229496,2.764456,chosen_action,,0.95,0.18,0.22545,0.288217,0.350173,0.0,2.764456,cash_in,cash_in,,,0,0,0,0.0,0.0,0.0
train,without_mine,best intruder,intruder,40,0,expander,expansion,enemy,Q1_SW,0.422479,4.420411,chosen_action,,0.95,0.18,0.226847,0.512132,0.215773,1.0,4.420411,chasing_leader,leader_target,,,0,0,0,0.0,0.0,0.0
train,without_mine,best intruder,intruder,40,0,expander,expansion,enemy,Q0_SE,0.427137,4.456329,chosen_action,,0.95,0.18,0.054969,0.518693,0.230716,1.0,4.456329,chasing_leader,leader_target,,,0,0,0,0.0,0.0,0.0
train,without_mine,best intruder,intruder,40,0,expander,expansion,enemy,Q0_SE,0.600386,4.717865,chosen_action,,0.0,0.18,0.12495,0.550311,0.368236,1.0,4.717865,overtake_window,overtake_window,,,0,0,0,0.0,0.0,0.0
train,without_mine,best intruder,intruder,40,0,expander,expansion,neutral,Q2_NW,0.235219,2.803273,chosen_action,,0.0,0.18,0.20039,0.256979,0.21224,1.0,2.803273,neutral,neutral,,,0,0,0,0.0,0.0,0.0
train,without_mine,best intruder,best,50,1,expander,expansion,enemy,Q2_NW,0.942485,3.313483,chosen_action,,0.0,0.18,0.178559,0.370974,0.609738,0.0,3.313483,cash_in,cash_in,,,0,0,0,0.0,0.0,0.0
train,without_mine,best intruder,best,50,1,expander,expansion,enemy,Q3_NE,0.148062,2.13477,chosen_action,,0.95,0.18,0.088581,0.162011,0.108107,0.0,2.13477,chasing_leader,leader_target,,,0,0,0,0.0,0.0,0.0
train,without_mine,best intruder,intruder,50,0,expander,expansion,enemy,Q0_SE,0.54942,4.426831,chosen_action,,0.0,0.18,0.189431,0.513555,0.218,1.0,4.426831,chasing_leader,leader_target,,,0,0,0,0.0,0.0,0.0
train,without_mine,best intruder,intruder,50,0,expander,expansion,friendly,Q3_NE,0.42199,3.218688,chosen_action,,0.0,0.18,0.053778,0.353973,0.34752,1.0,3.218688,neutral,neutral,,,0,0,0,0.0,0.0,0.0
train,without_mine,best intruder,intruder,50,0,expander,expansion,enemy,Q0_SE,0.488378,4.426831,chosen_action,,0.0,0.18,0.154644,0.513555,0.218,1.0,4.426831,chasing_leader,leader_target,,,0,0,0,0.0,0.0,0.0
train,without_mine,best intruder,intruder,50,0,expander,expansion,enemy,Q1_SW,0.522762,5.196639,chosen_action,,0.95,0.18,0.086887,0.6728,0.505124,1.0,5.196639,overtake_window,overtake_window,,,0,0,0,0.0,0.0,0.0
train,without_mine,best intruder,best,60,1,expander,expansion,neutral,Q2_NW,0.956761,1.690353,chosen_action,,0.0,0.0,0.13319,0.104777,0.325102,0.0,1.690353,neutral,neutral,,,0,0,0,0.0,0.0,0.0
train,without_mine,best intruder,best,60,1,expander,expansion,friendly,Q0_SE,1.0,1.482076,chosen_action,,0.0,0.0,0.018065,0.10164,0.1764,0.0,1.482076,neutral,neutral,,,0,0,0,0.0,0.0,0.0
train,without_mine,best intruder,best,60,1,expander,expansion,friendly,Q0_SE,0.112244,1.482076,chosen_action,,0.95,0.0,0.0,0.10164,0.1764,0.0,1.482076,neutral,neutral,,,0,0,0,0.0,0.0,0.0
train,without_mine,best intruder,best,60,1,expander,expansion,friendly,Q0_SE,0.599638,1.482076,chosen_action,,0.0,0.099496,0.08311,0.10164,0.1764,0.0,1.482076,neutral,neutral,,,0,0,0,0.0,0.0,0.0
train,without_mine,best intruder,intruder,60,0,expander,expansion,friendly,Q3_NE,0.209913,1.435967,chosen_action,,0.0,0.0,0.228772,0.123063,0.10416,0.0,1.435967,neutral,neutral,,,0,0,0,0.0,0.0,0.0
train,without_mine,best intruder,intruder,60,0,anchor,expansion,neutral,Q3_NE,0.136179,1.458163,chosen_action,,0.0,0.18,0.096499,0.080494,0.19628,0.0,1.458163,neutral,neutral,,,0,0,0,0.0,0.0,0.0
train,without_mine,best intruder,intruder,60,0,expander,expansion,neutral,Q1_SW,0.224533,2.014759,chosen_action,,0.0,0.18,0.014805,0.190381,0.413218,0.0,2.014759,cash_in,cash_in,,,0,0,0,0.0,0.0,0.0
train,without_mine,best intruder,best,70,1,expander,expansion,enemy,Q3_NE,0.781201,2.448717,chosen_action,,0.0,0.18,0.227554,0.22036,0.236929,0.0,2.448717,chasing_leader,leader_target,,,0,0,0,0.0,0.0,0.0
train,without_mine,best intruder,intruder,70,0,expander,expansion,enemy,Q2_NW,0.595205,4.091881,chosen_action,,0.0,0.0,0.0,0.68563,0.330644,0.0,4.091881,overtake_window,overtake_window,,,0,0,0,0.0,0.0,0.0
train,without_mine,best intruder,intruder,70,0,expander,expansion,friendly,Q2_NW,0.281113,1.899315,chosen_action,,0.0,0.005368,0.086685,0.20477,0.302124,0.0,1.899315,neutral,neutral,,,0,0,0,0.0,0.0,0.0
train,without_mine,best intruder,intruder,70,0,expander,expansion,neutral,Q0_SE,0.061865,1.476576,chosen_action,,0.95,0.18,0.4,0.083916,0.203836,0.0,1.476576,neutral,neutral,,,0,0,0,0.0,0.0,0.0
train,without_mine,best intruder,best,80,1,expander,expansion,enemy,Q1_SW,1.0,2.390782,chosen_action,,0.0,0.0,0.0,0.192603,0.24336,0.0,2.390782,chasing_leader,leader_target,,,0,0,0,0.0,0.0,0.0
train,without_mine,best intruder,intruder,80,0,expander,expansion,enemy,Q2_NW,0.685763,5.142556,chosen_action,,0.0,0.152594,0.0,0.636281,0.529987,1.0,5.142556,overtake_window,overtake_window,,,0,0,0,0.0,0.0,0.0
train,without_mine,best intruder,intruder,80,0,expander,expansion,neutral,Q0_SE,0.379265,2.758843,chosen_action,,0.0,0.045979,0.105514,0.247444,0.19628,1.0,2.758843,neutral,neutral,,,0,0,0,0.0,0.0,0.0
train,without_mine,best intruder,intruder,80,0,expander,expansion,friendly,Q0_SE,0.391955,2.667092,chosen_action,,0.0,0.0,0.025514,0.261032,0.10416,1.0,2.667092,neutral,neutral,,,0,0,0,0.0,0.0,0.0
train,without_mine,best intruder,intruder,90,0,expander,expansion,enemy,Q3_NE,0.576112,3.944574,chosen_action,,0.0,0.0,0.0,0.658252,0.2702,0.0,3.944574,overtake_window,overtake_window,,,0,0,0,0.0,0.0,0.0
train,without_mine,best intruder,intruder,90,0,expander,expansion,enemy,Q0_SE,0.56466,4.001615,chosen_action,,0.0,0.09751,0.0,0.635999,0.352013,0.0,4.001615,overtake_window,overtake_window,,,0,0,0,0.0,0.0,0.0
train,without_mine,best intruder,intruder,90,0,anchor,expansion,friendly,Q3_NE,0.246213,1.75904,chosen_action,,0.0,0.045702,0.042404,0.179377,0.24336,0.0,1.75904,neutral,neutral,,,0,0,0,0.0,0.0,0.0
train,without_mine,best intruder,best,100,1,expander,expansion,neutral,Q2_NW,0.092407,1.420022,chosen_action,,0.0,0.18,0.262484,0.055624,0.21224,0.0,1.420022,pressured,concentrated_inbound,26,Q3_NE,2,2,59,10.0,5.9,2.46
train,without_mine,best intruder,best,100,1,expander,expansion,enemy,Q3_NE,0.232542,2.788306,chosen_action,,0.95,0.18,0.197563,0.294925,0.355916,0.0,2.788306,pressured,concentrated_inbound,26,Q3_NE,2,2,59,10.0,5.9,2.46
train,without_mine,best intruder,best,100,1,expander,expansion,enemy,Q3_NE,0.610538,2.320769,chosen_action,,0.0,0.18,0.041637,0.19635,0.184836,0.0,2.320769,pressured,concentrated_inbound,26,Q3_NE,2,2,59,10.0,5.9,2.46
train,without_mine,best intruder,intruder,100,0,expander,expansion,friendly,Q0_SE,0.355465,2.216984,chosen_action,,0.0,0.0,0.0,0.339974,0.297071,0.0,2.216984,neutral,neutral,,,0,0,0,0.0,0.0,0.0
train,without_mine,best intruder,intruder,100,0,expander,expansion,enemy,Q1_SW,0.528977,3.775236,chosen_action,,0.0,0.0,0.135689,0.529144,0.374289,0.0,3.775236,cash_in,cash_in,,,0,0,0,0.0,0.0,0.0
train,without_mine,best intruder,intruder,100,0,expander,expansion,friendly,Q0_SE,0.30117,1.834541,chosen_action,,0.0,0.0,0.030799,0.197138,0.267711,0.0,1.834541,neutral,neutral,,,0,0,0,0.0,0.0,0.0
train,without_mine,best intruder,intruder,100,0,anchor,expansion,neutral,Q2_NW,0.176511,1.763417,chosen_action,,0.0,0.18,0.092022,0.143668,0.310084,0.0,1.763417,neutral,neutral,,,0,0,0,0.0,0.0,0.0
train,without_mine,best intruder,best,110,1,expander,expansion,friendly,Q0_SE,1.0,1.433868,chosen_action,,0.0,0.0,0.029176,0.091476,0.15876,0.0,1.433868,neutral,neutral,,,0,0,0,0.0,0.0,0.0
train,without_mine,best intruder,best,110,1,expander,expansion,friendly,Q0_SE,0.12676,1.981752,chosen_action,,0.95,0.18,0.019994,0.206991,0.35924,0.0,1.981752,cash_in,cash_in,,,0,0,0,0.0,0.0,0.0
train,without_mine,best intruder,intruder,110,0,expander,expansion,enemy,Q0_SE,0.489795,3.683282,chosen_action,,0.0,0.18,0.093549,0.49663,0.363978,0.0,3.683282,cash_in,cash_in,,,0,0,0,0.0,0.0,0.0
train,without_mine,best intruder,intruder,110,0,anchor,expansion,enemy,Q0_SE,0.413784,3.656321,chosen_action,,0.0,0.18,0.112499,0.527944,0.288338,0.0,3.656321,chasing_leader,leader_target,,,0,0,0,0.0,0.0,0.0
train,without_mine,best intruder,intruder,120,0,expander,expansion,enemy,Q1_SW,0.327313,3.553124,chosen_action,,0.95,0.18,0.117033,0.48852,0.281982,0.0,3.553124,pressured,concentrated_inbound,26,Q3_NE,2,2,212,185.0,1.1459,3.842
train,without_mine,best intruder,best,130,1,expander,expansion,enemy,Q3_NE,1.0,2.589896,chosen_action,,0.0,0.18,0.003449,0.258107,0.2744,0.0,2.589896,chasing_leader,leader_target,,,0,0,0,0.0,0.0,0.0
train,without_mine,best intruder,intruder,130,0,expander,expansion,enemy,Q0_SE,0.573052,4.421478,chosen_action,,0.0,0.18,0.141188,0.778699,0.409333,0.0,4.421478,pressured,concentrated_inbound,21,Q0_SE,3,3,208,22.0,9.4545,6.292
train,without_mine,best intruder,intruder,130,0,expander,expansion,enemy,Q2_NW,0.34318,3.677329,chosen_action,,0.95,0.18,0.066507,0.523172,0.312382,0.0,3.677329,pressured,concentrated_inbound,21,Q0_SE,3,3,208,22.0,9.4545,6.292
train,without_mine,intruder smith,smith,0,0,expander,initiation,neutral,Q2_NW,0.266052,1.943257,chosen_action,,0.0,0.18,0.104334,0.142419,0.44552,0.0,1.943257,neutral,neutral,,,0,0,0,0.0,0.0,0.0
train,without_mine,intruder smith,intruder,30,1,expander,expansion,friendly,Q0_SE,0.691376,1.296132,chosen_action,,0.0,0.019068,0.327792,0.062436,0.10836,0.0,1.296132,neutral,neutral,,,0,0,0,0.0,0.0,0.0
train,without_mine,intruder smith,intruder,40,1,expander,established,friendly,Q0_SE,0.818852,1.819368,chosen_action,,0.0,0.089685,0.197728,0.149231,0.34164,0.0,1.819368,neutral,neutral,,,0,0,0,0.0,0.0,0.0
train,without_mine,intruder smith,intruder,50,1,expander,attack,neutral,Q2_NW,0.99437,2.369905,chosen_action,,0.0,0.18,0.003661,0.231176,0.603764,0.0,2.369905,cash_in,cash_in,,,0,0,0,0.0,0.0,0.0
train,without_mine,intruder smith,intruder,50,1,attacker,attack,friendly,Q0_SE,0.961633,1.975468,chosen_action,,0.0,0.02022,0.144567,0.182143,0.39876,0.0,1.975468,cash_in,cash_in,,,0,0,0,0.0,0.0,0.0
train,without_mine,intruder smith,smith,50,0,expander,attack,enemy,Q0_SE,0.609067,4.946006,chosen_action,,0.0,0.18,0.227845,0.608225,0.434271,1.0,4.946006,overtake_window,overtake_window,,,0,0,0,0.0,0.0,0.0
train,without_mine,intruder smith,intruder,60,1,expander,attack,unknown,unknown,0.406318,1.0,chosen_action,,0.0,0.18,0.233682,0.0,0.0,0.0,1.0,pressured,concentrated_inbound,24,Q0_SE,5,5,101,141.0,0.7163,8.955
train,without_mine,intruder smith,intruder,60,1,feeder,attack,friendly,Q0_SE,0.967069,1.872166,chosen_action,,0.0,0.0,0.1,0.160363,0.36096,0.0,1.872166,pressured,concentrated_inbound,24,Q0_SE,5,5,101,141.0,0.7163,8.955
train,without_mine,intruder smith,intruder,60,1,expander,attack,enemy,Q3_NE,0.249343,2.914737,chosen_action,,0.95,0.18,0.4,0.297782,0.444489,0.0,2.914737,pressured,concentrated_inbound,24,Q0_SE,5,5,101,141.0,0.7163,8.955
train,without_mine,intruder smith,intruder,70,1,expander,attack,neutral,Q0_SE,0.103159,1.790217,chosen_action,,0.95,0.18,0.393433,0.110152,0.38952,0.0,1.790217,pressured,concentrated_inbound,24,Q0_SE,5,6,92,63.0,1.4603,6.129
train,without_mine,intruder smith,intruder,70,1,expander,attack,neutral,Q0_SE,1.0,2.322031,chosen_action,,0.0,0.13137,0.0,0.222279,0.58412,0.0,2.322031,pressured,concentrated_inbound,24,Q0_SE,5,6,92,63.0,1.4603,6.129
train,without_mine,intruder smith,intruder,70,1,anchor,attack,friendly,Q2_NW,0.662901,1.576799,chosen_action,,0.0,0.02925,0.250229,0.098088,0.25288,0.0,1.576799,pressured,concentrated_inbound,24,Q0_SE,5,6,92,63.0,1.4603,6.129
train,without_mine,intruder smith,intruder,80,1,expander,attack,friendly,Q0_SE,0.767135,1.71377,chosen_action,,0.0,0.18,0.145495,0.126967,0.303,0.0,1.71377,neutral,neutral,,,0,0,0,0.0,0.0,0.0
train,without_mine,intruder smith,smith,80,0,sweeper,attack,neutral,Q1_SW,0.162053,2.25232,chosen_action,,0.0,0.18,0.4,0.24617,0.490009,0.0,2.25232,cash_in,cash_in,,,0,0,0,0.0,0.0,0.0
train,without_mine,intruder smith,intruder,90,1,expander,attack,enemy,Q0_SE,1.0,2.569839,chosen_action,,0.0,0.0,0.0,0.230355,0.30888,0.0,2.569839,pressured,concentrated_inbound,28,Q2_NW,2,2,34,35.0,0.9714,2.541
train,without_mine,best 1200,best,20,1,attacker,established,neutral,Q1_SW,0.542326,1.938666,chosen_action,,0.0,0.18,0.4,0.141451,0.44384,0.0,1.938666,cash_in,cash_in,,,0,0,0,0.0,0.0,0.0
train,without_mine,best 1200,best,30,1,expander,established,neutral,Q3_NE,0.9224,2.281898,chosen_action,,0.0,0.18,0.064295,0.211264,0.573973,0.0,2.281898,cash_in,cash_in,,,0,0,0,0.0,0.0,0.0
train,without_mine,best 1200,1200,30,0,expander,established,neutral,Q3_NE,0.501395,3.913576,chosen_action,,0.0,0.18,0.10144,0.539717,0.53204,1.0,3.913576,cash_in,cash_in,,,0,0,0,0.0,0.0,0.0
train,without_mine,best 1200,1200,40,0,expander,attack,friendly,Q1_SW,0.369001,2.321099,chosen_action,,0.0,0.0,0.0,0.35729,0.343409,0.0,2.321099,neutral,neutral,,,0,0,0,0.0,0.0,0.0
train,without_mine,best 1200,1200,50,0,expander,attack,enemy,Q1_SW,0.379149,2.665243,chosen_action,,0.0,0.18,0.009716,0.246996,0.349964,0.0,2.665243,chasing_leader,leader_target,,,0,0,0,0.0,0.0,0.0
train,without_mine,best 1200,1200,50,0,expander,established,friendly,Q2_NW,0.269601,1.82855,chosen_action,,0.0,0.18,0.009243,0.151167,0.345,0.0,1.82855,neutral,neutral,,,0,0,0,0.0,0.0,0.0
train,without_mine,best 1200,1200,50,0,attacker,established,friendly,Q2_NW,0.314305,1.885336,chosen_action,,0.0,3.3e-05,0.0,0.186663,0.32396,0.0,1.885336,neutral,neutral,,,0,0,0,0.0,0.0,0.0
train,without_mine,best 1200,1200,50,0,expander,established,friendly,Q2_NW,0.21822,1.741317,chosen_action,,0.0,0.109833,0.0,0.132775,0.31308,0.0,1.741317,neutral,neutral,,,0,0,0,0.0,0.0,0.0
train,without_mine,best 1200,1200,50,0,feeder,established,neutral,Q0_SE,0.173351,1.878571,chosen_action,,0.0,0.18,0.006711,0.122501,0.433013,0.0,1.878571,cash_in,cash_in,,,0,0,0,0.0,0.0,0.0
train,without_mine,best 1200,best,60,1,expander,established,friendly,Q1_SW,1.0,1.903701,chosen_action,,0.0,0.0,0.0,0.190535,0.33068,0.0,1.903701,pressured,concentrated_inbound,13,Q2_NW,2,3,48,70.0,0.6857,7.324
train,without_mine,best 1200,1200,60,0,expander,attack,neutral,Q0_SE,0.201595,1.8323,chosen_action,,0.0,0.131211,0.4,0.156809,0.337747,0.0,1.8323,neutral,neutral,,,0,0,0,0.0,0.0,0.0
train,without_mine,best 1200,1200,60,0,expander,attack,friendly,Q2_NW,0.25853,2.131721,chosen_action,,0.0,0.117048,0.036324,0.284575,0.3324,0.0,2.131721,neutral,neutral,,,0,0,0,0.0,0.0,0.0
train,without_mine,best 1200,best,70,1,expander,attack,friendly,Q3_NE,1.0,1.835437,chosen_action,,0.0,0.0,0.0,0.152619,0.34752,0.0,1.835437,pressured,concentrated_inbound,17,Q2_NW,2,2,29,52.0,0.5577,0.488
train,without_mine,best 1200,1200,70,0,expander,attack,enemy,Q3_NE,0.596048,4.092962,chosen_action,,0.0,0.0,0.0,0.650663,0.393609,0.0,4.092962,pressured,concentrated_inbound,3,Q2_NW,2,2,144,18.0,8.0,3.377
train,without_mine,best 1039,1039,0,0,expander,initiation,neutral,Q1_SW,0.189432,1.807816,chosen_action,,0.0,0.18,0.4,0.113863,0.39596,0.0,1.807816,neutral,neutral,,,0,0,0,0.0,0.0,0.0
train,without_mine,best 1039,1039,20,0,expander,expansion,neutral,Q1_SW,0.393911,3.004239,chosen_action,,0.0,0.18,0.059857,0.267454,0.34248,1.0,3.004239,neutral,neutral,,,0,0,0,0.0,0.0,0.0
train,without_mine,best 1039,1039,20,0,expander,expansion,enemy,Q3_NE,0.471734,4.150931,chosen_action,,0.0,0.18,0.4,0.452831,0.121582,1.0,4.150931,chasing_leader,leader_target,,,0,0,0,0.0,0.0,0.0
train,without_mine,best 1039,1039,30,0,expander,expansion,enemy,Q0_SE,0.288739,3.255079,chosen_action,,0.95,0.18,0.128244,0.430235,0.164827,0.0,3.255079,chasing_leader,leader_target,,,0,0,0,0.0,0.0,0.0
train,without_mine,best 1039,best,40,1,sweeper,established,neutral,Q3_NE,1.0,1.807816,chosen_action,,0.0,0.05421,0.042558,0.113863,0.39596,0.0,1.807816,cash_in,cash_in,,,0,0,0,0.0,0.0,0.0
train,without_mine,best 1039,1039,40,0,expander,expansion,enemy,Q0_SE,0.313557,3.448335,chosen_action,,0.95,0.18,0.167419,0.47772,0.22356,0.0,3.448335,chasing_leader,leader_target,,,0,0,0,0.0,0.0,0.0
train,without_mine,best 1039,1039,50,0,expander,attack,enemy,Q0_SE,0.370164,3.884962,chosen_action,,0.95,0.18,0.094829,0.558213,0.403889,0.0,3.884962,overtake_window,overtake_window,,,0,0,0,0.0,0.0,0.0
train,without_mine,best 1039,1039,60,0,attacker,attack,enemy,Q0_SE,0.37262,3.907578,chosen_action,,0.95,0.18,0.061891,0.586209,0.370871,0.0,3.907578,overtake_window,overtake_window,,,0,0,0,0.0,0.0,0.0
train,without_mine,best 1039,best,70,1,expander,attack,enemy,Q3_NE,1.0,2.214183,chosen_action,,0.0,0.0,0.055219,0.178892,0.13692,0.0,2.214183,chasing_leader,leader_target,,,0,0,0,0.0,0.0,0.0
train,without_mine,intruder 1200,intruder,10,1,anchor,initiation,neutral,Q3_NE,0.504438,3.130445,chosen_action,,0.0,0.18,0.233258,0.318173,0.3458,1.0,3.130445,neutral,neutral,,,0,0,0,0.0,0.0,0.0
train,without_mine,intruder 1200,intruder,40,1,expander,established,neutral,Q2_NW,0.547539,2.332413,chosen_action,,0.0,0.18,0.02568,0.2218,0.592662,0.0,2.332413,cash_in,cash_in,,,0,0,0,0.0,0.0,0.0
train,without_mine,intruder 1200,intruder,40,1,attacker,established,friendly,Q1_SW,0.980621,1.624403,chosen_action,,0.0,0.0,0.1,0.131648,0.22848,0.0,1.624403,neutral,neutral,,,0,0,0,0.0,0.0,0.0
train,without_mine,intruder 1200,intruder,50,1,anchor,attack,enemy,Q2_NW,0.588305,2.53527,chosen_action,,0.0,0.18,0.011497,0.245048,0.257151,0.0,2.53527,chasing_leader,leader_target,,,0,0,0,0.0,0.0,0.0
train,without_mine,intruder 1200,1200,50,0,attacker,attack,neutral,Q2_NW,0.277258,1.833974,chosen_action,,0.0,0.019874,0.134647,0.151694,0.34808,0.0,1.833974,neutral,neutral,,,0,0,0,0.0,0.0,0.0
train,without_mine,intruder 1200,1200,50,0,feeder,attack,neutral,Q3_NE,0.194957,1.791784,chosen_action,,0.0,0.18,0.019092,0.139785,0.338,0.0,1.791784,neutral,neutral,,,0,0,0,0.0,0.0,0.0
train,without_mine,intruder 1200,intruder,60,1,expander,attack,enemy,Q2_NW,1.0,2.892338,chosen_action,,0.0,0.068545,0.0,0.296487,0.4302,0.0,2.892338,cash_in,cash_in,,,0,0,0,0.0,0.0,0.0
train,without_mine,intruder 1200,intruder,60,1,expander,established,neutral,Q1_SW,1.0,1.392474,chosen_action,,0.0,0.0,0.010639,0.049816,0.20216,0.0,1.392474,neutral,neutral,,,0,0,0,0.0,0.0,0.0
train,without_mine,intruder 1200,intruder,60,1,expander,established,friendly,Q3_NE,0.881824,1.303019,chosen_action,,0.0,0.014983,0.142318,0.063888,0.11088,0.0,1.303019,neutral,neutral,,,0,0,0,0.0,0.0,0.0
train,without_mine,intruder 1200,intruder,70,1,expander,attack,neutral,Q1_SW,0.709076,1.676967,chosen_action,,0.0,0.099461,0.0,0.086275,0.34808,0.0,1.676967,pressured,concentrated_inbound,11,Q2_NW,2,3,33,50.0,0.66,5.736
train,without_mine,intruder 1200,intruder,70,1,expander,attack,friendly,Q2_NW,1.0,1.954808,chosen_action,,0.0,0.114875,0.0,0.177787,0.3912,0.0,1.954808,pressured,concentrated_inbound,11,Q2_NW,2,3,33,50.0,0.66,5.736
train,without_mine,intruder 1200,1200,70,0,expander,expansion,friendly,Q3_NE,0.401872,2.573779,chosen_action,,0.0,0.0,0.0,0.398261,0.457742,0.0,2.573779,cash_in,cash_in,,,0,0,0,0.0,0.0,0.0
train,without_mine,intruder 1200,intruder,80,1,expander,attack,friendly,Q2_NW,1.0,1.44748,chosen_action,,0.0,0.0,0.0,0.070823,0.20556,0.0,1.44748,pressured,concentrated_inbound,11,Q2_NW,2,4,39,32.0,1.2188,6.267
train,without_mine,intruder 1200,intruder,80,1,expander,attack,friendly,Q3_NE,1.0,1.410751,chosen_action,,0.0,0.0,0.0,0.063079,0.19212,0.0,1.410751,pressured,concentrated_inbound,11,Q2_NW,2,4,39,32.0,1.2188,6.267
train,without_mine,intruder 1200,intruder,80,1,expander,attack,friendly,Q3_NE,1.0,2.131569,chosen_action,,0.0,0.046711,0.0,0.215055,0.45588,0.0,2.131569,pressured,concentrated_inbound,11,Q2_NW,2,4,39,32.0,1.2188,6.267
train,without_mine,intruder 1200,1200,80,0,expander,expansion,enemy,Q3_NE,0.6841,4.782626,chosen_action,,0.0,0.0,0.0,0.845832,0.557502,0.0,4.782626,overtake_window,overtake_window,,,0,0,0,0.0,0.0,0.0
train,without_mine,intruder 1200,1200,80,0,expander,expansion,enemy,Q2_NW,0.547812,4.621741,chosen_action,,0.0,0.18,0.4,0.787692,0.541689,0.0,4.621741,overtake_window,overtake_window,,,0,0,0,0.0,0.0,0.0
train,without_mine,best intruder 1200 1039,1039,30,1,feeder,attack,neutral,Q2_NW,1.0,1.401657,chosen_action,,0.0,0.0,0.005325,0.051752,0.20552,0.0,1.401657,neutral,neutral,,,0,0,0,0.0,0.0,0.0
train,without_mine,best intruder 1200 1039,1039,30,1,anchor,attack,neutral,Q1_SW,0.579162,2.106796,chosen_action,,0.0,0.18,0.04489,0.176025,0.506916,0.0,2.106796,cash_in,cash_in,,,0,0,0,0.0,0.0,0.0
train,without_mine,best intruder 1200 1039,1039,40,1,feeder,attack,neutral,Q1_SW,0.622691,2.4921,chosen_action,,0.0,0.18,0.04961,0.332319,0.514471,0.0,2.4921,cash_in,cash_in,,,0,0,0,0.0,0.0,0.0
train,without_mine,best intruder 1200 1039,1200,50,0,feeder,attack,friendly,Q0_SE,0.195992,1.722952,chosen_action,,0.0,0.18,0.02912,0.128903,0.30636,0.0,1.722952,neutral,neutral,,,0,0,0,0.0,0.0,0.0
train,without_mine,best intruder 1200 1039,1039,50,1,anchor,attack,neutral,Q1_SW,0.71193,2.873756,chosen_action,,0.0,0.18,0.003745,0.374629,0.499738,0.333333,2.873756,pressured,concentrated_inbound,17,Q2_NW,2,2,56,37.0,1.5135,8.289
train,without_mine,best intruder 1200 1039,1200,60,0,expander,attack,neutral,Q1_SW,0.126961,1.619933,chosen_action,,0.0,0.18,0.168891,0.095933,0.288662,0.0,1.619933,neutral,neutral,,,0,0,0,0.0,0.0,0.0
train,without_mine,best intruder 1200 1039,1200,60,0,anchor,attack,enemy,Q2_NW,0.294946,2.716728,chosen_action,,0.0,0.18,0.044028,0.257253,0.369867,0.0,2.716728,cash_in,cash_in,,,0,0,0,0.0,0.0,0.0
train,without_mine,best intruder 1200 1039,1200,80,0,expander,attack,enemy,Q1_SW,0.239013,2.298673,chosen_action,,0.0,0.18,0.051493,0.192244,0.175769,0.0,2.298673,chasing_leader,leader_target,,,0,0,0,0.0,0.0,0.0
train,without_mine,best intruder 1200 1039,1200,80,0,expander,attack,neutral,Q2_NW,0.152726,1.56777,chosen_action,,0.0,0.18,0.00656,0.083256,0.27256,0.0,1.56777,neutral,neutral,,,0,0,0,0.0,0.0,0.0
train,without_mine,best intruder 1200 1039,1200,80,0,expander,attack,neutral,Q2_NW,0.153278,1.56777,chosen_action,,0.0,0.18,0.003796,0.083256,0.27256,0.0,1.56777,neutral,neutral,,,0,0,0,0.0,0.0,0.0
train,without_mine,best intruder 1200 1039,intruder,90,0,expander,expansion,neutral,Q2_NW,0.293288,1.727931,chosen_action,,0.0,0.0,0.005037,0.13809,0.293716,0.0,1.727931,pressured,concentrated_inbound,22,Q1_SW,2,2,84,22.0,3.8182,0.587
train,without_mine,best intruder 1200 1039,1200,90,0,expander,attack,friendly,Q3_NE,0.255741,1.706883,chosen_action,,0.0,0.18,0.0,0.125515,0.30048,0.0,1.706883,neutral,neutral,,,0,0,0,0.0,0.0,0.0
train,without_mine,best intruder 1200 1039,1200,90,0,expander,attack,friendly,Q3_NE,0.21946,1.303019,chosen_action,,0.0,0.083247,0.015078,0.063888,0.11088,0.0,1.303019,neutral,neutral,,,0,0,0,0.0,0.0,0.0
train,without_mine,best intruder 1200 1039,1200,100,0,expander,attack,neutral,Q0_SE,0.052519,1.401657,chosen_action,,0.95,0.116987,0.0,0.051752,0.20552,0.0,1.401657,pressured,concentrated_inbound,4,Q0_SE,2,2,179,51.0,3.5098,4.35
train,without_mine,best intruder 1200 1039,1200,100,0,expander,attack,friendly,Q3_NE,0.266051,1.709179,chosen_action,,0.0,0.019183,0.0,0.125999,0.30132,0.0,1.709179,pressured,concentrated_inbound,4,Q0_SE,2,2,179,51.0,3.5098,4.35
train,without_mine,best intruder 1200 1039,1200,110,0,attacker,attack,neutral,Q0_SE,0.213037,1.496837,chosen_action,,0.0,0.0,0.256896,0.09141,0.20552,0.0,1.496837,neutral,neutral,,,0,0,0,0.0,0.0,0.0
train,without_mine,best intruder 1200 1039,1039,110,1,expander,attack,enemy,Q3_NE,0.83244,1.585627,chosen_action,,0.0,0.18,0.063308,0.116756,0.226231,0.0,1.585627,neutral,neutral,,,0,0,0,0.0,0.0,0.0
train,without_mine,best intruder 1200 1039,1200,120,0,expander,attack,friendly,Q3_NE,0.21548,1.482459,chosen_action,,0.0,0.18,0.054111,0.101305,0.17728,0.0,1.482459,neutral,neutral,,,0,0,0,0.0,0.0,0.0
train,without_mine,best intruder 1200 1039,1039,120,1,attacker,attack,enemy,Q3_NE,1.0,2.805251,chosen_action,,0.0,0.137879,0.0,0.276745,0.400787,0.0,2.805251,pressured,concentrated_inbound,20,Q3_NE,2,2,37,41.0,0.9024,8.363
train,without_mine,best intruder 1200 1039,1039,120,1,expander,attack,friendly,Q0_SE,0.610645,1.71377,chosen_action,,0.0,0.18,0.021985,0.126967,0.303,0.0,1.71377,pressured,concentrated_inbound,20,Q3_NE,2,2,37,41.0,0.9024,8.363
train,without_mine,best intruder 1200 1039,1039,120,1,expander,attack,enemy,Q1_SW,1.0,2.203308,chosen_action,,0.0,0.0,0.0,0.153076,0.17476,0.0,2.203308,pressured,concentrated_inbound,20,Q3_NE,2,2,37,41.0,0.9024,8.363
train,without_mine,best intruder 1200 1039,1039,120,1,anchor,attack,friendly,Q3_NE,0.582316,1.327236,chosen_action,,0.0,0.18,0.0,0.065751,0.125507,0.0,1.327236,pressured,concentrated_inbound,20,Q3_NE,2,2,37,41.0,0.9024,8.363
train,without_mine,best intruder 1200 1039,1200,130,0,expander,expansion,enemy,Q2_NW,0.398425,2.893946,chosen_action,,0.0,0.18,0.042559,0.312795,0.106102,0.0,2.893946,pressured,concentrated_inbound,2,Q3_NE,2,2,227,36.0,6.3056,0.183
train,without_mine,best intruder 1200 1039,1039,130,1,expander,attack,enemy,Q1_SW,1.0,2.145315,chosen_action,,0.0,0.118956,0.0,0.164372,0.11172,0.0,2.145315,chasing_leader,leader_target,,,0,0,0,0.0,0.0,0.0
train,without_mine,best intruder 1200 1039,1200,140,0,expander,attack,friendly,Q3_NE,0.284915,2.026826,chosen_action,,0.0,0.177203,0.057586,0.251859,0.312862,0.0,2.026826,pressured,concentrated_inbound,1,Q1_SW,3,3,298,49.0,6.0816,7.473
train,without_mine,best intruder 1200 1039,1039,140,1,expander,attack,friendly,Q0_SE,0.100633,1.775751,chosen_action,,0.95,0.18,0.048502,0.140035,0.32568,0.0,1.775751,neutral,neutral,,,0,0,0,0.0,0.0,0.0
train,without_mine,best intruder 1200 1039,1039,150,1,expander,established,friendly,Q2_NW,0.916936,1.755091,chosen_action,,0.0,0.18,0.001029,0.135679,0.31812,0.0,1.755091,pressured,concentrated_inbound,23,Q2_NW,2,2,45,65.0,0.6923,5.662
train,without_mine,best intruder 1200 1039,1039,160,1,expander,attack,neutral,Q1_SW,1.0,1.401657,chosen_action,,0.0,0.0,0.0,0.051752,0.20552,0.0,1.401657,neutral,neutral,,,0,0,0,0.0,0.0,0.0
train,without_mine,best intruder 1200 1039,1039,450,1,expander,established,neutral,Q1_SW,0.902102,1.376405,chosen_action,,0.0,0.100109,0.047047,0.046428,0.19628,0.0,1.376405,neutral,neutral,,,0,0,0,0.0,0.0,0.0
train,without_mine,best intruder 1200 1039,1039,450,1,expander,established,neutral,Q2_NW,0.945008,1.376405,chosen_action,,0.0,0.104251,0.0,0.046428,0.19628,0.0,1.376405,neutral,neutral,,,0,0,0,0.0,0.0,0.0
train,without_mine,best intruder 1200 1039,1039,450,1,expander,established,neutral,Q3_NE,0.906739,1.376405,chosen_action,,0.0,0.099668,0.042851,0.046428,0.19628,0.0,1.376405,neutral,neutral,,,0,0,0,0.0,0.0,0.0
train,without_mine,intruder 1039,intruder,10,1,expander,expansion,neutral,Q3_NE,0.67109,2.211842,chosen_action,,0.0,0.18,0.306508,0.199047,0.5438,0.0,2.211842,neutral,neutral,,,0,0,0,0.0,0.0,0.0
train,without_mine,intruder 1039,1039,10,0,expander,expansion,neutral,Q1_SW,0.429028,3.637395,chosen_action,,0.0,0.18,0.291322,0.418027,0.5438,1.0,3.637395,neutral,neutral,,,0,0,0,0.0,0.0,0.0
train,without_mine,intruder 1039,intruder,30,1,expander,expansion,friendly,Q1_SW,0.464874,1.749896,chosen_action,,0.0,0.18,0.17195,0.158107,0.2744,0.0,1.749896,neutral,neutral,,,0,0,0,0.0,0.0,0.0
train,without_mine,intruder 1039,intruder,30,1,expander,expansion,enemy,Q2_NW,0.91321,3.025465,chosen_action,,0.0,0.18,0.170445,0.320369,0.486356,0.0,3.025465,cash_in,cash_in,,,0,0,0,0.0,0.0,0.0
train,without_mine,intruder 1039,1039,30,0,expander,expansion,neutral,Q3_NE,0.506867,3.793995,chosen_action,,0.0,0.18,0.0,0.483277,0.5438,1.0,3.793995,cash_in,cash_in,,,0,0,0,0.0,0.0,0.0
train,without_mine,intruder 1039,1039,30,0,expander,expansion,neutral,Q2_NW,0.462941,3.500924,chosen_action,,0.0,0.114385,0.096044,0.421487,0.43656,1.0,3.500924,cash_in,cash_in,,,0,0,0,0.0,0.0,0.0
train,without_mine,intruder 1039,intruder,40,1,expander,expansion,neutral,Q3_NE,0.859205,1.944493,chosen_action,,0.0,0.18,0.083934,0.139666,0.451329,0.0,1.944493,pressured,concentrated_inbound,9,Q1_SW,2,3,101,103.0,0.9806,6.864
train,without_mine,intruder 1039,intruder,40,1,expander,expansion,enemy,Q2_NW,0.274475,3.109125,chosen_action,,0.95,0.18,0.099387,0.337064,0.518644,0.0,3.109125,pressured,concentrated_inbound,9,Q1_SW,2,3,101,103.0,0.9806,6.864
train,without_mine,intruder 1039,intruder,40,1,expander,expansion,friendly,Q1_SW,1.0,1.738418,chosen_action,,0.0,0.0,0.0,0.155687,0.2702,0.0,1.738418,pressured,concentrated_inbound,9,Q1_SW,2,3,101,103.0,0.9806,6.864
train,without_mine,intruder 1039,intruder,40,1,expander,expansion,enemy,Q3_NE,0.939613,2.699025,chosen_action,,0.0,0.18,0.101362,0.278102,0.319689,0.0,2.699025,pressured,concentrated_inbound,9,Q1_SW,2,3,101,103.0,0.9806,6.864
train,without_mine,intruder 1039,intruder,50,1,expander,expansion,friendly,Q1_SW,1.0,1.280063,chosen_action,,0.0,0.0,0.0,0.059048,0.10248,0.0,1.280063,neutral,neutral,,,0,0,0,0.0,0.0,0.0
train,without_mine,intruder 1039,intruder,50,1,expander,expansion,unknown,unknown,0.585586,1.0,chosen_action,,0.0,0.18,0.054414,0.0,0.0,0.0,1.0,neutral,neutral,,,0,0,0,0.0,0.0,0.0
train,without_mine,intruder 1039,intruder,50,1,expander,expansion,friendly,Q0_SE,1.0,1.782034,chosen_action,,0.0,0.0,0.0,0.164883,0.28616,0.0,1.782034,neutral,neutral,,,0,0,0,0.0,0.0,0.0
train,without_mine,intruder 1039,intruder,60,1,expander,expansion,enemy,Q3_NE,1.0,3.040444,chosen_action,,0.0,0.07514,0.0,0.32516,0.488933,0.0,3.040444,cash_in,cash_in,,,0,0,0,0.0,0.0,0.0
train,without_mine,intruder 1039,intruder,60,1,expander,expansion,neutral,Q3_NE,0.736191,2.264648,chosen_action,,0.0,0.18,0.248313,0.205764,0.570973,0.0,2.264648,cash_in,cash_in,,,0,0,0,0.0,0.0,0.0
train,without_mine,intruder 1039,intruder,60,1,expander,expansion,friendly,Q0_SE,1.0,1.974865,chosen_action,,0.0,0.0,0.1,0.205539,0.35672,0.0,1.974865,cash_in,cash_in,,,0,0,0,0.0,0.0,0.0
train,without_mine,intruder 1039,intruder,60,1,expander,expansion,enemy,Q2_NW,0.638604,2.676724,chosen_action,,0.0,0.18,0.4,0.247945,0.356782,0.0,2.676724,cash_in,cash_in,,,0,0,0,0.0,0.0,0.0
train,without_mine,intruder 1039,1039,60,0,expander,expansion,friendly,Q2_NW,0.208565,1.263689,chosen_action,,0.0,0.005219,0.120305,0.074433,0.063,0.0,1.263689,neutral,neutral,,,0,0,0,0.0,0.0,0.0
train,without_mine,intruder 1039,intruder,70,1,expander,expansion,friendly,Q2_NW,0.828949,1.579299,chosen_action,,0.0,0.031694,0.214635,0.098132,0.254653,0.0,1.579299,pressured,concentrated_inbound,19,Q2_NW,2,2,90,28.0,3.2143,4.196
train,without_mine,intruder 1039,intruder,70,1,expander,expansion,friendly,Q0_SE,0.489143,1.837129,chosen_action,,0.0,0.127322,0.211621,0.176499,0.30632,0.0,1.837129,pressured,concentrated_inbound,19,Q2_NW,2,2,90,28.0,3.2143,4.196
train,without_mine,intruder 1039,intruder,80,1,expander,expansion,enemy,Q3_NE,0.998936,2.465007,chosen_action,,0.0,0.18,0.012233,0.208252,0.27052,0.0,2.465007,chasing_leader,leader_target,,,0,0,0,0.0,0.0,0.0
train,without_mine,intruder 1039,intruder,80,1,expander,expansion,friendly,Q1_SW,1.0,1.280063,chosen_action,,0.0,0.0,0.0,0.059048,0.10248,0.0,1.280063,neutral,neutral,,,0,0,0,0.0,0.0,0.0
train,without_mine,intruder 1039,intruder,80,1,expander,expansion,neutral,Q2_NW,0.099259,1.376405,chosen_action,,0.95,0.0,0.0,0.046428,0.19628,0.0,1.376405,neutral,neutral,,,0,0,0,0.0,0.0,0.0
train,without_mine,intruder 1039,1039,80,0,expander,expansion,enemy,Q3_NE,0.54935,4.298486,chosen_action,,0.0,0.18,0.182698,0.72877,0.406991,0.0,4.298486,overtake_window,overtake_window,,,0,0,0,0.0,0.0,0.0
train,without_mine,best intruder smith 1039,1039,60,0,anchor,attack,neutral,Q0_SE,0.114013,1.48399,chosen_action,,0.0,0.18,0.045827,0.067685,0.238182,0.0,1.48399,neutral,neutral,,,0,0,0,0.0,0.0,0.0
train,without_mine,best intruder smith 1039,best,80,0,expander,expansion,unknown,unknown,0.086234,1.0,chosen_action,,0.0,0.18,0.208832,0.0,0.0,0.0,1.0,neutral,neutral,,,0,0,0,0.0,0.0,0.0
train,without_mine,best intruder smith 1039,intruder,80,1,expander,established,neutral,Q2_NW,1.0,1.957796,chosen_action,,0.0,0.115382,0.0,0.145484,0.45084,0.0,1.957796,cash_in,cash_in,,,0,0,0,0.0,0.0,0.0
train,without_mine,best intruder smith 1039,intruder,90,1,attacker,attack,neutral,Q0_SE,0.804513,1.762397,chosen_action,,0.0,0.18,0.115089,0.102516,0.382489,0.0,1.762397,cash_in,cash_in,,,0,0,0,0.0,0.0,0.0
train,without_mine,best intruder smith 1039,best,100,0,expander,expansion,neutral,Q2_NW,0.287322,2.351544,chosen_action,,0.0,0.18,0.255484,0.289358,0.486729,0.0,2.351544,cash_in,cash_in,,,0,0,0,0.0,0.0,0.0
train,without_mine,best intruder smith 1039,intruder,100,1,expander,attack,enemy,Q3_NE,1.0,2.01832,chosen_action,,0.0,0.065289,0.0,0.191177,0.41444,0.0,2.01832,pressured,concentrated_inbound,21,Q3_NE,2,2,33,40.0,0.825,2.413
train,without_mine,best intruder smith 1039,intruder,100,1,expander,attack,enemy,Q1_SW,0.840557,2.197351,chosen_action,,0.0,0.18,0.135612,0.173871,0.133378,0.0,2.197351,pressured,concentrated_inbound,21,Q3_NE,2,2,33,40.0,0.825,2.413
train,without_mine,best intruder smith 1039,1039,110,0,anchor,initiation,neutral,Q1_SW,0.339641,3.005893,chosen_action,,0.0,0.18,0.04807,0.376529,0.59424,0.333333,3.005893,cash_in,cash_in,,,0,0,0,0.0,0.0,0.0
train,without_mine,best intruder smith 1039,intruder,140,1,expander,established,neutral,Q0_SE,0.797795,1.744705,chosen_action,,0.0,0.085879,0.213684,0.096761,0.379613,0.0,1.744705,cash_in,cash_in,,,0,0,0,0.0,0.0,0.0
train,without_mine,best intruder smith 1039,best,150,0,expander,expansion,neutral,Q2_NW,0.308406,2.436245,chosen_action,,0.0,0.18,0.204957,0.305101,0.521484,0.0,2.436245,cash_in,cash_in,,,0,0,0,0.0,0.0,0.0
train,without_mine,best intruder smith 1039,intruder,160,1,expander,established,neutral,Q1_SW,0.811903,1.957796,chosen_action,,0.0,0.18,0.132893,0.145484,0.45084,0.0,1.957796,cash_in,cash_in,,,0,0,0,0.0,0.0,0.0
train,without_mine,best intruder smith 1200,best,20,0,anchor,attack,neutral,Q3_NE,0.136314,1.517709,chosen_action,,0.0,0.18,0.136282,0.072862,0.253956,0.0,1.517709,neutral,neutral,,,0,0,0,0.0,0.0,0.0
train,without_mine,best intruder smith 1200,best,40,0,expander,attack,enemy,Q3_NE,0.616602,4.682261,chosen_action,,0.0,0.18,0.009894,0.652706,0.604271,1.0,4.682261,overtake_window,overtake_window,,,0,0,0,0.0,0.0,0.0
train,without_mine,best intruder smith 1200,best,40,0,attacker,attack,friendly,Q0_SE,0.417379,2.855648,chosen_action,,0.0,0.047079,0.0,0.364584,0.28196,0.666667,2.855648,neutral,neutral,,,0,0,0,0.0,0.0,0.0
train,without_mine,best intruder smith 1200,intruder,40,1,attacker,attack,enemy,Q2_NW,1.0,3.059358,chosen_action,,0.0,0.042299,0.0,0.329746,0.494791,0.0,3.059358,pressured,concentrated_inbound,5,Q1_SW,2,2,102,72.0,1.4167,6.366
train,without_mine,best intruder smith 1200,intruder,40,1,expander,attack,friendly,Q1_SW,1.0,2.020615,chosen_action,,0.0,0.015061,0.0,0.191661,0.41528,0.0,2.020615,pressured,concentrated_inbound,5,Q1_SW,2,2,102,72.0,1.4167,6.366
train,without_mine,best intruder smith 1200,1200,40,0,feeder,attack,neutral,Q0_SE,0.240454,2.430236,chosen_action,,0.0,0.18,0.035854,0.220349,0.44548,0.333333,2.430236,cash_in,cash_in,,,0,0,0,0.0,0.0,0.0
train,without_mine,best intruder smith 1200,best,50,0,expander,attack,neutral,Q2_NW,0.258931,2.164732,chosen_action,,0.0,0.18,0.281249,0.205822,0.496858,0.0,2.164732,cash_in,cash_in,,,0,0,0,0.0,0.0,0.0
train,without_mine,best intruder smith 1200,intruder,50,1,feeder,attack,friendly,Q2_NW,1.0,2.139823,chosen_action,,0.0,0.0,0.0,0.213989,0.463889,0.0,2.139823,cash_in,cash_in,,,0,0,0,0.0,0.0,0.0
train,without_mine,best intruder smith 1200,intruder,50,1,anchor,attack,friendly,Q2_NW,1.0,1.874299,chosen_action,,0.0,0.0,0.0,0.158006,0.366729,0.0,1.874299,cash_in,cash_in,,,0,0,0,0.0,0.0,0.0
train,without_mine,best intruder smith 1200,1200,50,0,expander,initiation,neutral,Q2_NW,0.24076,1.830458,chosen_action,,0.0,0.18,0.154771,0.150702,0.34724,0.0,1.830458,neutral,neutral,,,0,0,0,0.0,0.0,0.0
train,without_mine,best intruder smith 1200,smith,60,0,anchor,attack,enemy,Q2_NW,0.563471,4.734026,chosen_action,,0.0,0.18,0.0,0.686615,0.360111,0.666667,4.734026,overtake_window,overtake_window,,,0,0,0,0.0,0.0,0.0
train,without_mine,best intruder smith 1200,1200,60,0,expander,attack,neutral,Q1_SW,0.088618,1.682719,chosen_action,,0.95,0.18,0.199764,0.120534,0.291436,0.0,1.682719,pressured,concentrated_inbound,27,Q2_NW,2,2,101,8.0,12.625,0.727
train,without_mine,best intruder smith 1200,best,70,0,expander,attack,friendly,Q3_NE,0.356848,2.373243,chosen_action,,0.0,0.094488,0.0,0.36766,0.3636,0.0,2.373243,cash_in,cash_in,,,0,0,0,0.0,0.0,0.0
train,without_mine,best intruder smith 1200,intruder,70,1,expander,attack,enemy,Q0_SE,1.0,2.924958,chosen_action,,0.0,0.0,0.0,0.320953,0.410867,0.0,2.924958,cash_in,cash_in,,,0,0,0,0.0,0.0,0.0
train,without_mine,best intruder smith 1200,intruder,70,1,expander,attack,enemy,Q0_SE,0.315215,2.305911,chosen_action,,0.0,0.18,0.155098,0.190435,0.184347,0.0,2.305911,chasing_leader,leader_target,,,0,0,0,0.0,0.0,0.0
train,without_mine,best intruder smith 1200,intruder,70,1,attacker,attack,friendly,Q1_SW,0.970782,1.775148,chosen_action,,0.0,0.129302,0.0,0.163431,0.28364,0.0,1.775148,neutral,neutral,,,0,0,0,0.0,0.0,0.0
train,without_mine,best intruder smith 1200,intruder,70,1,anchor,attack,friendly,Q2_NW,0.966397,1.608172,chosen_action,,0.0,0.013661,0.0,0.104703,0.26436,0.0,1.608172,neutral,neutral,,,0,0,0,0.0,0.0,0.0
train,without_mine,best intruder smith 1200,best,80,0,expander,attack,enemy,Q3_NE,0.232247,1.603175,chosen_action,,0.0,0.18,0.046516,0.14363,0.191453,0.0,1.603175,neutral,neutral,,,0,0,0,0.0,0.0,0.0
train,without_mine,best intruder smith 1200,intruder,80,1,expander,attack,friendly,Q1_SW,0.91549,1.749896,chosen_action,,0.0,0.18,0.001334,0.158107,0.2744,0.0,1.749896,neutral,neutral,,,0,0,0,0.0,0.0,0.0
train,without_mine,best intruder smith 1200,smith,80,0,feeder,attack,enemy,Q3_NE,0.243833,2.130935,chosen_action,,0.0,0.18,0.042869,0.319235,0.2702,0.0,2.130935,neutral,neutral,,,0,0,0,0.0,0.0,0.0
train,without_mine,best intruder smith 1200,smith,80,0,attacker,attack,unknown,unknown,0.048,1.0,chosen_action,,0.0,0.18,0.4,0.0,0.0,0.0,1.0,neutral,neutral,,,0,0,0,0.0,0.0,0.0
train,without_mine,best intruder smith 1200,best,90,0,anchor,attack,friendly,Q0_SE,0.299414,1.773104,chosen_action,,0.0,0.0,0.0,0.183346,0.24672,0.0,1.773104,neutral,neutral,,,0,0,0,0.0,0.0,0.0
train,without_mine,best intruder smith 1200,intruder,90,1,attacker,attack,enemy,Q0_SE,1.0,2.699825,chosen_action,,0.0,0.0,0.0,0.279398,0.317978,0.0,2.699825,chasing_leader,leader_target,,,0,0,0,0.0,0.0,0.0
train,without_mine,best intruder smith 1200,intruder,90,1,expander,attack,enemy,Q0_SE,0.994557,2.699825,chosen_action,,0.0,0.18,0.046498,0.279398,0.317978,0.0,2.699825,chasing_leader,leader_target,,,0,0,0,0.0,0.0,0.0
train,without_mine,best intruder smith 1200,intruder,90,1,expander,established,neutral,Q0_SE,0.894273,1.702724,chosen_action,,0.0,0.18,0.017627,0.089819,0.360858,0.0,1.702724,cash_in,cash_in,,,0,0,0,0.0,0.0,0.0
train,without_mine,best intruder smith 1200,best,100,0,expander,expansion,enemy,Q3_NE,0.353877,3.140993,chosen_action,,0.0,0.170181,0.4,0.377614,0.396089,0.333333,3.140993,pressured,concentrated_inbound,19,Q0_SE,2,2,93,82.0,1.1341,6.133
train,without_mine,best intruder smith 1200,intruder,100,1,expander,attack,enemy,Q3_NE,1.0,2.41279,chosen_action,,0.0,0.0,0.0,0.191723,0.261227,0.0,2.41279,chasing_leader,leader_target,,,0,0,0,0.0,0.0,0.0
train,without_mine,best intruder smith 1200,intruder,100,1,expander,attack,enemy,Q3_NE,1.0,2.41279,chosen_action,,0.0,0.108851,0.0,0.191723,0.261227,0.0,2.41279,chasing_leader,leader_target,,,0,0,0,0.0,0.0,0.0
train,without_mine,best intruder smith 1200,intruder,110,1,battery,established,friendly,Q3_NE,0.591921,1.501911,chosen_action,,0.0,0.18,0.013432,0.078435,0.232347,0.0,1.501911,pressured,concentrated_inbound,20,Q2_NW,3,3,134,50.0,2.68,6.944
train,without_mine,best intruder smith 1200,intruder,120,1,expander,attack,enemy,Q3_NE,0.975165,2.44876,chosen_action,,0.0,0.18,0.033931,0.203608,0.266742,0.0,2.44876,chasing_leader,leader_target,,,0,0,0,0.0,0.0,0.0
train,without_mine,best intruder smith 1200,intruder,130,1,expander,attack,enemy,Q3_NE,1.0,2.445877,chosen_action,,0.0,0.056617,0.0,0.204219,0.26352,0.0,2.445877,chasing_leader,leader_target,,,0,0,0,0.0,0.0,0.0
train,without_mine,best smith,best,10,1,expander,expansion,neutral,Q3_NE,0.385734,1.81716,chosen_action,,0.0,0.18,0.200434,0.139356,0.35756,0.0,1.81716,neutral,neutral,,,0,0,0,0.0,0.0,0.0
train,without_mine,best smith,smith,10,0,expander,expansion,neutral,Q1_SW,0.162081,1.81716,chosen_action,,0.0,0.18,0.200434,0.139356,0.35756,0.0,1.81716,neutral,neutral,,,0,0,0,0.0,0.0,0.0
train,without_mine,best smith,smith,20,0,expander,expansion,neutral,Q2_NW,0.38012,3.371777,chosen_action,,0.0,0.168176,0.09531,0.370983,0.43068,1.0,3.371777,cash_in,cash_in,,,0,0,0,0.0,0.0,0.0
train,without_mine,best smith,smith,30,0,expander,expansion,neutral,Q1_SW,0.359791,2.828785,chosen_action,,0.0,0.18,0.197569,0.426646,0.596173,0.0,2.828785,cash_in,cash_in,,,0,0,0,0.0,0.0,0.0
train,without_mine,best smith,best,40,1,expander,expansion,neutral,Q1_SW,0.974431,2.286832,chosen_action,,0.0,0.038949,0.0,0.214857,0.57124,0.0,2.286832,pressured,concentrated_inbound,20,Q1_SW,2,2,77,88.0,0.875,1.154
train,without_mine,best smith,best,40,1,expander,expansion,enemy,Q2_NW,0.4792,3.209069,chosen_action,,0.0,0.18,0.10821,0.356596,0.557956,0.0,3.209069,pressured,concentrated_inbound,20,Q1_SW,2,2,77,88.0,0.875,1.154
train,without_mine,best smith,best,50,1,expander,expansion,enemy,Q3_NE,1.0,2.49195,chosen_action,,0.0,0.0,0.0,0.237456,0.23856,0.0,2.49195,pressured,concentrated_inbound,2,Q3_NE,3,4,104,145.0,0.7172,1.504
train,without_mine,best smith,best,50,1,expander,expansion,friendly,Q1_SW,0.647843,1.657145,chosen_action,,0.0,0.121862,0.035613,0.115028,0.28228,0.0,1.657145,pressured,concentrated_inbound,2,Q3_NE,3,4,104,145.0,0.7172,1.504
train,without_mine,best smith,best,50,1,sweeper,expansion,friendly,Q3_NE,1.0,2.027502,chosen_action,,0.0,0.0,0.0,0.193113,0.4178,0.0,2.027502,pressured,concentrated_inbound,2,Q3_NE,3,4,104,145.0,0.7172,1.504
train,without_mine,best smith,best,50,1,sweeper,expansion,enemy,Q2_NW,0.666417,2.937456,chosen_action,,0.0,0.18,0.005487,0.321173,0.419733,0.0,2.937456,pressured,concentrated_inbound,2,Q3_NE,3,4,104,145.0,0.7172,1.504
train,without_mine,best smith,smith,50,0,expander,expansion,enemy,Q1_SW,0.41222,3.812072,chosen_action,,0.0,0.18,0.221595,0.553535,0.358213,0.0,3.812072,overtake_window,overtake_window,,,0,0,0,0.0,0.0,0.0
train,without_mine,best smith,best,60,1,expander,expansion,enemy,Q2_NW,1.0,2.757345,chosen_action,,0.0,0.0,0.0,0.284487,0.351538,0.0,2.757345,pressured,concentrated_inbound,1,Q1_SW,3,4,152,124.0,1.2258,8.172
train,without_mine,best smith,smith,60,0,expander,expansion,enemy,Q1_SW,0.558042,4.684318,chosen_action,,0.0,0.18,0.049019,0.803178,0.560511,0.0,4.684318,overtake_window,overtake_window,,,0,0,0,0.0,0.0,0.0
train,without_mine,best smith,smith,70,0,expander,expansion,friendly,Q2_NW,0.338875,2.541905,chosen_action,,0.0,0.18,0.113524,0.40036,0.4304,0.0,2.541905,cash_in,cash_in,,,0,0,0,0.0,0.0,0.0
train,without_mine,best smith,smith,70,0,expander,expansion,enemy,Q1_SW,0.535979,4.081844,chosen_action,,0.0,0.18,0.116594,0.614085,0.4504,0.0,4.081844,overtake_window,overtake_window,,,0,0,0,0.0,0.0,0.0
train,without_mine,best smith,best,80,1,expander,expansion,friendly,Q2_NW,0.741226,2.034389,chosen_action,,0.0,0.112801,0.0,0.194565,0.42032,0.0,2.034389,cash_in,cash_in,,,0,0,0,0.0,0.0,0.0
train,without_mine,best smith,best,80,1,expander,expansion,enemy,Q2_NW,1.0,2.605038,chosen_action,,0.0,0.085292,0.0,0.237776,0.32176,0.0,2.605038,chasing_leader,leader_target,,,0,0,0,0.0,0.0,0.0
train,without_mine,best smith,best,80,1,expander,expansion,friendly,Q0_SE,1.0,1.955573,chosen_action,,0.0,0.0,0.003661,0.177948,0.39148,0.0,1.955573,cash_in,cash_in,,,0,0,0,0.0,0.0,0.0
train,without_mine,best smith,best,80,1,expander,expansion,friendly,Q1_SW,1.0,1.838498,chosen_action,,0.0,0.0,0.0,0.153264,0.34864,0.0,1.838498,neutral,neutral,,,0,0,0,0.0,0.0,0.0
train,without_mine,best smith,smith,80,0,expander,expansion,enemy,Q1_SW,0.572935,4.822267,chosen_action,,0.0,0.18,0.4,0.868367,0.546804,0.0,4.822267,overtake_window,overtake_window,,,0,0,0,0.0,0.0,0.0
train,without_mine,intruder smith,intruder,0,1,expander,initiation,neutral,Q0_SE,0.564647,1.913414,chosen_action,,0.0,0.154419,0.4,0.136127,0.4346,0.0,1.913414,neutral,neutral,,,0,0,0,0.0,0.0,0.0
train,without_mine,intruder smith,smith,0,0,expander,initiation,neutral,Q2_NW,0.206087,1.913414,chosen_action,,0.0,0.164896,0.4,0.136127,0.4346,0.0,1.913414,neutral,neutral,,,0,0,0,0.0,0.0,0.0
train,without_mine,intruder smith,intruder,70,1,expander,attack,enemy,Q3_NE,1.0,2.943283,chosen_action,,0.0,0.0,0.0,0.307389,0.448556,0.0,2.943283,cash_in,cash_in,,,0,0,0,0.0,0.0,0.0
train,without_mine,intruder smith,intruder,70,1,expander,attack,enemy,Q2_NW,0.972782,2.97408,chosen_action,,0.0,0.18,0.104274,0.307741,0.470742,0.0,2.97408,cash_in,cash_in,,,0,0,0,0.0,0.0,0.0
train,without_mine,intruder smith,intruder,70,1,sweeper,attack,enemy,Q2_NW,0.471317,2.333004,chosen_action,,0.0,0.18,0.102495,0.196101,0.194342,0.0,2.333004,chasing_leader,leader_target,,,0,0,0,0.0,0.0,0.0
train,without_mine,intruder smith,intruder,70,1,expander,attack,neutral,Q1_SW,0.718397,1.413135,chosen_action,,0.0,0.062475,0.066397,0.054172,0.20972,0.0,1.413135,neutral,neutral,,,0,0,0,0.0,0.0,0.0
train,without_mine,intruder smith,smith,70,0,feeder,attack,neutral,Q1_SW,0.227736,2.183517,chosen_action,,0.0,0.18,0.027232,0.23101,0.465996,0.0,2.183517,cash_in,cash_in,,,0,0,0,0.0,0.0,0.0
train,without_mine,intruder smith,intruder,80,1,expander,attack,enemy,Q3_NE,1.0,2.329566,chosen_action,,0.0,0.0,0.0,0.179696,0.22096,0.0,2.329566,pressured,concentrated_inbound,6,Q3_NE,3,4,76,56.0,1.3571,6.802
train,without_mine,intruder smith,intruder,80,1,expander,attack,enemy,Q2_NW,0.528712,2.942802,chosen_action,,0.0,0.18,0.024295,0.301698,0.458316,0.0,2.942802,pressured,concentrated_inbound,6,Q3_NE,3,4,76,56.0,1.3571,6.802
train,without_mine,intruder smith,intruder,80,1,expander,attack,enemy,Q3_NE,0.879124,2.218774,chosen_action,,0.0,0.18,0.099782,0.17986,0.1386,0.0,2.218774,pressured,concentrated_inbound,6,Q3_NE,3,4,76,56.0,1.3571,6.802
train,without_mine,intruder smith,intruder,80,1,expander,attack,neutral,Q1_SW,0.42081,1.774148,chosen_action,,0.0,0.18,0.020275,0.106764,0.38364,0.0,1.774148,pressured,concentrated_inbound,6,Q3_NE,3,4,76,56.0,1.3571,6.802
train,without_mine,intruder smith,smith,80,0,expander,attack,enemy,Q3_NE,0.453502,3.92085,chosen_action,,0.0,0.18,0.004429,0.586284,0.380569,0.0,3.92085,overtake_window,overtake_window,,,0,0,0,0.0,0.0,0.0
train,without_mine,intruder smith,smith,80,0,expander,attack,neutral,Q3_NE,0.256547,1.709598,chosen_action,,0.0,0.166123,0.010941,0.132648,0.289809,0.0,1.709598,neutral,neutral,,,0,0,0,0.0,0.0,0.0
train,without_mine,intruder smith,smith,80,0,expander,attack,enemy,Q1_SW,0.605428,4.476995,chosen_action,,0.0,0.18,0.017882,0.763104,0.478182,0.0,4.476995,overtake_window,overtake_window,,,0,0,0,0.0,0.0,0.0
train,without_mine,intruder smith,intruder,100,1,expander,established,friendly,Q2_NW,1.0,1.829315,chosen_action,,0.0,0.054001,0.0,0.151328,0.34528,0.0,1.829315,neutral,neutral,,,0,0,0,0.0,0.0,0.0
train,without_mine,intruder smith,intruder,100,1,expander,established,friendly,Q1_SW,1.0,1.895888,chosen_action,,0.0,0.0,0.0,0.165364,0.36964,0.0,1.895888,cash_in,cash_in,,,0,0,0,0.0,0.0,0.0
train,without_mine,intruder smith,smith,100,0,feeder,attack,enemy,Q3_NE,0.293986,3.291455,chosen_action,,0.95,0.18,0.006794,0.410389,0.227053,0.0,3.291455,chasing_leader,leader_target,,,0,0,0,0.0,0.0,0.0
train,without_mine,best 1200,best,0,1,anchor,initiation,neutral,Q0_SE,0.651209,1.775678,chosen_action,,0.0,0.170073,0.0,0.107087,0.3842,0.0,1.775678,neutral,neutral,,,0,0,0,0.0,0.0,0.0
train,without_mine,best 1200,1200,0,0,anchor,initiation,neutral,Q2_NW,0.211267,1.775678,chosen_action,,0.0,0.170073,0.0,0.107087,0.3842,0.0,1.775678,neutral,neutral,,,0,0,0,0.0,0.0,0.0
train,without_mine,best 1200,best,10,1,anchor,initiation,neutral,Q3_NE,0.968678,1.83323,chosen_action,,0.0,0.003017,0.0,0.142744,0.36344,0.0,1.83323,neutral,neutral,,,0,0,0,0.0,0.0,0.0
train,without_mine,best 1200,1200,10,0,anchor,initiation,neutral,Q2_NW,0.347499,3.011859,chosen_action,,0.0,0.18,0.014553,0.291915,0.30464,1.0,3.011859,neutral,neutral,,,0,0,0,0.0,0.0,0.0
train,without_mine,best 1200,best,20,1,expander,expansion,neutral,Q3_NE,0.785773,1.99223,chosen_action,,0.0,0.18,0.163469,0.152744,0.46344,0.0,1.99223,cash_in,cash_in,,,0,0,0,0.0,0.0,0.0
train,without_mine,best 1200,best,30,1,expander,expansion,neutral,Q0_SE,1.0,2.042733,chosen_action,,0.0,0.0,0.0,0.163392,0.48192,0.0,2.042733,cash_in,cash_in,,,0,0,0,0.0,0.0,0.0
train,without_mine,best 1200,best,30,1,expander,expansion,unknown,unknown,0.0,1.0,chosen_action,,0.95,0.18,0.127917,0.0,0.0,0.0,1.0,neutral,neutral,,,0,0,0,0.0,0.0,0.0
train,without_mine,best 1200,1200,30,0,expander,expansion,neutral,Q0_SE,0.201411,2.561729,chosen_action,,0.95,0.18,0.347209,0.340965,0.550676,0.0,2.561729,cash_in,cash_in,,,0,0,0,0.0,0.0,0.0
train,without_mine,best 1200,best,40,1,expander,expansion,neutral,Q1_SW,1.0,2.053914,chosen_action,,0.0,0.129838,0.0,0.164208,0.488751,0.0,2.053914,cash_in,cash_in,,,0,0,0,0.0,0.0,0.0
train,without_mine,best 1200,1200,50,0,expander,expansion,neutral,Q1_SW,0.251597,1.477663,chosen_action,,0.0,0.036657,0.01542,0.083779,0.204884,0.0,1.477663,pressured,concentrated_inbound,17,Q1_SW,2,3,154,72.0,2.1389,8.334
train,without_mine,best 1200,1200,50,0,expander,expansion,neutral,Q2_NW,0.20051,2.337914,chosen_action,,0.0,0.18,0.4,0.293944,0.46848,0.0,2.337914,pressured,concentrated_inbound,17,Q1_SW,2,3,154,72.0,2.1389,8.334
train,without_mine,best 1200,1200,50,0,expander,expansion,enemy,Q1_SW,0.391804,3.459164,chosen_action,,0.0,0.18,0.153412,0.503447,0.185844,0.0,3.459164,pressured,concentrated_inbound,17,Q1_SW,2,3,154,72.0,2.1389,8.334
train,without_mine,best 1200,best,60,1,expander,expansion,neutral,Q1_SW,0.849263,1.833068,chosen_action,,0.0,0.18,0.079429,0.119187,0.4052,0.0,1.833068,cash_in,cash_in,,,0,0,0,0.0,0.0,0.0
train,without_mine,best 1200,1200,60,0,expander,expansion,enemy,Q3_NE,0.354033,3.087821,chosen_action,,0.0,0.18,0.108661,0.363866,0.15892,0.0,3.087821,chasing_leader,leader_target,,,0,0,0,0.0,0.0,0.0
train,without_mine,best 1200,best,70,1,expander,expansion,neutral,Q3_NE,0.920578,1.941726,chosen_action,,0.0,0.18,0.022143,0.142096,0.44496,0.0,1.941726,cash_in,cash_in,,,0,0,0,0.0,0.0,0.0
train,without_mine,best 1200,best,70,1,expander,expansion,friendly,Q0_SE,0.662058,1.557831,chosen_action,,0.0,0.061152,0.145088,0.117612,0.20412,0.0,1.557831,neutral,neutral,,,0,0,0,0.0,0.0,0.0
train,without_mine,best 1200,best,70,1,expander,expansion,neutral,Q3_NE,0.122722,1.941726,chosen_action,,0.95,0.18,0.067632,0.142096,0.44496,0.0,1.941726,cash_in,cash_in,,,0,0,0,0.0,0.0,0.0
train,without_mine,best 1200,1200,70,0,attacker,attack,enemy,Q0_SE,0.569731,4.221566,chosen_action,,0.0,0.18,0.036011,0.663768,0.465573,0.0,4.221566,overtake_window,overtake_window,,,0,0,0,0.0,0.0,0.0
train,without_mine,intruder 1200,intruder,0,1,expander,initiation,neutral,Q0_SE,0.830386,1.723644,chosen_action,,0.0,0.044189,0.219989,0.096116,0.36516,0.0,1.723644,neutral,neutral,,,0,0,0,0.0,0.0,0.0
train,without_mine,intruder 1200,1200,0,0,expander,initiation,neutral,Q2_NW,0.241728,1.723644,chosen_action,,0.0,0.044189,0.219989,0.096116,0.36516,0.0,1.723644,neutral,neutral,,,0,0,0,0.0,0.0,0.0
train,without_mine,intruder 1200,1200,10,0,anchor,expansion,neutral,Q2_NW,0.257732,1.954735,chosen_action,,0.0,0.081937,0.0,0.144839,0.44972,0.0,1.954735,neutral,neutral,,,0,0,0,0.0,0.0,0.0
train,without_mine,intruder 1200,1200,10,0,expander,expansion,neutral,Q2_NW,0.191652,1.410839,chosen_action,,0.0,0.0,0.310265,0.053688,0.20888,0.0,1.410839,neutral,neutral,,,0,0,0,0.0,0.0,0.0
train,without_mine,intruder 1200,1200,20,0,expander,expansion,neutral,Q3_NE,0.222277,1.905463,chosen_action,,0.0,0.18,0.295072,0.171874,0.36516,0.0,1.905463,cash_in,cash_in,,,0,0,0,0.0,0.0,0.0
train,without_mine,intruder 1200,intruder,40,1,expander,expansion,neutral,Q0_SE,0.899094,1.735122,chosen_action,,0.0,0.145406,0.051546,0.098536,0.36936,0.0,1.735122,cash_in,cash_in,,,0,0,0,0.0,0.0,0.0
train,without_mine,intruder 1200,intruder,50,1,sweeper,established,neutral,Q2_NW,0.969917,1.735122,chosen_action,,0.0,0.059981,0.066148,0.098536,0.36936,0.0,1.735122,cash_in,cash_in,,,0,0,0,0.0,0.0,0.0
train,without_mine,intruder 1200,intruder,50,1,expander,established,neutral,Q0_SE,0.348738,1.679424,chosen_action,,0.0,0.18,0.279645,0.110316,0.30716,0.0,1.679424,neutral,neutral,,,0,0,0,0.0,0.0,0.0
train,without_mine,intruder 1200,intruder,60,1,expander,established,neutral,Q3_NE,0.939033,2.272431,chosen_action,,0.0,0.18,0.046472,0.207612,0.573453,0.0,2.272431,cash_in,cash_in,,,0,0,0,0.0,0.0,0.0
train,without_mine,intruder 1200,intruder,60,1,expander,established,neutral,Q1_SW,0.294977,1.424613,chosen_action,,0.0,0.18,0.060506,0.056592,0.21392,0.0,1.424613,neutral,neutral,,,0,0,0,0.0,0.0,0.0
train,without_mine,intruder 1200,intruder,80,1,sweeper,attack,enemy,Q3_NE,1.0,2.38007,chosen_action,,0.0,0.0,0.0,0.190344,0.23944,0.0,2.38007,chasing_leader,leader_target,,,0,0,0,0.0,0.0,0.0
train,without_mine,intruder 1200,intruder,90,1,expander,established,friendly,Q3_NE,1.0,1.835437,chosen_action,,0.0,0.0,0.0,0.152619,0.34752,0.0,1.835437,neutral,neutral,,,0,0,0,0.0,0.0,0.0
train,without_mine,best intruder,best,10,1,attacker,established,neutral,Q3_NE,0.830494,1.426908,chosen_action,,0.0,0.18,0.045286,0.057076,0.21476,0.0,1.426908,neutral,neutral,,,0,0,0,0.0,0.0,0.0
train,without_mine,best intruder,intruder,10,0,attacker,established,neutral,Q1_SW,0.210722,1.426908,chosen_action,,0.0,0.18,0.045286,0.057076,0.21476,0.0,1.426908,neutral,neutral,,,0,0,0,0.0,0.0,0.0
train,without_mine,best intruder,best,50,1,expander,attack,neutral,Q3_NE,0.833558,1.50714,chosen_action,,0.0,0.18,0.052646,0.070726,0.249924,0.0,1.50714,neutral,neutral,,,0,0,0,0.0,0.0,0.0
train,without_mine,best intruder,intruder,50,0,expander,attack,friendly,Q2_NW,0.344669,3.217554,chosen_action,,0.0,0.18,0.158319,0.367046,0.32344,1.0,3.217554,neutral,neutral,,,0,0,0,0.0,0.0,0.0
train,without_mine,best intruder,intruder,120,0,attacker,attack,enemy,Q2_NW,0.540365,3.69647,chosen_action,,0.0,0.026413,0.0,0.527423,0.319004,0.0,3.69647,pressured,concentrated_inbound,15,Q2_NW,2,2,283,66.0,4.2879,3.851
train,without_mine,best intruder,best,140,1,sweeper,attack,neutral,Q0_SE,0.274057,1.426908,chosen_action,,0.0,0.18,0.081723,0.057076,0.21476,0.0,1.426908,neutral,neutral,,,0,0,0,0.0,0.0,0.0
train,without_mine,best intruder,intruder,180,0,expander,attack,friendly,Q3_NE,0.287603,2.052028,chosen_action,,0.0,0.001532,0.162128,0.26208,0.31336,0.0,2.052028,neutral,neutral,,,0,0,0,0.0,0.0,0.0
train,without_mine,best intruder,best,260,1,expander,attack,neutral,Q2_NW,0.100986,1.773382,chosen_action,,0.95,0.18,0.183311,0.106603,0.38336,0.0,1.773382,cash_in,cash_in,,,0,0,0,0.0,0.0,0.0
train,without_mine,best intruder,best,280,1,sweeper,attack,friendly,Q1_SW,0.122018,1.945022,chosen_action,,0.95,0.014615,0.0,0.199247,0.3458,0.0,1.945022,neutral,neutral,,,0,0,0,0.0,0.0,0.0
train,without_mine,best intruder,intruder,300,0,expander,attack,neutral,Q1_SW,0.163657,2.263005,chosen_action,,0.95,0.18,0.4,0.237197,0.513876,0.0,2.263005,cash_in,cash_in,,,0,0,0,0.0,0.0,0.0
train,without_mine,best intruder,best,310,1,expander,attack,friendly,Q2_NW,1.0,2.286257,chosen_action,,0.0,0.0,0.0,0.2335,0.537671,0.0,2.286257,cash_in,cash_in,,,0,0,0,0.0,0.0,0.0
train,without_mine,best intruder,intruder,410,0,attacker,attack,neutral,Q1_SW,0.242257,1.626658,chosen_action,,0.0,0.128803,0.065755,0.119267,0.25216,0.0,1.626658,neutral,neutral,,,0,0,0,0.0,0.0,0.0
train,without_mine,best 1039,1039,0,0,anchor,initiation,neutral,Q1_SW,0.168856,2.175112,chosen_action,,0.0,0.18,0.4,0.191303,0.53036,0.0,2.175112,neutral,neutral,,,0,0,0,0.0,0.0,0.0
train,without_mine,best 1039,1039,10,0,anchor,initiation,neutral,Q1_SW,0.32794,3.547788,chosen_action,,0.0,0.18,0.4,0.388251,0.53036,1.0,3.547788,neutral,neutral,,,0,0,0,0.0,0.0,0.0
train,without_mine,best 1039,1039,20,0,anchor,initiation,neutral,Q1_SW,0.333024,3.588463,chosen_action,,0.0,0.18,0.4,0.405199,0.53036,1.0,3.588463,neutral,neutral,,,0,0,0,0.0,0.0,0.0
train,without_mine,best 1039,1039,30,0,anchor,expansion,neutral,Q2_NW,0.138778,1.953899,chosen_action,,0.0,0.18,0.4,0.220428,0.31472,0.0,1.953899,neutral,neutral,,,0,0,0,0.0,0.0,0.0
train,without_mine,best 1039,1039,40,0,anchor,expansion,neutral,Q2_NW,0.138778,1.953899,chosen_action,,0.0,0.18,0.4,0.220428,0.31472,0.0,1.953899,neutral,neutral,,,0,0,0,0.0,0.0,0.0
train,without_mine,best 1039,best,50,1,expander,attack,neutral,Q1_SW,1.0,2.270762,chosen_action,,0.0,0.021512,0.0,0.211469,0.56536,0.0,2.270762,cash_in,cash_in,,,0,0,0,0.0,0.0,0.0
train,without_mine,best 1039,1039,50,0,expander,expansion,neutral,Q2_NW,0.257372,1.953899,chosen_action,,0.0,0.0,0.327032,0.220428,0.31472,0.0,1.953899,neutral,neutral,,,0,0,0,0.0,0.0,0.0
train,without_mine,best 1039,best,60,1,feeder,attack,enemy,Q1_SW,0.718198,2.829242,chosen_action,,0.0,0.18,0.0,0.285047,0.4038,0.0,2.829242,cash_in,cash_in,,,0,0,0,0.0,0.0,0.0
train,without_mine,best 1039,1039,60,0,expander,expansion,neutral,Q2_NW,0.207741,1.754281,chosen_action,,0.0,0.134269,0.316962,0.129199,0.32904,0.0,1.754281,neutral,neutral,,,0,0,0,0.0,0.0,0.0
train,without_mine,best 1039,1039,60,0,expander,expansion,neutral,Q3_NE,0.274988,2.625456,chosen_action,,0.0,0.18,0.15146,0.372358,0.542071,0.0,2.625456,cash_in,cash_in,,,0,0,0,0.0,0.0,0.0
train,without_mine,best 1039,best,70,1,expander,established,neutral,Q3_NE,1.0,2.270762,chosen_action,,0.0,0.0,0.0,0.211469,0.56536,0.0,2.270762,cash_in,cash_in,,,0,0,0,0.0,0.0,0.0
train,without_mine,best 1039,1039,70,0,expander,attack,neutral,Q3_NE,0.325819,2.818904,chosen_action,,0.0,0.18,0.021264,0.422437,0.596338,0.0,2.818904,cash_in,cash_in,,,0,0,0,0.0,0.0,0.0
train,without_mine,best 1039,best,80,1,expander,established,friendly,Q1_SW,1.0,1.966286,chosen_action,,0.0,0.0,0.0,0.180207,0.3954,0.0,1.966286,pressured,concentrated_inbound,14,Q3_NE,2,3,85,124.0,0.6855,4.825
train,without_mine,best 1039,1039,80,0,expander,attack,friendly,Q2_NW,0.402069,2.577063,chosen_action,,0.0,0.0,0.0,0.410285,0.4388,0.0,2.577063,cash_in,cash_in,,,0,0,0,0.0,0.0,0.0
train,without_mine,best 1039,1039,80,0,anchor,attack,enemy,Q2_NW,0.416713,3.313214,chosen_action,,0.0,0.115843,0.0,0.460705,0.15372,0.0,3.313214,chasing_leader,leader_target,,,0,0,0,0.0,0.0,0.0
train,without_mine,best 1039,best,90,1,expander,established,friendly,Q2_NW,1.0,2.03898,chosen_action,,0.0,0.0,0.0,0.195533,0.422,0.0,2.03898,pressured,concentrated_inbound,14,Q3_NE,2,2,77,77.0,1.0,4.117
train,without_mine,best 1039,best,90,1,expander,established,friendly,Q2_NW,0.619807,1.420095,chosen_action,,0.0,0.083512,0.095862,0.088572,0.15372,0.0,1.420095,pressured,concentrated_inbound,14,Q3_NE,2,2,77,77.0,1.0,4.117
train,without_mine,best intruder 1200 1039,best,0,1,anchor,initiation,neutral,Q0_SE,1.0,1.922596,chosen_action,,0.0,0.0,0.0,0.138063,0.43796,0.0,1.922596,neutral,neutral,,,0,0,0,0.0,0.0,0.0
train,without_mine,best intruder 1200 1039,intruder,0,0,anchor,initiation,neutral,Q1_SW,0.320252,1.922596,chosen_action,,0.0,0.0,0.0,0.138063,0.43796,0.0,1.922596,neutral,neutral,,,0,0,0,0.0,0.0,0.0
train,without_mine,best intruder 1200 1039,1200,0,0,anchor,initiation,neutral,Q3_NE,0.320252,1.922596,chosen_action,,0.0,0.0,0.0,0.138063,0.43796,0.0,1.922596,neutral,neutral,,,0,0,0,0.0,0.0,0.0
train,without_mine,best intruder 1200 1039,1039,0,0,anchor,initiation,neutral,Q2_NW,0.320252,1.922596,chosen_action,,0.0,0.0,0.0,0.138063,0.43796,0.0,1.922596,neutral,neutral,,,0,0,0,0.0,0.0,0.0
train,without_mine,best intruder 1200 1039,intruder,20,0,expander,expansion,neutral,Q0_SE,0.266721,1.609436,chosen_action,,0.0,0.0,0.063375,0.093122,0.285884,0.0,1.609436,neutral,neutral,,,0,0,0,0.0,0.0,0.0
train,without_mine,best intruder 1200 1039,intruder,20,0,anchor,expansion,neutral,Q3_NE,0.115853,1.891795,chosen_action,,0.0,0.18,0.4,0.152654,0.389204,0.0,1.891795,cash_in,cash_in,,,0,0,0,0.0,0.0,0.0
train,without_mine,best intruder 1200 1039,1200,20,0,expander,expansion,neutral,Q2_NW,0.284656,2.929841,chosen_action,,0.0,0.18,0.24649,0.301246,0.44952,0.666667,2.929841,cash_in,cash_in,,,0,0,0,0.0,0.0,0.0
train,without_mine,best intruder 1200 1039,1200,20,0,anchor,expansion,neutral,Q2_NW,0.253954,2.929841,chosen_action,,0.0,0.18,0.4,0.301246,0.44952,0.666667,2.929841,cash_in,cash_in,,,0,0,0,0.0,0.0,0.0
train,without_mine,best intruder 1200 1039,best,30,1,expander,expansion,neutral,Q2_NW,0.394843,2.957957,chosen_action,,0.0,0.18,0.153029,0.326093,0.648396,0.333333,2.957957,cash_in,cash_in,,,0,0,0,0.0,0.0,0.0
train,without_mine,best intruder 1200 1039,intruder,30,0,expander,expansion,neutral,Q1_SW,0.370244,2.309788,chosen_action,,0.0,0.0,0.0,0.219697,0.57964,0.0,2.309788,cash_in,cash_in,,,0,0,0,0.0,0.0,0.0
train,without_mine,best intruder 1200 1039,intruder,30,0,expander,expansion,friendly,Q1_SW,0.204942,1.494158,chosen_action,,0.0,0.113206,0.183457,0.080664,0.22264,0.0,1.494158,neutral,neutral,,,0,0,0,0.0,0.0,0.0
train,without_mine,best intruder 1200 1039,intruder,30,0,expander,expansion,neutral,Q3_NE,0.129696,1.998592,chosen_action,,0.95,0.18,0.367542,0.172503,0.433027,0.0,1.998592,cash_in,cash_in,,,0,0,0,0.0,0.0,0.0
train,without_mine,best intruder 1200 1039,1200,30,0,anchor,expansion,neutral,Q2_NW,0.353681,3.709757,chosen_action,,0.0,0.18,0.4,0.514343,0.648396,0.666667,3.709757,cash_in,cash_in,,,0,0,0,0.0,0.0,0.0
train,without_mine,best intruder 1200 1039,1200,30,0,expander,expansion,enemy,Q1_SW,0.409156,4.22978,chosen_action,,0.95,0.18,0.369678,0.574063,0.408911,0.333333,4.22978,overtake_window,overtake_window,,,0,0,0,0.0,0.0,0.0
train,without_mine,best intruder 1200 1039,1039,30,0,anchor,expansion,neutral,Q3_NE,0.214637,2.583455,chosen_action,,0.0,0.18,0.4,0.291196,0.433027,0.333333,2.583455,cash_in,cash_in,,,0,0,0,0.0,0.0,0.0
train,without_mine,best intruder 1200 1039,1039,30,0,expander,expansion,enemy,Q3_NE,0.255919,3.048264,chosen_action,,0.95,0.18,0.189575,0.359127,0.360267,0.333333,3.048264,cash_in,cash_in,,,0,0,0,0.0,0.0,0.0
train,without_mine,best intruder 1200 1039,1039,30,0,expander,expansion,neutral,Q2_NW,0.206822,2.130478,chosen_action,,0.0,0.18,0.236001,0.23539,0.41892,0.0,2.130478,cash_in,cash_in,,,0,0,0,0.0,0.0,0.0
train,without_mine,best intruder 1200 1039,best,40,1,expander,attack,friendly,Q0_SE,1.0,1.631894,chosen_action,,0.0,0.07647,0.0,0.109704,0.27304,0.0,1.631894,neutral,neutral,,,0,0,0,0.0,0.0,0.0
train,without_mine,best intruder 1200 1039,best,40,1,attacker,attack,enemy,Q3_NE,1.0,1.741413,chosen_action,,0.0,0.0,0.0,0.152592,0.27792,0.0,1.741413,neutral,neutral,,,0,0,0,0.0,0.0,0.0
train,without_mine,best intruder 1200 1039,best,40,1,expander,attack,enemy,Q2_NW,0.111917,1.865715,chosen_action,,0.95,0.18,0.066689,0.17558,0.329129,0.0,1.865715,neutral,neutral,,,0,0,0,0.0,0.0,0.0
train,without_mine,best intruder 1200 1039,best,40,1,anchor,attack,friendly,Q0_SE,1.0,1.631894,chosen_action,,0.0,0.0,0.0,0.109704,0.27304,0.0,1.631894,neutral,neutral,,,0,0,0,0.0,0.0,0.0
train,without_mine,best intruder 1200 1039,intruder,40,0,expander,attack,neutral,Q2_NW,0.361033,2.617546,chosen_action,,0.0,0.18,0.032919,0.269478,0.496889,0.333333,2.617546,cash_in,cash_in,,,0,0,0,0.0,0.0,0.0
train,without_mine,best intruder 1200 1039,intruder,40,0,anchor,attack,enemy,Q0_SE,0.407951,3.540354,chosen_action,,0.0,0.18,0.042772,0.410434,0.18912,0.333333,3.540354,chasing_leader,leader_target,,,0,0,0,0.0,0.0,0.0
train,without_mine,best intruder 1200 1039,intruder,40,0,expander,attack,enemy,Q0_SE,0.419115,3.878411,chosen_action,,0.0,0.18,0.207548,0.458186,0.35464,0.333333,3.878411,cash_in,cash_in,,,0,0,0,0.0,0.0,0.0
train,without_mine,best intruder 1200 1039,intruder,40,0,expander,attack,enemy,Q3_NE,0.194846,2.554445,chosen_action,,0.95,0.18,0.057459,0.287358,0.41836,0.333333,2.554445,cash_in,cash_in,,,0,0,0,0.0,0.0,0.0
train,without_mine,best intruder 1200 1039,intruder,40,0,expander,attack,friendly,Q1_SW,0.139112,2.127779,chosen_action,,0.95,0.18,0.0,0.229618,0.20496,0.333333,2.127779,neutral,neutral,,,0,0,0,0.0,0.0,0.0
train,without_mine,best intruder 1200 1039,1200,40,0,anchor,expansion,neutral,Q3_NE,0.43007,2.982525,chosen_action,,0.0,0.009782,0.0,0.375004,0.57964,0.333333,2.982525,cash_in,cash_in,,,0,0,0,0.0,0.0,0.0
train,without_mine,best intruder 1200 1039,1200,40,0,expander,expansion,neutral,Q1_SW,0.178987,2.382548,chosen_action,,0.95,0.18,0.4,0.267662,0.548267,0.0,2.382548,cash_in,cash_in,,,0,0,0,0.0,0.0,0.0
train,without_mine,best intruder 1200 1039,best,50,1,expander,attack,neutral,Q0_SE,0.593718,1.629525,chosen_action,,0.0,0.088693,0.4,0.076272,0.33072,0.0,1.629525,pressured,concentrated_inbound,30,Q3_NE,3,3,58,26.0,2.2308,3.563
train,without_mine,best intruder 1200 1039,best,50,1,expander,attack,enemy,Q3_NE,1.0,1.81044,chosen_action,,0.0,0.0,0.0,0.144933,0.342667,0.0,1.81044,pressured,concentrated_inbound,30,Q3_NE,3,3,58,26.0,2.2308,3.563
train,without_mine,best intruder 1200 1039,best,50,1,attacker,attack,friendly,Q0_SE,0.865119,1.625007,chosen_action,,0.0,0.0,0.21605,0.108252,0.27052,0.0,1.625007,pressured,concentrated_inbound,30,Q3_NE,3,3,58,26.0,2.2308,3.563
train,without_mine,best intruder 1200 1039,best,50,1,feeder,attack,friendly,Q3_NE,1.0,2.17238,chosen_action,,0.0,0.0,0.0,0.221244,0.475107,0.0,2.17238,pressured,concentrated_inbound,30,Q3_NE,3,3,58,26.0,2.2308,3.563
train,without_mine,best intruder 1200 1039,intruder,50,0,expander,attack,neutral,Q1_SW,0.344791,2.346827,chosen_action,,0.0,0.11851,0.0,0.220853,0.3828,0.333333,2.346827,pressured,concentrated_inbound,18,Q0_SE,2,2,56,12.0,4.6667,0.0
train,without_mine,best intruder 1200 1039,intruder,50,0,expander,attack,friendly,Q1_SW,0.34265,2.151774,chosen_action,,0.0,0.0,0.0,0.212661,0.25288,0.333333,2.151774,pressured,concentrated_inbound,18,Q0_SE,2,2,56,12.0,4.6667,0.0
train,without_mine,best intruder 1200 1039,intruder,50,0,anchor,attack,enemy,Q2_NW,0.274868,2.597057,chosen_action,,0.0,0.18,0.024974,0.320591,0.390844,0.333333,2.597057,pressured,concentrated_inbound,18,Q0_SE,2,2,56,12.0,4.6667,0.0
train,without_mine,best intruder 1200 1039,intruder,50,0,feeder,attack,friendly,Q1_SW,0.23956,2.240699,chosen_action,,0.0,0.18,0.110507,0.254933,0.2436,0.333333,2.240699,pressured,concentrated_inbound,18,Q0_SE,2,2,56,12.0,4.6667,0.0
train,without_mine,best intruder 1200 1039,best,60,1,expander,attack,friendly,Q3_NE,1.0,1.765842,chosen_action,,0.0,0.0,0.0,0.136128,0.325284,0.0,1.765842,pressured,concentrated_inbound,22,Q3_NE,4,5,182,75.0,2.4267,7.353
train,without_mine,best intruder 1200 1039,best,60,1,expander,attack,friendly,Q3_NE,1.0,1.587551,chosen_action,,0.0,0.0,0.0,0.098538,0.260044,0.0,1.587551,pressured,concentrated_inbound,22,Q3_NE,4,5,182,75.0,2.4267,7.353
train,without_mine,best intruder 1200 1039,intruder,60,0,expander,attack,enemy,Q2_NW,0.295958,2.012962,chosen_action,,0.0,0.173696,0.0,0.218208,0.362418,0.0,2.012962,pressured,concentrated_inbound,5,Q1_SW,3,3,96,60.0,1.6,2.815
train,without_mine,best intruder 1200 1039,1200,60,0,expander,expansion,enemy,Q1_SW,0.247945,2.950357,chosen_action,,0.95,0.18,0.207014,0.438457,0.368933,0.0,2.950357,cash_in,cash_in,,,0,0,0,0.0,0.0,0.0
train,without_mine,best intruder 1200 1039,best,70,1,expander,attack,friendly,Q0_SE,0.874014,2.022911,chosen_action,,0.0,0.029637,0.228894,0.192145,0.41612,0.0,2.022911,pressured,concentrated_inbound,30,Q3_NE,2,2,68,58.0,1.1724,3.769
train,without_mine,best intruder 1200 1039,best,70,1,expander,attack,enemy,Q2_NW,0.576484,2.445485,chosen_action,,0.0,0.18,0.010831,0.270798,0.589311,0.0,2.445485,pressured,concentrated_inbound,30,Q3_NE,2,2,68,58.0,1.1724,3.769
train,without_mine,best intruder 1200 1039,best,70,1,feeder,attack,friendly,Q3_NE,1.0,1.793834,chosen_action,,0.0,0.0,0.0,0.140719,0.337858,0.0,1.793834,pressured,concentrated_inbound,30,Q3_NE,2,2,68,58.0,1.1724,3.769
train,without_mine,best intruder 1200 1039,intruder,70,0,expander,attack,friendly,Q0_SE,0.295048,2.203727,chosen_action,,0.0,0.0,0.269983,0.239261,0.244076,0.333333,2.203727,neutral,neutral,,,0,0,0,0.0,0.0,0.0
train,without_mine,best intruder 1200 1039,1039,70,0,feeder,attack,enemy,Q3_NE,0.437124,3.659224,chosen_action,,0.0,0.18,0.0,0.505278,0.330782,0.0,3.659224,chasing_leader,leader_target,,,0,0,0,0.0,0.0,0.0
train,without_mine,best intruder 1200 1039,best,80,1,expander,attack,enemy,Q2_NW,0.195509,2.561597,chosen_action,,0.0,0.18,0.4,0.301868,0.397862,0.333333,2.561597,cash_in,cash_in,,,0,0,0,0.0,0.0,0.0
train,without_mine,best intruder 1200 1039,best,80,1,expander,attack,enemy,Q1_SW,1.0,3.991276,chosen_action,,0.0,0.18,0.0,0.489533,0.382516,0.333333,3.991276,cash_in,cash_in,,,0,0,0,0.0,0.0,0.0
train,without_mine,best intruder 1200 1039,intruder,80,0,expander,attack,friendly,Q2_NW,0.311735,1.861113,chosen_action,,0.0,0.0,0.0,0.154007,0.364071,0.0,1.861113,cash_in,cash_in,,,0,0,0,0.0,0.0,0.0
train,without_mine,best intruder 1200 1039,intruder,80,0,expander,attack,friendly,Q1_SW,0.275834,1.583686,chosen_action,,0.0,0.0,0.0,0.09954,0.2554,0.0,1.583686,neutral,neutral,,,0,0,0,0.0,0.0,0.0
train,without_mine,best intruder 1200 1039,intruder,80,0,expander,attack,friendly,Q2_NW,0.354736,2.218461,chosen_action,,0.0,0.0,0.0,0.22935,0.494831,0.0,2.218461,cash_in,cash_in,,,0,0,0,0.0,0.0,0.0
train,without_mine,best intruder 1200 1039,1039,80,0,expander,expansion,enemy,Q2_NW,0.61322,4.227178,chosen_action,,0.0,0.0,0.0,0.686836,0.42872,0.0,4.227178,overtake_window,overtake_window,,,0,0,0,0.0,0.0,0.0
train,without_mine,best intruder 1200 1039,intruder,90,0,expander,attack,friendly,Q2_NW,0.33462,2.03898,chosen_action,,0.0,0.0,0.0,0.195533,0.422,0.0,2.03898,cash_in,cash_in,,,0,0,0,0.0,0.0,0.0
train,without_mine,best intruder 1200 1039,intruder,90,0,anchor,attack,enemy,Q3_NE,0.108358,1.834314,chosen_action,,0.95,0.18,0.023335,0.144171,0.361707,0.0,1.834314,cash_in,cash_in,,,0,0,0,0.0,0.0,0.0
train,without_mine,best intruder 1200 1039,best,100,1,expander,attack,enemy,Q1_SW,0.407083,4.222778,chosen_action,,0.95,0.18,0.279588,0.631043,0.302427,0.333333,4.222778,overtake_window,overtake_window,,,0,0,0,0.0,0.0,0.0
train,without_mine,best intruder 1200 1039,intruder,100,0,expander,attack,friendly,Q2_NW,0.203158,1.280063,chosen_action,,0.0,0.0,0.165015,0.059048,0.10248,0.0,1.280063,neutral,neutral,,,0,0,0,0.0,0.0,0.0
train,without_mine,best intruder 1200 1039,1039,100,0,expander,attack,enemy,Q2_NW,0.609872,4.199237,chosen_action,,0.0,0.0,0.0,0.667974,0.441556,0.0,4.199237,pressured,concentrated_inbound,30,Q3_NE,2,2,99,43.0,2.3023,6.024
train,without_mine,best intruder 1200 1039,1039,100,0,expander,attack,enemy,Q1_SW,0.58331,3.982479,chosen_action,,0.0,0.0,0.0,0.55104,0.488876,0.0,3.982479,pressured,concentrated_inbound,30,Q3_NE,2,2,99,43.0,2.3023,6.024
train,without_mine,best intruder 1200 1039,1039,100,0,expander,attack,enemy,Q3_NE,0.306825,1.828575,chosen_action,,0.0,0.0,0.0,0.182582,0.289169,0.0,1.828575,pressured,concentrated_inbound,30,Q3_NE,2,2,99,43.0,2.3023,6.024
train,without_mine,best intruder 1200 1039,1039,100,0,attacker,attack,friendly,Q2_NW,0.245606,1.817794,chosen_action,,0.0,0.106849,0.19138,0.189392,0.269076,0.0,1.817794,pressured,concentrated_inbound,30,Q3_NE,2,2,99,43.0,2.3023,6.024
train,without_mine,best intruder 1200 1039,best,110,1,expander,attack,enemy,Q2_NW,0.410769,3.819277,chosen_action,,0.95,0.0,0.0,0.590042,0.298649,0.0,3.819277,pressured,concentrated_inbound,18,Q2_NW,2,2,104,76.0,1.3684,2.631
train,without_mine,best intruder 1200 1039,best,110,1,expander,attack,enemy,Q2_NW,0.918633,2.208865,chosen_action,,0.0,0.066684,0.170178,0.284336,0.389969,0.0,2.208865,pressured,concentrated_inbound,18,Q2_NW,2,2,104,76.0,1.3684,2.631
train,without_mine,best intruder 1200 1039,best,110,1,expander,attack,enemy,Q0_SE,0.93258,3.563275,chosen_action,,0.0,0.163314,0.232559,0.499197,0.27052,0.0,3.563275,pressured,concentrated_inbound,18,Q2_NW,2,2,104,76.0,1.3684,2.631
train,without_mine,best intruder 1200 1039,best,110,1,anchor,attack,enemy,Q3_NE,0.85969,3.645589,chosen_action,,0.0,0.172347,0.026081,0.564702,0.21504,0.0,3.645589,pressured,concentrated_inbound,18,Q2_NW,2,2,104,76.0,1.3684,2.631
train,without_mine,best intruder 1200 1039,best,110,1,sweeper,attack,friendly,Q0_SE,1.0,2.043825,chosen_action,,0.0,0.0,0.1,0.259764,0.3114,0.0,2.043825,pressured,concentrated_inbound,18,Q2_NW,2,2,104,76.0,1.3684,2.631
train,without_mine,best intruder 1200 1039,intruder,110,0,expander,attack,friendly,Q1_SW,0.264274,1.494158,chosen_action,,0.0,0.0,0.0,0.080664,0.22264,0.0,1.494158,pressured,concentrated_inbound,16,Q3_NE,2,3,116,60.0,1.9333,8.404
train,without_mine,best intruder 1200 1039,1200,110,0,anchor,initiation,enemy,Q2_NW,0.449171,3.560698,chosen_action,,0.0,0.0,0.4,0.446101,0.363004,0.0,3.560698,cash_in,cash_in,,,0,0,0,0.0,0.0,0.0
train,without_mine,best intruder 1200 1039,1039,110,0,sweeper,expansion,neutral,Q0_SE,0.183694,2.190129,chosen_action,,0.0,0.18,0.271762,0.2319,0.469311,0.0,2.190129,pressured,concentrated_inbound,6,Q3_NE,3,3,82,62.0,1.3226,7.642
train,without_mine,best intruder 1200 1039,best,120,1,expander,attack,friendly,Q2_NW,0.815489,1.660609,chosen_action,,0.0,0.18,0.089296,0.164814,0.196338,0.0,1.660609,neutral,neutral,,,0,0,0,0.0,0.0,0.0
train,without_mine,best intruder 1200 1039,best,120,1,expander,attack,friendly,Q3_NE,0.856013,1.658252,chosen_action,,0.0,0.167119,0.061616,0.150927,0.21928,0.0,1.658252,neutral,neutral,,,0,0,0,0.0,0.0,0.0
train,without_mine,best intruder 1200 1039,intruder,120,0,expander,attack,enemy,Q2_NW,0.182992,1.563026,chosen_action,,0.0,0.110872,0.0,0.095184,0.24784,0.0,1.563026,pressured,concentrated_inbound,12,Q3_NE,2,2,39,85.0,0.4588,0.0
train,without_mine,best intruder 1200 1039,intruder,120,0,expander,attack,friendly,Q1_SW,0.239718,1.30761,chosen_action,,0.0,0.0,0.0,0.064856,0.11256,0.0,1.30761,pressured,concentrated_inbound,12,Q3_NE,2,2,39,85.0,0.4588,0.0
train,without_mine,best intruder 1200 1039,intruder,120,0,expander,attack,friendly,Q1_SW,0.07825,1.606038,chosen_action,,0.95,0.167119,0.0,0.127776,0.22176,0.0,1.606038,pressured,concentrated_inbound,12,Q3_NE,2,2,39,85.0,0.4588,0.0
train,without_mine,best intruder 1200 1039,best,130,1,expander,established,friendly,Q0_SE,0.74735,1.569309,chosen_action,,0.0,0.18,0.146157,0.120032,0.20832,0.0,1.569309,neutral,neutral,,,0,0,0,0.0,0.0,0.0
train,without_mine,best intruder 1200 1039,intruder,130,0,expander,attack,enemy,Q2_NW,0.441721,3.285537,chosen_action,,0.0,0.165863,0.091325,0.412296,0.21928,0.0,3.285537,chasing_leader,leader_target,,,0,0,0,0.0,0.0,0.0
train,without_mine,best intruder 1200 1039,intruder,130,0,expander,attack,friendly,Q2_NW,0.383218,2.454008,chosen_action,,0.0,0.0,0.0,0.375549,0.4094,0.0,2.454008,cash_in,cash_in,,,0,0,0,0.0,0.0,0.0
train,without_mine,best intruder 1200 1039,best,140,1,expander,attack,enemy,Q1_SW,0.929819,2.825908,chosen_action,,0.0,0.140126,0.168003,0.275328,0.418609,0.0,2.825908,pressured,concentrated_inbound,26,Q2_NW,2,2,73,32.0,2.2812,1.723
train,without_mine,best intruder 1200 1039,intruder,140,0,attacker,attack,friendly,Q2_NW,0.388601,2.471588,chosen_action,,0.0,0.0,0.0,0.380512,0.4136,0.0,2.471588,pressured,concentrated_inbound,11,Q2_NW,2,2,64,30.0,2.1333,8.957
train,without_mine,best intruder 1200 1039,intruder,140,0,expander,attack,friendly,Q1_SW,0.312133,1.87272,chosen_action,,0.0,0.0,0.0,0.211466,0.27052,0.0,1.87272,pressured,concentrated_inbound,11,Q2_NW,2,2,64,30.0,2.1333,8.957
train,without_mine,best intruder 1200 1039,intruder,140,0,expander,attack,friendly,Q2_NW,0.31348,1.883267,chosen_action,,0.0,0.0,0.0,0.214443,0.27304,0.0,1.883267,pressured,concentrated_inbound,11,Q2_NW,2,2,64,30.0,2.1333,8.957
train,without_mine,best intruder 1200 1039,best,150,1,expander,attack,enemy,Q2_NW,0.973459,2.39338,chosen_action,,0.0,0.18,0.028105,0.210992,0.212591,0.0,2.39338,chasing_leader,leader_target,,,0,0,0,0.0,0.0,0.0
train,without_mine,best intruder 1200 1039,best,150,1,expander,attack,enemy,Q0_SE,0.711287,2.400126,chosen_action,,0.0,0.164806,0.026228,0.218096,0.20496,0.0,2.400126,chasing_leader,leader_target,,,0,0,0,0.0,0.0,0.0
train,without_mine,best intruder 1200 1039,best,150,1,expander,attack,enemy,Q1_SW,0.242845,2.864035,chosen_action,,0.95,0.18,0.008929,0.284631,0.430311,0.0,2.864035,cash_in,cash_in,,,0,0,0,0.0,0.0,0.0
train,without_mine,best intruder 1200 1039,intruder,160,0,expander,attack,friendly,Q1_SW,0.152637,2.195392,chosen_action,,0.95,0.0,0.052634,0.33743,0.2856,0.0,2.195392,pressured,concentrated_inbound,19,Q2_NW,3,3,184,165.0,1.1152,3.222
train,without_mine,best intruder 1200 1039,intruder,160,0,expander,attack,enemy,Q2_NW,0.407375,3.285537,chosen_action,,0.0,0.18,0.248922,0.412296,0.21928,0.0,3.285537,pressured,concentrated_inbound,19,Q2_NW,3,3,184,165.0,1.1152,3.222
train,without_mine,best intruder 1200 1039,best,170,1,attacker,attack,enemy,Q2_NW,1.0,2.765513,chosen_action,,0.0,0.105258,0.0,0.264963,0.392298,0.0,2.765513,cash_in,cash_in,,,0,0,0,0.0,0.0,0.0
train,without_mine,best intruder 1200 1039,best,170,1,expander,established,neutral,Q3_NE,0.047777,1.364927,chosen_action,,0.95,0.18,0.19965,0.044008,0.19208,0.0,1.364927,neutral,neutral,,,0,0,0,0.0,0.0,0.0
train,without_mine,best intruder 1200 1039,intruder,170,0,expander,attack,enemy,Q0_SE,0.643721,4.745082,chosen_action,,0.0,0.18,0.0,0.814472,0.585444,0.0,4.745082,pressured,concentrated_inbound,5,Q1_SW,2,2,212,54.0,3.9259,2.549
train,without_mine,best intruder 1200 1039,intruder,170,0,expander,attack,neutral,Q3_NE,0.201184,1.962601,chosen_action,,0.0,0.18,0.018561,0.172551,0.40628,0.0,1.962601,pressured,concentrated_inbound,5,Q1_SW,2,2,212,54.0,3.9259,2.549
train,without_mine,best intruder 1200 1039,intruder,170,0,expander,attack,enemy,Q2_NW,0.357211,3.79584,chosen_action,,0.95,0.091911,0.0,0.611714,0.24276,0.0,3.79584,pressured,concentrated_inbound,5,Q1_SW,2,2,212,54.0,3.9259,2.549
train,without_mine,best intruder 1200 1039,intruder,170,0,expander,attack,friendly,Q2_NW,0.341613,2.103594,chosen_action,,0.0,0.0,0.0,0.276636,0.32568,0.0,2.103594,pressured,concentrated_inbound,5,Q1_SW,2,2,212,54.0,3.9259,2.549
train,without_mine,best intruder 1200 1039,intruder,170,0,expander,attack,enemy,Q3_NE,0.397851,4.098953,chosen_action,,0.95,0.18,0.024265,0.600491,0.48724,0.0,4.098953,pressured,concentrated_inbound,5,Q1_SW,2,2,212,54.0,3.9259,2.549
train,without_mine,best intruder 1200 1039,best,180,1,attacker,attack,enemy,Q2_NW,1.0,3.104113,chosen_action,,0.0,0.0,0.0,0.337089,0.514889,0.0,3.104113,cash_in,cash_in,,,0,0,0,0.0,0.0,0.0
train,without_mine,best intruder 1200 1039,intruder,180,0,expander,attack,enemy,Q1_SW,0.494316,3.294644,chosen_action,,0.0,0.0,0.0,0.415145,0.22096,0.0,3.294644,chasing_leader,leader_target,,,0,0,0,0.0,0.0,0.0
train,without_mine,best intruder 1200 1039,intruder,180,0,expander,attack,friendly,Q1_SW,0.255668,1.435967,chosen_action,,0.0,0.0,0.0,0.123063,0.10416,0.0,1.435967,neutral,neutral,,,0,0,0,0.0,0.0,0.0
train,without_mine,best intruder 1200 1039,intruder,180,0,expander,attack,friendly,Q2_NW,0.29967,1.893815,chosen_action,,0.0,0.039866,0.035916,0.21742,0.27556,0.0,1.893815,neutral,neutral,,,0,0,0,0.0,0.0,0.0
train,without_mine,best intruder 1200 1039,intruder,180,0,expander,attack,friendly,Q2_NW,0.390846,2.489167,chosen_action,,0.0,0.0,0.0,0.385474,0.4178,0.0,2.489167,cash_in,cash_in,,,0,0,0,0.0,0.0,0.0
train,without_mine,best intruder 1200 1039,intruder,180,0,feeder,attack,friendly,Q2_NW,0.332186,2.029761,chosen_action,,0.0,0.0,0.0,0.255795,0.30804,0.0,2.029761,neutral,neutral,,,0,0,0,0.0,0.0,0.0
train,without_mine,best intruder 1200 1039,intruder,180,0,expander,attack,friendly,Q1_SW,0.275993,2.506746,chosen_action,,0.0,0.18,0.125487,0.390436,0.422,0.0,2.506746,cash_in,cash_in,,,0,0,0,0.0,0.0,0.0
train,without_mine,best intruder 1200 1039,best,190,1,expander,attack,enemy,Q2_NW,1.0,2.312058,chosen_action,,0.0,0.0,0.092343,0.198746,0.174124,0.0,2.312058,chasing_leader,leader_target,,,0,0,0,0.0,0.0,0.0
train,without_mine,best intruder 1200 1039,intruder,190,0,expander,attack,friendly,Q2_NW,0.312133,1.87272,chosen_action,,0.0,0.0,0.0,0.211466,0.27052,0.0,1.87272,pressured,concentrated_inbound,5,Q1_SW,2,2,135,157.0,0.8599,5.806
train,without_mine,best intruder 1200 1039,best,200,1,expander,attack,enemy,Q1_SW,1.0,2.436133,chosen_action,,0.0,0.041451,0.062605,0.201681,0.260813,0.0,2.436133,chasing_leader,leader_target,,,0,0,0,0.0,0.0,0.0
train,without_mine,best intruder 1200 1039,intruder,200,0,expander,attack,friendly,Q1_SW,0.295476,1.798886,chosen_action,,0.0,0.0,0.036147,0.190624,0.25288,0.0,1.798886,pressured,concentrated_inbound,21,Q1_SW,2,2,84,68.0,1.2353,0.161
train,without_mine,best intruder 1200 1039,intruder,200,0,attacker,attack,enemy,Q0_SE,0.449897,4.514043,chosen_action,,0.95,0.18,0.066795,0.76544,0.501471,0.0,4.514043,pressured,concentrated_inbound,21,Q1_SW,2,2,84,68.0,1.2353,0.161
train,without_mine,best intruder 1200 1039,best,210,1,expander,attack,enemy,Q2_NW,0.763787,2.584693,chosen_action,,0.0,0.063571,0.379324,0.230496,0.319631,0.0,2.584693,chasing_leader,leader_target,,,0,0,0,0.0,0.0,0.0
train,without_mine,best intruder 1200 1039,best,210,1,expander,attack,enemy,Q2_NW,0.761037,2.652796,chosen_action,,0.0,0.091049,0.363389,0.244855,0.344551,0.0,2.652796,chasing_leader,leader_target,,,0,0,0,0.0,0.0,0.0
train,without_mine,best intruder 1200 1039,best,210,1,expander,established,friendly,Q1_SW,0.997033,1.707045,chosen_action,,0.0,0.065558,0.0287,0.149072,0.25872,0.0,1.707045,neutral,neutral,,,0,0,0,0.0,0.0,0.0
train,without_mine,best intruder 1200 1039,intruder,210,0,expander,attack,friendly,Q2_NW,0.325452,1.977023,chosen_action,,0.0,0.0,0.0,0.240908,0.29544,0.0,1.977023,neutral,neutral,,,0,0,0,0.0,0.0,0.0
train,without_mine,best intruder 1200 1039,intruder,210,0,expander,attack,friendly,Q2_NW,0.376569,2.454008,chosen_action,,0.0,0.0,0.0,0.375549,0.4094,0.0,2.454008,cash_in,cash_in,,,0,0,0,0.0,0.0,0.0
train,without_mine,best intruder 1200 1039,intruder,210,0,expander,attack,friendly,Q1_SW,0.291133,1.884688,chosen_action,,0.0,0.0,0.069902,0.21369,0.275431,0.0,1.884688,neutral,neutral,,,0,0,0,0.0,0.0,0.0
train,without_mine,best intruder 1200 1039,intruder,210,0,anchor,attack,friendly,Q2_NW,0.303562,1.87272,chosen_action,,0.0,0.0,0.0,0.211466,0.27052,0.0,1.87272,neutral,neutral,,,0,0,0,0.0,0.0,0.0
train,without_mine,best intruder 1200 1039,intruder,210,0,feeder,attack,friendly,Q1_SW,0.294123,1.884688,chosen_action,,0.0,0.008915,0.0,0.21369,0.275431,0.0,1.884688,neutral,neutral,,,0,0,0,0.0,0.0,0.0
train,without_mine,best intruder 1200 1039,best,220,1,expander,established,friendly,Q1_SW,1.0,2.107848,chosen_action,,0.0,0.0,0.0,0.210053,0.4472,0.0,2.107848,cash_in,cash_in,,,0,0,0,0.0,0.0,0.0
train,without_mine,best intruder 1200 1039,intruder,220,0,anchor,attack,enemy,Q3_NE,0.488777,4.343571,chosen_action,,0.0,0.18,0.098129,0.70368,0.484991,0.0,4.343571,overtake_window,overtake_window,,,0,0,0,0.0,0.0,0.0
train,without_mine,best intruder 1200 1039,intruder,220,0,attacker,attack,friendly,Q1_SW,0.283003,2.19572,chosen_action,,0.0,0.019643,0.33456,0.279294,0.389196,0.0,2.19572,cash_in,cash_in,,,0,0,0,0.0,0.0,0.0
train,without_mine,best intruder 1200 1039,intruder,230,0,expander,expansion,enemy,Q2_NW,0.555476,3.771497,chosen_action,,0.0,0.0,0.0,0.536161,0.359044,0.0,3.771497,pressured,concentrated_inbound,23,Q2_NW,2,2,174,28.0,6.2143,0.519
train,without_mine,intruder 1039,intruder,10,1,expander,expansion,neutral,Q1_SW,0.973152,2.177408,chosen_action,,0.0,0.18,0.0,0.191787,0.5312,0.0,2.177408,neutral,neutral,,,0,0,0,0.0,0.0,0.0
train,without_mine,intruder 1039,intruder,20,1,anchor,expansion,neutral,Q1_SW,0.629892,1.637942,chosen_action,,0.0,0.147394,0.026212,0.078047,0.3338,0.0,1.637942,neutral,neutral,,,0,0,0,0.0,0.0,0.0
train,without_mine,intruder 1039,1039,20,0,expander,expansion,neutral,Q2_NW,0.211711,1.5109,chosen_action,,0.0,0.18,0.092505,0.09538,0.20888,0.0,1.5109,neutral,neutral,,,0,0,0,0.0,0.0,0.0
train,without_mine,intruder 1039,1039,20,0,anchor,expansion,neutral,Q0_SE,0.426281,3.750897,chosen_action,,0.0,0.18,0.036392,0.461357,0.550844,1.0,3.750897,cash_in,cash_in,,,0,0,0,0.0,0.0,0.0
train,without_mine,intruder 1039,1039,30,0,expander,expansion,unknown,unknown,0.117258,1.0,chosen_action,,0.0,0.18,0.053709,0.0,0.0,0.0,1.0,neutral,neutral,,,0,0,0,0.0,0.0,0.0
train,without_mine,intruder 1039,intruder,50,1,attacker,attack,enemy,Q3_NE,1.0,2.512448,chosen_action,,0.0,0.0,0.0,0.238972,0.251049,0.0,2.512448,chasing_leader,leader_target,,,0,0,0,0.0,0.0,0.0
train,without_mine,intruder 1039,intruder,50,1,expander,established,friendly,Q3_NE,0.861851,1.744215,chosen_action,,0.0,0.174109,0.060657,0.13058,0.319129,0.0,1.744215,neutral,neutral,,,0,0,0,0.0,0.0,0.0
train,without_mine,intruder 1039,intruder,50,1,expander,established,friendly,Q1_SW,1.0,1.767334,chosen_action,,0.0,0.0,0.0,0.13826,0.3226,0.0,1.767334,neutral,neutral,,,0,0,0,0.0,0.0,0.0
train,without_mine,intruder 1039,intruder,50,1,expander,established,friendly,Q1_SW,1.0,1.429116,chosen_action,,0.0,0.0,0.0,0.066951,0.19884,0.0,1.429116,neutral,neutral,,,0,0,0,0.0,0.0,0.0
train,without_mine,intruder 1039,intruder,50,1,expander,attack,enemy,Q2_NW,1.0,3.072716,chosen_action,,0.0,0.18,0.0,0.330699,0.502991,0.0,3.072716,cash_in,cash_in,,,0,0,0,0.0,0.0,0.0
train,without_mine,intruder 1039,intruder,50,1,expander,attack,enemy,Q3_NE,0.528772,2.110718,chosen_action,,0.0,0.18,0.016238,0.154272,0.104049,0.0,2.110718,chasing_leader,leader_target,,,0,0,0,0.0,0.0,0.0
train,without_mine,intruder 1039,intruder,60,1,sweeper,established,friendly,Q3_NE,0.740536,1.222673,chosen_action,,0.0,0.062387,0.225828,0.046948,0.08148,0.0,1.222673,neutral,neutral,,,0,0,0,0.0,0.0,0.0
train,without_mine,intruder 1039,1039,60,0,feeder,attack,friendly,Q2_NW,0.207965,1.228531,chosen_action,,0.0,0.0,0.039674,0.064509,0.0546,0.0,1.228531,neutral,neutral,,,0,0,0,0.0,0.0,0.0
train,without_mine,intruder 1039,intruder,70,1,expander,established,friendly,Q2_NW,0.95282,1.534713,chosen_action,,0.0,0.000263,0.116428,0.089215,0.23748,0.0,1.534713,neutral,neutral,,,0,0,0,0.0,0.0,0.0
train,without_mine,intruder 1039,1039,70,0,feeder,attack,enemy,Q3_NE,0.487734,3.240616,chosen_action,,0.0,0.0,0.0,0.384088,0.236151,0.0,3.240616,chasing_leader,leader_target,,,0,0,0,0.0,0.0,0.0
train,without_mine,intruder 1039,intruder,80,1,expander,established,neutral,Q3_NE,0.234,1.410839,chosen_action,,0.0,0.18,0.219705,0.053688,0.20888,0.0,1.410839,pressured,concentrated_inbound,28,Q2_NW,2,2,52,52.0,1.0,0.0
train,without_mine,intruder 1039,intruder,80,1,expander,attack,enemy,Q3_NE,0.43559,2.436856,chosen_action,,0.0,0.18,0.151474,0.22584,0.2184,0.0,2.436856,pressured,concentrated_inbound,28,Q2_NW,2,2,52,52.0,1.0,0.0
train,without_mine,intruder 1039,intruder,120,1,expander,established,neutral,Q0_SE,1.0,1.695332,chosen_action,,0.0,0.0,0.0,0.090147,0.3548,0.0,1.695332,cash_in,cash_in,,,0,0,0,0.0,0.0,0.0
train,without_mine,best intruder smith 1039,smith,0,1,expander,initiation,unknown,unknown,0.534974,1.0,chosen_action,,0.0,0.18,0.105026,0.0,0.0,0.0,1.0,neutral,neutral,,,0,0,0,0.0,0.0,0.0
train,without_mine,best intruder smith 1039,1039,0,0,expander,initiation,neutral,Q3_NE,0.245842,1.75674,chosen_action,,0.0,0.18,0.08501,0.102726,0.377924,0.0,1.75674,neutral,neutral,,,0,0,0,0.0,0.0,0.0
train,without_mine,best intruder smith 1039,1039,30,0,expander,expansion,friendly,Q3_NE,0.382693,2.513619,chosen_action,,0.0,0.0,0.0,0.289482,0.16212,0.666667,2.513619,neutral,neutral,,,0,0,0,0.0,0.0,0.0
train,without_mine,best intruder smith 1039,intruder,40,0,expander,expansion,neutral,Q2_NW,0.324933,2.229921,chosen_action,,0.0,0.105244,0.037824,0.188837,0.35312,0.333333,2.229921,cash_in,cash_in,,,0,0,0,0.0,0.0,0.0
train,without_mine,best intruder smith 1039,intruder,40,0,expander,expansion,friendly,Q2_NW,0.296739,1.842199,chosen_action,,0.0,0.0,0.028085,0.163546,0.11088,0.333333,1.842199,neutral,neutral,,,0,0,0,0.0,0.0,0.0
train,without_mine,best intruder smith 1039,smith,50,1,expander,expansion,neutral,Q3_NE,0.767479,1.797873,chosen_action,,0.0,0.18,0.156321,0.129165,0.361391,0.0,1.797873,cash_in,cash_in,,,0,0,0,0.0,0.0,0.0
train,without_mine,best intruder smith 1039,intruder,60,0,expander,expansion,friendly,Q3_NE,0.277284,1.603368,chosen_action,,0.0,0.0,0.0,0.158243,0.165618,0.0,1.603368,neutral,neutral,,,0,0,0,0.0,0.0,0.0
train,without_mine,best intruder smith 1039,intruder,60,0,expander,expansion,friendly,Q1_SW,0.283345,1.695213,chosen_action,,0.0,0.0,0.02749,0.192602,0.172569,0.0,1.695213,neutral,neutral,,,0,0,0,0.0,0.0,0.0
train,without_mine,best intruder smith 1039,smith,60,1,expander,expansion,enemy,Q3_NE,1.0,1.54791,chosen_action,,0.0,0.052458,0.0,0.113818,0.203516,0.0,1.54791,neutral,neutral,,,0,0,0,0.0,0.0,0.0
train,without_mine,best intruder smith 1039,intruder,70,0,expander,expansion,friendly,Q2_NW,0.244524,1.435967,chosen_action,,0.0,0.0,0.05572,0.123063,0.10416,0.0,1.435967,neutral,neutral,,,0,0,0,0.0,0.0,0.0
train,without_mine,best intruder smith 1039,smith,70,1,expander,expansion,enemy,Q3_NE,0.868148,1.562287,chosen_action,,0.0,0.18,0.024957,0.093326,0.250596,0.0,1.562287,neutral,neutral,,,0,0,0,0.0,0.0,0.0
train,without_mine,best intruder smith 1039,intruder,80,0,expander,expansion,neutral,Q2_NW,0.320882,1.93359,chosen_action,,0.0,0.0,0.0,0.179813,0.37188,0.0,1.93359,pressured,concentrated_inbound,6,Q3_NE,2,2,80,54.0,1.4815,8.5
train,without_mine,best intruder smith 1039,intruder,80,0,expander,expansion,friendly,Q2_NW,0.294276,1.738331,chosen_action,,0.0,0.0,0.0,0.208413,0.1764,0.0,1.738331,pressured,concentrated_inbound,6,Q3_NE,2,2,80,54.0,1.4815,8.5
train,without_mine,best intruder smith 1039,intruder,90,0,expander,expansion,friendly,Q3_NE,0.28844,1.692624,chosen_action,,0.0,0.0,0.0,0.195511,0.16548,0.0,1.692624,neutral,neutral,,,0,0,0,0.0,0.0,0.0
train,without_mine,best intruder smith 1039,smith,90,1,sweeper,expansion,enemy,Q3_NE,0.568367,2.3843,chosen_action,,0.0,0.18,0.091958,0.212459,0.203258,0.0,2.3843,chasing_leader,leader_target,,,0,0,0,0.0,0.0,0.0
train,without_mine,best intruder smith 1039,smith,90,1,expander,expansion,enemy,Q2_NW,1.0,2.2056,chosen_action,,0.0,0.0,0.087966,0.175748,0.136151,0.0,2.2056,chasing_leader,leader_target,,,0,0,0,0.0,0.0,0.0
train,without_mine,best intruder smith 1039,smith,100,1,expander,expansion,enemy,Q3_NE,0.882513,2.428983,chosen_action,,0.0,0.18,0.123608,0.220477,0.222102,0.0,2.428983,chasing_leader,leader_target,,,0,0,0,0.0,0.0,0.0
train,without_mine,best intruder smith 1039,smith,100,1,expander,expansion,friendly,Q0_SE,0.742268,1.353522,chosen_action,,0.0,0.18,0.123378,0.074536,0.12936,0.0,1.353522,neutral,neutral,,,0,0,0,0.0,0.0,0.0
train,without_mine,best intruder smith 1039,intruder,110,0,expander,expansion,enemy,Q2_NW,0.442407,3.340584,chosen_action,,0.0,0.18,0.107998,0.436872,0.216364,0.0,3.340584,chasing_leader,leader_target,,,0,0,0,0.0,0.0,0.0
train,without_mine,best intruder smith 1039,intruder,110,0,expander,expansion,neutral,Q2_NW,0.224042,2.40191,chosen_action,,0.0,0.18,0.085653,0.287419,0.527484,0.0,2.40191,cash_in,cash_in,,,0,0,0,0.0,0.0,0.0
train,without_mine,best intruder smith 1039,intruder,110,0,anchor,expansion,friendly,Q3_NE,0.055668,1.435967,chosen_action,,0.95,0.18,0.095824,0.123063,0.10416,0.0,1.435967,neutral,neutral,,,0,0,0,0.0,0.0,0.0
train,without_mine,best intruder smith 1039,smith,110,1,expander,expansion,enemy,Q0_SE,1.0,2.361705,chosen_action,,0.0,0.0,0.0,0.186472,0.23272,0.0,2.361705,chasing_leader,leader_target,,,0,0,0,0.0,0.0,0.0
train,without_mine,best intruder smith 1039,intruder,120,0,expander,expansion,friendly,Q3_NE,0.265668,1.541442,chosen_action,,0.0,0.0,0.017339,0.152836,0.12936,0.0,1.541442,neutral,neutral,,,0,0,0,0.0,0.0,0.0
train,without_mine,best intruder smith 1200,best,10,0,anchor,initiation,neutral,Q1_SW,0.095096,1.395285,chosen_action,,0.0,0.18,0.183055,0.04988,0.204129,0.0,1.395285,neutral,neutral,,,0,0,0,0.0,0.0,0.0
train,without_mine,best intruder smith 1200,intruder,10,1,anchor,initiation,neutral,Q2_NW,0.263809,1.395285,chosen_action,,0.0,0.18,0.187898,0.04988,0.204129,0.0,1.395285,neutral,neutral,,,0,0,0,0.0,0.0,0.0
train,without_mine,best intruder smith 1200,1200,10,0,anchor,initiation,neutral,Q3_NE,0.173939,2.002854,chosen_action,,0.0,0.18,0.181077,0.177978,0.426449,0.0,2.002854,neutral,neutral,,,0,0,0,0.0,0.0,0.0
train,without_mine,best intruder smith 1200,1200,20,0,attacker,attack,neutral,Q1_SW,0.211395,1.849545,chosen_action,,0.0,0.18,0.317221,0.121695,0.412947,0.0,1.849545,neutral,neutral,,,0,0,0,0.0,0.0,0.0
train,without_mine,best intruder smith 1200,1200,30,0,attacker,attack,friendly,Q2_NW,0.207331,1.729236,chosen_action,,0.0,0.18,0.254128,0.153751,0.26684,0.0,1.729236,neutral,neutral,,,0,0,0,0.0,0.0,0.0
train,without_mine,best intruder smith 1200,best,40,0,expander,attack,friendly,Q1_SW,0.372353,2.538772,chosen_action,,0.0,0.069582,0.000816,0.270195,0.21504,0.666667,2.538772,neutral,neutral,,,0,0,0,0.0,0.0,0.0
train,without_mine,best intruder smith 1200,intruder,40,1,expander,attack,enemy,Q3_NE,1.0,3.979762,chosen_action,,0.0,0.18,0.018875,0.503374,0.349382,0.333333,3.979762,chasing_leader,leader_target,,,0,0,0,0.0,0.0,0.0
train,without_mine,best intruder smith 1200,smith,40,0,attacker,attack,enemy,Q0_SE,0.248178,1.422229,chosen_action,,0.0,0.000683,0.033363,0.065499,0.19632,0.0,1.422229,neutral,neutral,,,0,0,0,0.0,0.0,0.0
train,without_mine,best intruder smith 1200,best,50,0,expander,attack,enemy,Q0_SE,0.185922,1.480243,chosen_action,,0.0,0.024815,0.358122,0.076166,0.220329,0.0,1.480243,neutral,neutral,,,0,0,0,0.0,0.0,0.0
train,without_mine,best intruder smith 1200,best,50,0,expander,attack,neutral,Q3_NE,0.120147,1.921357,chosen_action,,0.95,0.18,0.143125,0.135041,0.442413,0.0,1.921357,cash_in,cash_in,,,0,0,0,0.0,0.0,0.0
train,without_mine,best intruder smith 1200,intruder,50,1,expander,attack,neutral,Q1_SW,0.999588,2.741533,chosen_action,,0.0,0.18,0.039667,0.314149,0.509316,0.333333,2.741533,cash_in,cash_in,,,0,0,0,0.0,0.0,0.0
train,without_mine,best intruder smith 1200,1200,50,0,expander,expansion,neutral,Q3_NE,0.239959,1.454647,chosen_action,,0.0,0.0,0.095352,0.079501,0.19544,0.0,1.454647,neutral,neutral,,,0,0,0,0.0,0.0,0.0
train,without_mine,best intruder smith 1200,intruder,70,1,expander,attack,friendly,Q2_NW,0.716432,1.431411,chosen_action,,0.0,0.164149,0.175592,0.067435,0.19968,0.0,1.431411,pressured,concentrated_inbound,11,Q2_NW,2,2,56,26.0,2.1538,1.265
train,without_mine,best intruder smith 1200,intruder,70,1,expander,attack,enemy,Q3_NE,0.588366,1.538014,chosen_action,,0.0,0.18,0.301588,0.089083,0.24016,0.0,1.538014,pressured,concentrated_inbound,11,Q2_NW,2,2,56,26.0,2.1538,1.265
train,without_mine,best intruder smith 1200,intruder,70,1,expander,attack,friendly,Q2_NW,0.653893,1.204308,chosen_action,,0.0,0.18,0.192487,0.043076,0.07476,0.0,1.204308,pressured,concentrated_inbound,11,Q2_NW,2,2,56,26.0,2.1538,1.265
train,without_mine,best intruder smith 1200,intruder,70,1,expander,attack,enemy,Q0_SE,0.078211,1.601613,chosen_action,,0.95,0.18,0.031234,0.100215,0.26748,0.0,1.601613,pressured,concentrated_inbound,11,Q2_NW,2,2,56,26.0,2.1538,1.265
train,without_mine,best intruder smith 1200,smith,70,0,anchor,attack,enemy,Q3_NE,0.510141,4.008667,chosen_action,,0.0,0.095518,0.0,0.628857,0.369933,0.0,4.008667,overtake_window,overtake_window,,,0,0,0,0.0,0.0,0.0
train,without_mine,best intruder smith 1200,smith,70,0,attacker,attack,enemy,Q0_SE,0.329241,2.010287,chosen_action,,0.0,0.0,0.0,0.273195,0.26268,0.0,2.010287,neutral,neutral,,,0,0,0,0.0,0.0,0.0
train,without_mine,best intruder smith 1200,best,80,0,attacker,attack,enemy,Q2_NW,0.381131,3.138693,chosen_action,,0.0,0.18,0.286689,0.36787,0.189484,0.0,3.138693,chasing_leader,leader_target,,,0,0,0,0.0,0.0,0.0
train,without_mine,best intruder smith 1200,intruder,80,1,anchor,attack,neutral,Q0_SE,0.139698,2.07283,chosen_action,,0.95,0.18,0.163275,0.167323,0.497227,0.0,2.07283,pressured,concentrated_inbound,11,Q2_NW,2,2,56,87.0,0.6437,1.265
train,without_mine,best intruder smith 1200,intruder,80,1,expander,attack,friendly,Q3_NE,0.888851,1.738418,chosen_action,,0.0,0.18,0.026491,0.155687,0.2702,0.0,1.738418,pressured,concentrated_inbound,11,Q2_NW,2,2,56,87.0,0.6437,1.265
train,without_mine,best intruder smith 1200,intruder,80,1,expander,attack,unknown,unknown,0.601297,1.0,chosen_action,,0.0,0.18,0.038703,0.0,0.0,0.0,1.0,pressured,concentrated_inbound,11,Q2_NW,2,2,56,87.0,0.6437,1.265
train,without_mine,best intruder smith 1200,smith,80,0,expander,attack,enemy,Q1_SW,0.319518,1.935379,chosen_action,,0.0,0.0,0.0,0.259951,0.230738,0.0,1.935379,pressured,concentrated_inbound,10,Q3_NE,3,4,80,23.0,3.4783,5.551
train,without_mine,best intruder smith 1200,1200,80,0,expander,expansion,neutral,Q2_NW,0.347931,2.525136,chosen_action,,0.0,0.18,0.064671,0.324333,0.553138,0.0,2.525136,cash_in,cash_in,,,0,0,0,0.0,0.0,0.0
train,without_mine,best intruder,best,40,1,expander,attack,enemy,Q2_NW,1.0,2.889294,chosen_action,,0.0,0.094215,0.053483,0.292786,0.434524,0.0,2.889294,cash_in,cash_in,,,0,0,0,0.0,0.0,0.0
train,without_mine,best intruder,intruder,50,0,feeder,attack,enemy,Q2_NW,0.509487,4.278109,chosen_action,,0.0,0.18,0.029019,0.722862,0.4024,0.0,4.278109,overtake_window,overtake_window,,,0,0,0,0.0,0.0,0.0
train,without_mine,best intruder,best,60,1,sweeper,established,neutral,Q1_SW,0.81752,1.408544,chosen_action,,0.0,0.18,0.055888,0.053204,0.20804,0.0,1.408544,neutral,neutral,,,0,0,0,0.0,0.0,0.0
train,without_mine,best intruder,intruder,60,0,expander,attack,friendly,Q2_NW,0.304297,2.347361,chosen_action,,0.0,0.18,0.16221,0.345445,0.38392,0.0,2.347361,cash_in,cash_in,,,0,0,0,0.0,0.0,0.0
train,without_mine,best intruder,intruder,60,0,sweeper,attack,neutral,Q0_SE,0.183742,2.424032,chosen_action,,0.95,0.18,0.079764,0.306447,0.510044,0.0,2.424032,cash_in,cash_in,,,0,0,0,0.0,0.0,0.0
train,without_mine,best intruder,intruder,60,0,feeder,attack,friendly,Q3_NE,0.179573,2.406344,chosen_action,,0.95,0.18,0.0,0.396977,0.336,0.0,2.406344,neutral,neutral,,,0,0,0,0.0,0.0,0.0
train,without_mine,best intruder,intruder,70,0,expander,attack,neutral,Q2_NW,0.197503,1.507385,chosen_action,,0.0,0.164634,0.176669,0.094388,0.20804,0.0,1.507385,neutral,neutral,,,0,0,0,0.0,0.0,0.0
train,without_mine,best intruder,intruder,70,0,expander,attack,neutral,Q0_SE,0.29063,2.041458,chosen_action,,0.0,0.18,0.042199,0.189578,0.434422,0.0,2.041458,cash_in,cash_in,,,0,0,0,0.0,0.0,0.0
train,without_mine,best intruder,intruder,80,0,expander,attack,neutral,Q3_NE,0.192396,1.507385,chosen_action,,0.0,0.18,0.186837,0.094388,0.20804,0.0,1.507385,neutral,neutral,,,0,0,0,0.0,0.0,0.0
train,without_mine,best intruder,intruder,90,0,anchor,attack,friendly,Q3_NE,0.290895,2.088108,chosen_action,,0.0,0.054668,0.0,0.272176,0.322138,0.0,2.088108,neutral,neutral,,,0,0,0,0.0,0.0,0.0
train,without_mine,best intruder,intruder,90,0,feeder,attack,neutral,Q1_SW,0.192779,2.039616,chosen_action,,0.0,0.18,0.050258,0.189236,0.433667,0.0,2.039616,cash_in,cash_in,,,0,0,0,0.0,0.0,0.0
train,without_mine,best intruder,best,100,1,expander,attack,enemy,Q3_NE,0.613389,2.894245,chosen_action,,0.0,0.18,0.032926,0.312569,0.403022,0.0,2.894245,cash_in,cash_in,,,0,0,0,0.0,0.0,0.0
train,without_mine,best intruder,intruder,100,0,feeder,attack,neutral,Q3_NE,0.194835,1.507385,chosen_action,,0.0,0.088348,0.0,0.094388,0.20804,0.0,1.507385,neutral,neutral,,,0,0,0,0.0,0.0,0.0
train,without_mine,best intruder,best,110,1,expander,established,friendly,Q1_SW,1.0,1.994598,chosen_action,,0.0,0.0,0.050274,0.186176,0.40576,0.0,1.994598,cash_in,cash_in,,,0,0,0,0.0,0.0,0.0
train,without_mine,best intruder,intruder,110,0,expander,attack,enemy,Q0_SE,0.584453,4.02769,chosen_action,,0.0,0.0,0.0,0.644508,0.3562,0.0,4.02769,pressured,concentrated_inbound,24,Q3_NE,2,2,300,44.0,6.8182,1.764
train,without_mine,intruder smith,smith,0,0,anchor,initiation,neutral,Q1_SW,0.127755,1.856789,chosen_action,,0.0,0.18,0.4,0.124188,0.41388,0.0,1.856789,neutral,neutral,,,0,0,0,0.0,0.0,0.0
train,without_mine,intruder smith,smith,10,0,anchor,initiation,neutral,Q0_SE,0.115353,1.857191,chosen_action,,0.0,0.18,0.4,0.146968,0.37368,0.0,1.857191,neutral,neutral,,,0,0,0,0.0,0.0,0.0
train,without_mine,intruder smith,smith,30,0,anchor,expansion,neutral,Q3_NE,0.177599,1.933586,chosen_action,,0.0,0.18,0.200475,0.139207,0.444067,0.0,1.933586,cash_in,cash_in,,,0,0,0,0.0,0.0,0.0
train,without_mine,intruder smith,intruder,40,1,expander,established,neutral,Q3_NE,1.0,3.411433,chosen_action,,0.0,0.030451,0.263221,0.390814,0.4248,1.0,3.411433,cash_in,cash_in,,,0,0,0,0.0,0.0,0.0
train,without_mine,intruder smith,intruder,40,1,expander,attack,enemy,Q1_SW,1.0,4.714469,chosen_action,,0.0,0.092948,0.105991,0.606854,0.2652,1.0,4.714469,overtake_window,overtake_window,,,0,0,0,0.0,0.0,0.0
train,without_mine,intruder smith,intruder,40,1,attacker,established,unknown,unknown,0.428502,1.0,chosen_action,,0.0,0.18,0.211498,0.0,0.0,0.0,1.0,neutral,neutral,,,0,0,0,0.0,0.0,0.0
train,without_mine,intruder smith,intruder,40,1,expander,established,neutral,Q3_NE,0.936039,3.411433,chosen_action,,0.0,0.18,0.177669,0.390814,0.4248,1.0,3.411433,cash_in,cash_in,,,0,0,0,0.0,0.0,0.0
train,without_mine,intruder smith,intruder,40,1,expander,attack,enemy,Q2_NW,0.478216,4.85667,chosen_action,,0.95,0.18,0.160367,0.633684,0.322836,1.0,4.85667,overtake_window,overtake_window,,,0,0,0,0.0,0.0,0.0
train,without_mine,intruder smith,smith,40,0,anchor,established,neutral,Q1_SW,0.124284,1.37411,chosen_action,,0.0,0.18,0.10339,0.045944,0.19544,0.0,1.37411,neutral,neutral,,,0,0,0,0.0,0.0,0.0
train,without_mine,intruder smith,smith,40,0,expander,established,neutral,Q3_NE,0.265338,2.426246,chosen_action,,0.0,0.18,0.0,0.241399,0.627324,0.0,2.426246,cash_in,cash_in,,,0,0,0,0.0,0.0,0.0
train,without_mine,intruder smith,smith,40,0,expander,established,neutral,Q3_NE,0.349338,2.426246,chosen_action,,0.0,0.18,0.0,0.241399,0.627324,0.0,2.426246,cash_in,cash_in,,,0,0,0,0.0,0.0,0.0
train,without_mine,intruder smith,smith,50,0,sweeper,attack,neutral,Q1_SW,0.274592,2.312083,chosen_action,,0.0,0.148742,0.051003,0.220181,0.58048,0.0,2.312083,cash_in,cash_in,,,0,0,0,0.0,0.0,0.0
train,without_mine,intruder smith,smith,50,0,anchor,attack,enemy,Q3_NE,0.293837,2.647965,chosen_action,,0.0,0.18,0.004993,0.244664,0.341311,0.0,2.647965,chasing_leader,leader_target,,,0,0,0,0.0,0.0,0.0
train,without_mine,intruder smith,smith,50,0,expander,attack,friendly,Q3_NE,0.256431,1.715537,chosen_action,,0.0,0.18,0.0,0.1487,0.265671,0.0,1.715537,neutral,neutral,,,0,0,0,0.0,0.0,0.0
train,without_mine,intruder smith,intruder,70,1,expander,attack,enemy,Q2_NW,0.971069,3.207573,chosen_action,,0.0,0.18,0.136126,0.357407,0.555404,0.0,3.207573,pressured,concentrated_inbound,18,Q1_SW,3,3,82,131.0,0.626,4.527
train,without_mine,intruder smith,intruder,70,1,anchor,attack,friendly,Q3_NE,1.0,1.627302,chosen_action,,0.0,0.0,0.0,0.108736,0.27136,0.0,1.627302,pressured,concentrated_inbound,18,Q1_SW,3,3,82,131.0,0.626,4.527
train,without_mine,intruder smith,smith,70,0,feeder,attack,enemy,Q1_SW,0.542276,4.490057,chosen_action,,0.0,0.18,0.001953,0.767074,0.4808,0.0,4.490057,overtake_window,overtake_window,,,0,0,0,0.0,0.0,0.0
train,without_mine,intruder smith,smith,70,0,expander,attack,enemy,Q1_SW,0.457421,3.819237,chosen_action,,0.0,0.18,0.0,0.55718,0.35704,0.0,3.819237,overtake_window,overtake_window,,,0,0,0,0.0,0.0,0.0
train,without_mine,intruder smith,smith,70,0,anchor,attack,enemy,Q1_SW,0.457421,3.819237,chosen_action,,0.0,0.18,0.0,0.55718,0.35704,0.0,3.819237,overtake_window,overtake_window,,,0,0,0,0.0,0.0,0.0
train,without_mine,intruder smith,intruder,80,1,expander,attack,enemy,Q2_NW,1.0,2.130445,chosen_action,,0.0,0.0,0.07224,0.158569,0.111022,0.0,2.130445,pressured,concentrated_inbound,5,Q1_SW,2,2,43,59.0,0.7288,2.092
train,without_mine,intruder smith,intruder,80,1,expander,attack,enemy,Q2_NW,1.0,2.633785,chosen_action,,0.0,0.18,0.0,0.241169,0.337022,0.0,2.633785,pressured,concentrated_inbound,5,Q1_SW,2,2,43,59.0,0.7288,2.092
train,without_mine,intruder smith,smith,80,0,expander,attack,enemy,Q0_SE,0.478496,4.736963,chosen_action,,0.95,0.18,0.046835,0.821639,0.566689,0.0,4.736963,overtake_window,overtake_window,,,0,0,0,0.0,0.0,0.0
train,without_mine,best smith,best,0,1,expander,initiation,neutral,Q0_SE,1.0,1.654173,chosen_action,,0.0,0.0,0.065575,0.104992,0.29792,0.0,1.654173,neutral,neutral,,,0,0,0,0.0,0.0,0.0
train,without_mine,best smith,smith,0,0,expander,initiation,enemy,Q0_SE,0.209807,2.612913,chosen_action,,0.95,0.18,0.158964,0.262384,0.283844,0.0,2.612913,chasing_leader,leader_target,,,0,0,0,0.0,0.0,0.0
train,without_mine,best smith,best,30,1,expander,established,neutral,Q3_NE,1.0,2.0381,chosen_action,,0.0,0.074638,0.0377,0.158459,0.487258,0.0,2.0381,cash_in,cash_in,,,0,0,0,0.0,0.0,0.0
train,without_mine,best smith,best,30,1,expander,established,neutral,Q1_SW,0.846625,1.879745,chosen_action,,0.0,0.026105,0.116279,0.129028,0.42228,0.0,1.879745,cash_in,cash_in,,,0,0,0,0.0,0.0,0.0
train,without_mine,best smith,smith,30,0,expander,established,neutral,Q1_SW,0.328766,2.32223,chosen_action,,0.0,0.152425,0.057991,0.272384,0.495191,0.0,2.32223,cash_in,cash_in,,,0,0,0,0.0,0.0,0.0
train,without_mine,best smith,best,40,1,expander,established,friendly,Q1_SW,0.940868,1.730604,chosen_action,,0.0,0.121554,0.032382,0.130516,0.30916,0.0,1.730604,pressured,concentrated_inbound,10,Q3_NE,2,2,43,34.0,1.2647,2.425
train,without_mine,best smith,best,50,1,expander,attack,enemy,Q3_NE,1.0,2.451127,chosen_action,,0.0,0.0,0.0,0.224134,0.232004,0.0,2.451127,pressured,concentrated_inbound,14,Q0_SE,3,3,106,75.0,1.4133,0.473
train,without_mine,best smith,best,50,1,expander,established,friendly,Q1_SW,1.0,1.791217,chosen_action,,0.0,0.0,0.0,0.166819,0.28952,0.0,1.791217,pressured,concentrated_inbound,14,Q0_SE,3,3,106,75.0,1.4133,0.473
train,without_mine,best smith,best,50,1,feeder,established,friendly,Q1_SW,0.896124,1.791217,chosen_action,,0.0,0.0,0.141207,0.166819,0.28952,0.0,1.791217,pressured,concentrated_inbound,14,Q0_SE,3,3,106,75.0,1.4133,0.473
train,without_mine,best smith,best,50,1,expander,attack,enemy,Q2_NW,0.244125,2.877635,chosen_action,,0.95,0.18,0.03247,0.311298,0.392978,0.0,2.877635,pressured,concentrated_inbound,14,Q0_SE,3,3,106,75.0,1.4133,0.473
train,without_mine,best smith,best,50,1,anchor,established,friendly,Q0_SE,1.0,1.775751,chosen_action,,0.0,0.0,0.0,0.140035,0.32568,0.0,1.775751,pressured,concentrated_inbound,14,Q0_SE,3,3,106,75.0,1.4133,0.473
train,without_mine,best smith,smith,50,0,expander,attack,enemy,Q0_SE,0.390635,4.051301,chosen_action,,0.0,0.18,0.4,0.643576,0.375347,0.0,4.051301,overtake_window,overtake_window,,,0,0,0,0.0,0.0,0.0
train,without_mine,best smith,smith,50,0,expander,attack,enemy,Q0_SE,0.510032,4.459561,chosen_action,,0.0,0.18,0.062415,0.771317,0.450667,0.0,4.459561,overtake_window,overtake_window,,,0,0,0,0.0,0.0,0.0
train,without_mine,best smith,smith,50,0,expander,attack,enemy,Q1_SW,0.324835,2.983301,chosen_action,,0.0,0.18,0.048477,0.328824,0.143796,0.0,2.983301,chasing_leader,leader_target,,,0,0,0,0.0,0.0,0.0
train,without_mine,best smith,best,60,1,expander,attack,enemy,Q3_NE,0.595253,2.687917,chosen_action,,0.0,0.18,0.02427,0.276611,0.314111,0.0,2.687917,pressured,concentrated_inbound,24,Q1_SW,2,2,38,15.0,2.5333,5.201
train,without_mine,best smith,best,60,1,expander,established,friendly,Q3_NE,1.0,1.550254,chosen_action,,0.0,0.0,0.0,0.113852,0.205191,0.0,1.550254,pressured,concentrated_inbound,24,Q1_SW,2,2,38,15.0,2.5333,5.201
train,without_mine,best smith,smith,60,0,expander,attack,neutral,Q2_NW,0.218893,1.489805,chosen_action,,0.0,0.18,0.04313,0.089426,0.20384,0.0,1.489805,neutral,neutral,,,0,0,0,0.0,0.0,0.0
train,without_mine,best smith,smith,70,0,anchor,attack,friendly,Q2_NW,0.291448,2.306728,chosen_action,,0.0,0.097027,0.0,0.368857,0.3122,0.0,2.306728,pressured,concentrated_inbound,24,Q2_NW,2,2,72,42.0,1.7143,0.041
train,without_mine,best smith,best,80,1,expander,established,friendly,Q3_NE,0.891416,1.681632,chosen_action,,0.0,0.18,0.017064,0.120191,0.29124,0.0,1.681632,neutral,neutral,,,0,0,0,0.0,0.0,0.0
train,without_mine,best smith,best,80,1,expander,attack,enemy,Q2_NW,0.982933,2.811716,chosen_action,,0.0,0.18,0.072631,0.299907,0.3644,0.0,2.811716,cash_in,cash_in,,,0,0,0,0.0,0.0,0.0
train,without_mine,best smith,best,80,1,expander,established,friendly,Q3_NE,0.09095,1.700762,chosen_action,,0.95,0.18,0.02239,0.124224,0.29824,0.0,1.700762,neutral,neutral,,,0,0,0,0.0,0.0,0.0
train,without_mine,best smith,best,90,1,expander,established,friendly,Q3_NE,0.857485,1.7505,chosen_action,,0.0,0.155758,0.08413,0.134711,0.31644,0.0,1.7505,neutral,neutral,,,0,0,0,0.0,0.0,0.0
train,without_mine,best smith,smith,90,0,expander,attack,friendly,Q2_NW,0.344407,2.130935,chosen_action,,0.0,0.0,0.0,0.319235,0.2702,0.0,2.130935,neutral,neutral,,,0,0,0,0.0,0.0,0.0
train,without_mine,best smith,smith,100,0,attacker,attack,enemy,Q3_NE,0.575681,4.21357,chosen_action,,0.0,0.18,0.0,0.673078,0.443098,0.0,4.21357,overtake_window,overtake_window,,,0,0,0,0.0,0.0,0.0
train,without_mine,best smith,best,110,1,expander,established,friendly,Q2_NW,0.985387,1.890531,chosen_action,,0.0,0.12025,0.009816,0.164235,0.36768,0.0,1.890531,cash_in,cash_in,,,0,0,0,0.0,0.0,0.0
train,without_mine,intruder 1200,intruder,0,1,anchor,initiation,neutral,Q1_SW,0.436659,1.86138,chosen_action,,0.0,0.18,0.155688,0.125156,0.41556,0.0,1.86138,neutral,neutral,,,0,0,0,0.0,0.0,0.0
train,without_mine,intruder 1200,1200,0,0,anchor,initiation,neutral,Q3_NE,0.17721,1.86138,chosen_action,,0.0,0.18,0.155688,0.125156,0.41556,0.0,1.86138,neutral,neutral,,,0,0,0,0.0,0.0,0.0
train,without_mine,intruder 1200,intruder,20,1,sweeper,expansion,neutral,Q0_SE,0.633591,1.826343,chosen_action,,0.0,0.18,0.013762,0.141292,0.36092,0.0,1.826343,cash_in,cash_in,,,0,0,0,0.0,0.0,0.0
train,without_mine,intruder 1200,1200,20,0,anchor,expansion,neutral,Q1_SW,0.402426,3.755274,chosen_action,,0.0,0.18,0.155951,0.487656,0.507333,1.0,3.755274,cash_in,cash_in,,,0,0,0,0.0,0.0,0.0
train,without_mine,intruder 1200,intruder,30,1,sweeper,expansion,neutral,Q2_NW,0.334902,2.027329,chosen_action,,0.0,0.18,0.098969,0.155291,0.484911,0.0,2.027329,cash_in,cash_in,,,0,0,0,0.0,0.0,0.0
train,without_mine,intruder 1200,1200,30,0,expander,expansion,friendly,Q3_NE,0.314029,1.893028,chosen_action,,0.0,0.0,0.0,0.25208,0.21336,0.0,1.893028,neutral,neutral,,,0,0,0,0.0,0.0,0.0
train,without_mine,intruder 1200,intruder,40,1,expander,expansion,neutral,Q1_SW,0.876692,2.102418,chosen_action,,0.0,0.18,0.086778,0.175976,0.50376,0.0,2.102418,pressured,concentrated_inbound,17,Q1_SW,3,3,60,60.0,1.0,2.077
train,without_mine,intruder 1200,intruder,40,1,expander,expansion,neutral,Q3_NE,0.839053,1.596887,chosen_action,,0.0,0.18,0.05878,0.087578,0.286444,0.0,1.596887,pressured,concentrated_inbound,17,Q1_SW,3,3,60,60.0,1.0,2.077
train,without_mine,intruder 1200,intruder,40,1,expander,expansion,friendly,Q1_SW,1.0,1.920536,chosen_action,,0.0,0.0,0.0,0.194084,0.33684,0.0,1.920536,pressured,concentrated_inbound,17,Q1_SW,3,3,60,60.0,1.0,2.077
train,without_mine,intruder 1200,intruder,40,1,expander,expansion,neutral,Q1_SW,0.96347,2.102418,chosen_action,,0.0,0.18,0.0,0.175976,0.50376,0.0,2.102418,pressured,concentrated_inbound,17,Q1_SW,3,3,60,60.0,1.0,2.077
train,without_mine,intruder 1200,1200,40,0,expander,expansion,enemy,Q1_SW,0.723114,5.604953,chosen_action,,0.0,0.18,0.071756,0.859759,0.475209,1.0,5.604953,overtake_window,overtake_window,,,0,0,0,0.0,0.0,0.0
train,without_mine,intruder 1200,intruder,50,1,expander,expansion,friendly,Q1_SW,1.0,1.592265,chosen_action,,0.0,0.0,0.0,0.124872,0.21672,0.0,1.592265,pressured,concentrated_inbound,17,Q1_SW,3,6,140,120.0,1.1667,7.419
train,without_mine,intruder 1200,intruder,50,1,expander,expansion,enemy,Q3_NE,0.935034,2.164607,chosen_action,,0.0,0.18,0.036967,0.164,0.126671,0.0,2.164607,pressured,concentrated_inbound,17,Q1_SW,3,6,140,120.0,1.1667,7.419
train,without_mine,intruder 1200,1200,50,0,expander,attack,neutral,Q3_NE,0.291021,1.763657,chosen_action,,0.0,0.0,0.0,0.131845,0.33128,0.0,1.763657,neutral,neutral,,,0,0,0,0.0,0.0,0.0
train,without_mine,intruder 1200,1200,50,0,expander,attack,friendly,Q2_NW,0.346776,2.195007,chosen_action,,0.0,0.0,0.0,0.302439,0.34752,0.0,2.195007,neutral,neutral,,,0,0,0,0.0,0.0,0.0
train,without_mine,intruder 1200,1200,50,0,expander,attack,neutral,Q2_NW,0.293041,1.816395,chosen_action,,0.0,0.035337,0.029048,0.146732,0.34388,0.0,1.816395,neutral,neutral,,,0,0,0,0.0,0.0,0.0
train,without_mine,intruder 1200,1200,50,0,expander,attack,enemy,Q3_NE,0.52886,3.572739,chosen_action,,0.0,0.0,0.0,0.541908,0.2016,0.0,3.572739,chasing_leader,leader_target,,,0,0,0,0.0,0.0,0.0
train,without_mine,intruder 1200,intruder,60,1,expander,attack,neutral,Q0_SE,0.730234,1.833068,chosen_action,,0.0,0.098458,0.0,0.119187,0.4052,0.0,1.833068,pressured,concentrated_inbound,17,Q1_SW,2,2,58,71.0,0.8169,2.575
train,without_mine,intruder 1200,intruder,60,1,expander,attack,friendly,Q2_NW,0.833523,1.587674,chosen_action,,0.0,0.18,0.062355,0.123904,0.21504,0.0,1.587674,pressured,concentrated_inbound,17,Q1_SW,2,2,58,71.0,0.8169,2.575
train,without_mine,intruder 1200,intruder,60,1,sweeper,attack,friendly,Q2_NW,1.0,1.410751,chosen_action,,0.0,0.0,0.0,0.063079,0.19212,0.0,1.410751,pressured,concentrated_inbound,17,Q1_SW,2,2,58,71.0,0.8169,2.575
train,without_mine,best 1039,1039,30,0,expander,established,neutral,Q0_SE,0.243701,2.832714,chosen_action,,0.0,0.18,0.177988,0.253146,0.240862,1.0,2.832714,neutral,neutral,,,0,0,0,0.0,0.0,0.0
train,without_mine,best 1039,1039,50,0,expander,established,neutral,Q3_NE,0.141798,1.489805,chosen_action,,0.0,0.18,0.088604,0.089426,0.20384,0.0,1.489805,neutral,neutral,,,0,0,0,0.0,0.0,0.0
train,without_mine,best 1039,best,60,1,feeder,attack,enemy,Q1_SW,0.872751,4.648702,chosen_action,,0.0,0.18,0.058603,0.590318,0.24588,1.0,4.648702,overtake_window,overtake_window,,,0,0,0,0.0,0.0,0.0
train,without_mine,best 1039,1039,60,0,expander,established,friendly,Q1_SW,0.174789,1.618433,chosen_action,,0.0,0.018509,0.4,0.105348,0.270813,0.0,1.618433,neutral,neutral,,,0,0,0,0.0,0.0,0.0
train,without_mine,best 1039,1039,70,0,feeder,established,neutral,Q3_NE,0.209266,1.489805,chosen_action,,0.0,0.044663,0.0,0.089426,0.20384,0.0,1.489805,pressured,concentrated_inbound,5,Q1_SW,3,3,150,75.0,2.0,5.13
train,without_mine,best 1039,best,100,1,expander,attack,enemy,Q3_NE,1.0,2.830653,chosen_action,,0.0,0.0,0.0,0.285022,0.404889,0.0,2.830653,pressured,concentrated_inbound,13,Q1_SW,3,3,213,87.0,2.4483,7.987
train,without_mine,best 1039,best,100,1,attacker,established,friendly,Q3_NE,0.727497,1.983767,chosen_action,,0.0,0.0,0.4,0.18357,0.402369,0.0,1.983767,pressured,concentrated_inbound,13,Q1_SW,3,3,213,87.0,2.4483,7.987
train,without_mine,best 1039,1039,110,0,expander,attack,enemy,Q2_NW,0.522917,3.69835,chosen_action,,0.0,0.113503,0.0,0.541461,0.29544,0.0,3.69835,chasing_leader,leader_target,,,0,0,0,0.0,0.0,0.0
train,without_mine,best 1039,best,120,1,expander,established,friendly,Q1_SW,0.235298,1.73443,chosen_action,,0.0,0.18,0.4,0.131323,0.31056,0.0,1.73443,neutral,neutral,,,0,0,0,0.0,0.0,0.0
train,without_mine,best 1039,best,120,1,expander,attack,enemy,Q2_NW,0.567954,2.526223,chosen_action,,0.0,0.18,0.031119,0.221159,0.29292,0.0,2.526223,chasing_leader,leader_target,,,0,0,0,0.0,0.0,0.0
train,without_mine,best 1039,best,130,1,expander,established,friendly,Q2_NW,0.610111,1.706883,chosen_action,,0.0,0.18,0.02163,0.125515,0.30048,0.0,1.706883,pressured,concentrated_inbound,15,Q2_NW,2,2,228,173.0,1.3179,0.805
train,without_mine,best 1039,best,130,1,expander,attack,enemy,Q2_NW,1.0,2.386191,chosen_action,,0.0,0.17664,0.0,0.191635,0.24168,0.0,2.386191,pressured,concentrated_inbound,15,Q2_NW,2,2,228,173.0,1.3179,0.805
train,without_mine,best 1039,best,140,1,expander,attack,enemy,Q2_NW,0.479521,2.276002,chosen_action,,0.0,0.18,0.087245,0.168403,0.20136,0.0,2.276002,chasing_leader,leader_target,,,0,0,0,0.0,0.0,0.0
train,without_mine,best intruder 1200 1039,best,10,1,anchor,initiation,neutral,Q0_SE,1.0,1.968508,chosen_action,,0.0,0.0,0.0,0.147743,0.45476,0.0,1.968508,neutral,neutral,,,0,0,0,0.0,0.0,0.0
train,without_mine,best intruder 1200 1039,1200,10,0,anchor,initiation,neutral,Q3_NE,0.32618,1.968508,chosen_action,,0.0,0.0,0.0,0.147743,0.45476,0.0,1.968508,neutral,neutral,,,0,0,0,0.0,0.0,0.0
train,without_mine,best intruder 1200 1039,1200,40,0,feeder,attack,enemy,Q0_SE,0.394461,4.035783,chosen_action,,0.0,0.18,0.321278,0.46941,0.229036,0.666667,4.035783,chasing_leader,leader_target,,,0,0,0,0.0,0.0,0.0
train,without_mine,best intruder 1200 1039,intruder,50,0,expander,expansion,neutral,Q1_SW,0.322329,1.950383,chosen_action,,0.0,0.0,0.0,0.219435,0.31388,0.0,1.950383,neutral,neutral,,,0,0,0,0.0,0.0,0.0
train,without_mine,best intruder 1200 1039,1200,50,0,attacker,attack,unknown,unknown,0.094827,1.0,chosen_action,,0.0,0.18,0.165867,0.0,0.0,0.0,1.0,neutral,neutral,,,0,0,0,0.0,0.0,0.0
train,without_mine,best intruder 1200 1039,1200,50,0,attacker,attack,enemy,Q1_SW,0.303553,2.381192,chosen_action,,0.0,0.18,0.16247,0.272237,0.316907,0.333333,2.381192,neutral,neutral,,,0,0,0,0.0,0.0,0.0
train,without_mine,best intruder 1200 1039,best,60,1,expander,attack,enemy,Q3_NE,1.0,2.938826,chosen_action,,0.0,0.18,0.0,0.305184,0.449173,0.0,2.938826,cash_in,cash_in,,,0,0,0,0.0,0.0,0.0
train,without_mine,best intruder 1200 1039,best,60,1,attacker,attack,neutral,Q1_SW,1.0,2.276179,chosen_action,,0.0,0.0,0.0,0.212036,0.568364,0.0,2.276179,cash_in,cash_in,,,0,0,0,0.0,0.0,0.0
train,without_mine,best intruder 1200 1039,1200,70,0,expander,attack,unknown,unknown,0.124853,1.0,chosen_action,,0.0,0.18,0.015737,0.0,0.0,0.0,1.0,neutral,neutral,,,0,0,0,0.0,0.0,0.0
train,without_mine,best intruder 1200 1039,1039,70,0,feeder,attack,neutral,Q1_SW,0.310893,2.707211,chosen_action,,0.0,0.18,0.000753,0.295898,0.516338,0.333333,2.707211,cash_in,cash_in,,,0,0,0,0.0,0.0,0.0
train,without_mine,best intruder 1200 1039,best,80,1,expander,attack,neutral,Q1_SW,0.437473,1.968508,chosen_action,,0.0,0.18,0.228707,0.147743,0.45476,0.0,1.968508,pressured,concentrated_inbound,13,Q3_NE,2,3,38,33.0,1.1515,7.314
train,without_mine,best intruder 1200 1039,1039,80,0,feeder,attack,enemy,Q1_SW,0.417294,3.515308,chosen_action,,0.0,0.18,0.003389,0.503471,0.227391,0.0,3.515308,chasing_leader,leader_target,,,0,0,0,0.0,0.0,0.0
train,without_mine,best intruder 1200 1039,best,90,1,expander,established,friendly,Q0_SE,1.0,1.954808,chosen_action,,0.0,0.014123,0.0,0.177787,0.3912,0.0,1.954808,pressured,concentrated_inbound,5,Q1_SW,2,2,68,115.0,0.5913,7.59
train,without_mine,best intruder 1200 1039,best,90,1,expander,established,neutral,Q1_SW,1.0,1.677129,chosen_action,,0.0,0.0,0.0,0.109832,0.30632,0.0,1.677129,pressured,concentrated_inbound,5,Q1_SW,2,2,68,115.0,0.5913,7.59
train,without_mine,best intruder 1200 1039,best,90,1,expander,established,friendly,Q2_NW,1.0,1.629861,chosen_action,,0.0,0.0,0.0,0.128935,0.237347,0.0,1.629861,pressured,concentrated_inbound,5,Q1_SW,2,2,68,115.0,0.5913,7.59
train,without_mine,best intruder 1200 1039,1200,90,0,attacker,attack,friendly,Q3_NE,0.346915,2.427053,chosen_action,,0.0,0.18,0.0,0.367941,0.40296,0.0,2.427053,cash_in,cash_in,,,0,0,0,0.0,0.0,0.0
train,without_mine,best intruder 1200 1039,best,100,1,expander,established,friendly,Q1_SW,1.0,1.741317,chosen_action,,0.0,0.0,0.0,0.132775,0.31308,0.0,1.741317,neutral,neutral,,,0,0,0,0.0,0.0,0.0
train,without_mine,best intruder 1200 1039,1200,100,0,feeder,attack,enemy,Q1_SW,0.449053,4.540471,chosen_action,,0.95,0.18,0.234951,0.65048,0.5032,0.333333,4.540471,overtake_window,overtake_window,,,0,0,0,0.0,0.0,0.0
train,without_mine,best intruder 1200 1039,1200,100,0,expander,attack,friendly,Q3_NE,0.331381,2.680762,chosen_action,,0.0,0.116163,0.0,0.341092,0.4164,0.333333,2.680762,cash_in,cash_in,,,0,0,0,0.0,0.0,0.0
train,without_mine,best intruder 1200 1039,best,110,1,expander,attack,enemy,Q2_NW,0.942067,1.737707,chosen_action,,0.0,0.108573,0.045093,0.131416,0.312822,0.0,1.737707,neutral,neutral,,,0,0,0,0.0,0.0,0.0
train,without_mine,best intruder 1200 1039,1200,110,0,anchor,expansion,friendly,Q3_NE,0.287867,2.469244,chosen_action,,0.0,0.136051,0.086124,0.37985,0.41304,0.0,2.469244,pressured,concentrated_inbound,10,Q3_NE,2,2,86,16.0,5.375,1.552
train,without_mine,best intruder 1200 1039,1200,110,0,expander,expansion,friendly,Q3_NE,0.222627,1.773104,chosen_action,,0.0,0.08449,0.042114,0.183346,0.24672,0.0,1.773104,pressured,concentrated_inbound,10,Q3_NE,2,2,86,16.0,5.375,1.552
train,without_mine,best intruder 1200 1039,best,120,1,expander,established,friendly,Q1_SW,0.590351,1.511919,chosen_action,,0.0,0.18,0.015747,0.107932,0.18732,0.0,1.511919,pressured,concentrated_inbound,3,Q2_NW,2,2,74,34.0,2.1765,7.43
train,without_mine,best intruder 1200 1039,best,120,1,expander,established,friendly,Q3_NE,0.957683,2.062701,chosen_action,,0.0,0.18,0.0,0.200535,0.43068,0.0,2.062701,pressured,concentrated_inbound,3,Q2_NW,2,2,74,34.0,2.1765,7.43
train,without_mine,best intruder 1200 1039,best,120,1,expander,established,friendly,Q3_NE,1.0,1.699996,chosen_action,,0.0,0.0,0.0,0.124063,0.29796,0.0,1.699996,pressured,concentrated_inbound,3,Q2_NW,2,2,74,34.0,2.1765,7.43
train,without_mine,best 1200,best,0,1,expander,initiation,neutral,Q0_SE,0.886251,2.229442,chosen_action,,0.0,0.160509,0.11311,0.202757,0.55024,0.0,2.229442,neutral,neutral,,,0,0,0,0.0,0.0,0.0
train,without_mine,best 1200,1200,0,0,expander,initiation,neutral,Q2_NW,0.305147,2.229442,chosen_action,,0.0,0.160509,0.11311,0.202757,0.55024,0.0,2.229442,neutral,neutral,,,0,0,0,0.0,0.0,0.0
train,without_mine,best 1200,1200,20,0,attacker,established,neutral,Q3_NE,0.439826,3.541839,chosen_action,,0.0,0.129313,0.221345,0.447692,0.42028,1.0,3.541839,cash_in,cash_in,,,0,0,0,0.0,0.0,0.0
train,without_mine,best 1200,1200,20,0,anchor,established,neutral,Q2_NW,0.335587,3.523474,chosen_action,,0.0,0.18,0.4,0.44382,0.41356,1.0,3.523474,cash_in,cash_in,,,0,0,0,0.0,0.0,0.0
train,without_mine,best 1200,1200,30,0,anchor,established,neutral,Q2_NW,0.423825,2.768021,chosen_action,,0.0,0.0,0.0,0.415353,0.57124,0.0,2.768021,cash_in,cash_in,,,0,0,0,0.0,0.0,0.0
train,without_mine,best 1200,1200,30,0,expander,established,neutral,Q2_NW,0.427429,2.768021,chosen_action,,0.0,0.0,0.0,0.415353,0.57124,0.0,2.768021,cash_in,cash_in,,,0,0,0,0.0,0.0,0.0
train,without_mine,best 1200,1200,40,0,anchor,established,friendly,Q2_NW,0.266433,2.218831,chosen_action,,0.0,0.085745,0.1,0.344046,0.2912,0.0,2.218831,neutral,neutral,,,0,0,0,0.0,0.0,0.0
train,without_mine,best 1200,1200,40,0,expander,attack,enemy,Q1_SW,0.576646,4.573587,chosen_action,,0.0,0.18,0.223947,0.78549,0.509933,0.0,4.573587,overtake_window,overtake_window,,,0,0,0,0.0,0.0,0.0
train,without_mine,best 1200,best,50,1,expander,established,friendly,Q0_SE,0.123752,1.954808,chosen_action,,0.95,0.18,0.209956,0.177787,0.3912,0.0,1.954808,pressured,concentrated_inbound,21,Q1_SW,3,3,64,95.0,0.6737,7.228
train,without_mine,best 1200,best,50,1,attacker,established,neutral,Q3_NE,0.930445,2.52105,chosen_action,,0.0,0.083468,0.183708,0.259248,0.665818,0.0,2.52105,pressured,concentrated_inbound,21,Q1_SW,3,3,64,95.0,0.6737,7.228
train,without_mine,best 1200,best,50,1,expander,established,friendly,Q1_SW,1.0,1.454529,chosen_action,,0.0,0.0,0.0,0.095832,0.16632,0.0,1.454529,pressured,concentrated_inbound,21,Q1_SW,3,3,64,95.0,0.6737,7.228
train,without_mine,best 1200,1200,50,0,expander,attack,friendly,Q2_NW,0.341275,2.555968,chosen_action,,0.0,0.18,0.110505,0.40433,0.43376,0.0,2.555968,cash_in,cash_in,,,0,0,0,0.0,0.0,0.0
train,without_mine,best 1200,best,60,1,expander,attack,enemy,Q3_NE,1.0,2.838424,chosen_action,,0.0,0.0,0.078251,0.286983,0.40716,0.0,2.838424,pressured,concentrated_inbound,10,Q3_NE,3,4,69,30.0,2.3,2.487
train,without_mine,best 1200,best,60,1,expander,established,neutral,Q2_NW,0.057212,1.437956,chosen_action,,0.95,0.071282,0.4,0.059129,0.219293,0.0,1.437956,pressured,concentrated_inbound,10,Q3_NE,3,4,69,30.0,2.3,2.487
train,without_mine,best 1200,best,60,1,expander,established,neutral,Q3_NE,0.973484,1.61116,chosen_action,,0.0,0.063191,0.043365,0.0724,0.324,0.0,1.61116,pressured,concentrated_inbound,10,Q3_NE,3,4,69,30.0,2.3,2.487
train,without_mine,best 1200,best,60,1,expander,attack,enemy,Q2_NW,0.609145,2.607831,chosen_action,,0.0,0.18,0.0,0.261612,0.281453,0.0,2.607831,pressured,concentrated_inbound,10,Q3_NE,3,4,69,30.0,2.3,2.487
train,without_mine,best 1200,1200,60,0,expander,attack,enemy,Q2_NW,0.299353,3.340532,chosen_action,,0.0,0.18,0.4,0.469253,0.15876,0.0,3.340532,chasing_leader,leader_target,,,0,0,0,0.0,0.0,0.0
train,without_mine,best 1200,1200,60,0,expander,attack,enemy,Q0_SE,0.655697,4.559135,chosen_action,,0.0,0.0,0.0,0.776056,0.516,0.0,4.559135,overtake_window,overtake_window,,,0,0,0,0.0,0.0,0.0
train,without_mine,best 1200,best,70,1,expander,attack,enemy,Q2_NW,0.797102,2.214786,chosen_action,,0.0,0.003447,0.140871,0.155496,0.17896,0.0,2.214786,chasing_leader,leader_target,,,0,0,0,0.0,0.0,0.0
train,without_mine,best 1200,1200,70,0,expander,expansion,enemy,Q3_NE,0.400679,3.461638,chosen_action,,0.0,0.18,0.4,0.410321,0.353236,0.0,3.461638,pressured,concentrated_inbound,13,Q3_NE,2,2,304,69.0,4.4058,5.752
train,without_mine,intruder 1039,1039,0,0,anchor,initiation,neutral,Q1_SW,0.180957,1.9702,chosen_action,,0.0,0.18,0.204855,0.171623,0.41356,0.0,1.9702,neutral,neutral,,,0,0,0,0.0,0.0,0.0
train,without_mine,intruder 1039,1039,20,0,expander,expansion,neutral,Q1_SW,0.383599,2.987663,chosen_action,,0.0,0.18,0.095814,0.313018,0.2492,1.0,2.987663,neutral,neutral,,,0,0,0,0.0,0.0,0.0
train,without_mine,intruder 1039,1039,20,0,anchor,expansion,neutral,Q3_NE,0.299761,3.319641,chosen_action,,0.0,0.18,0.209352,0.38269,0.371249,1.0,3.319641,cash_in,cash_in,,,0,0,0,0.0,0.0,0.0
train,without_mine,intruder 1039,intruder,30,1,expander,expansion,neutral,Q3_NE,0.927992,1.875154,chosen_action,,0.0,0.145396,0.040738,0.12806,0.4206,0.0,1.875154,cash_in,cash_in,,,0,0,0,0.0,0.0,0.0
train,without_mine,intruder 1039,intruder,30,1,anchor,expansion,friendly,Q0_SE,0.55255,1.818764,chosen_action,,0.0,0.106093,0.167074,0.172627,0.2996,0.0,1.818764,neutral,neutral,,,0,0,0,0.0,0.0,0.0
train,without_mine,intruder 1039,1039,30,0,expander,expansion,unknown,unknown,0.099563,1.0,chosen_action,,0.0,0.18,0.142187,0.0,0.0,0.0,1.0,neutral,neutral,,,0,0,0,0.0,0.0,0.0
train,without_mine,intruder 1039,1039,40,0,anchor,expansion,neutral,Q1_SW,0.201119,2.13751,chosen_action,,0.0,0.18,0.209008,0.237375,0.4206,0.0,2.13751,cash_in,cash_in,,,0,0,0,0.0,0.0,0.0
train,without_mine,intruder 1039,intruder,50,1,expander,expansion,enemy,Q2_NW,0.499393,2.726155,chosen_action,,0.0,0.18,0.205093,0.283431,0.330311,0.0,2.726155,pressured,concentrated_inbound,6,Q3_NE,2,2,38,50.0,0.76,1.987
train,without_mine,intruder 1039,1039,50,0,expander,expansion,enemy,Q0_SE,0.666423,5.12373,chosen_action,,0.0,0.0,0.223252,0.771214,0.27616,1.0,5.12373,overtake_window,overtake_window,,,0,0,0,0.0,0.0,0.0
train,without_mine,intruder 1039,1039,50,0,expander,expansion,enemy,Q1_SW,0.701509,5.286654,chosen_action,,0.0,0.092579,0.060216,0.807612,0.332138,1.0,5.286654,overtake_window,overtake_window,,,0,0,0,0.0,0.0,0.0
train,without_mine,intruder 1039,1039,50,0,anchor,expansion,neutral,Q3_NE,0.123914,1.811269,chosen_action,,0.0,0.18,0.20784,0.134366,0.362067,0.0,1.811269,cash_in,cash_in,,,0,0,0,0.0,0.0,0.0
train,without_mine,intruder 1039,intruder,60,1,expander,expansion,neutral,Q0_SE,1.0,1.383292,chosen_action,,0.0,0.0,0.0,0.04788,0.1988,0.0,1.383292,neutral,neutral,,,0,0,0,0.0,0.0,0.0
train,without_mine,intruder 1039,intruder,60,1,expander,expansion,friendly,Q3_NE,1.0,1.63129,chosen_action,,0.0,0.0,0.042915,0.1331,0.231,0.0,1.63129,neutral,neutral,,,0,0,0,0.0,0.0,0.0
train,without_mine,best intruder smith 1200,best,0,0,expander,initiation,neutral,Q0_SE,0.322613,2.234033,chosen_action,,0.0,0.133687,0.055565,0.203725,0.55192,0.0,2.234033,neutral,neutral,,,0,0,0,0.0,0.0,0.0
train,without_mine,best intruder smith 1200,intruder,0,1,expander,initiation,neutral,Q1_SW,0.971211,2.234033,chosen_action,,0.0,0.133687,0.055565,0.203725,0.55192,0.0,2.234033,neutral,neutral,,,0,0,0,0.0,0.0,0.0
train,without_mine,best intruder smith 1200,smith,0,0,expander,initiation,neutral,Q0_SE,0.262886,2.328512,chosen_action,,0.0,0.18,0.368931,0.223139,0.587391,0.0,2.328512,neutral,neutral,,,0,0,0,0.0,0.0,0.0
train,without_mine,best intruder smith 1200,best,20,0,expander,attack,enemy,Q3_NE,0.288108,2.177275,chosen_action,,0.0,0.18,0.109653,0.213239,0.270742,0.333333,2.177275,neutral,neutral,,,0,0,0,0.0,0.0,0.0
train,without_mine,best intruder smith 1200,intruder,20,1,expander,attack,enemy,Q2_NW,0.894907,3.968129,chosen_action,,0.0,0.18,0.295249,0.446371,0.21988,0.666667,3.968129,chasing_leader,leader_target,,,0,0,0,0.0,0.0,0.0
train,without_mine,best intruder smith 1200,best,30,0,anchor,attack,enemy,Q3_NE,0.206371,2.626837,chosen_action,,0.0,0.18,0.352702,0.360362,0.268124,0.0,2.626837,chasing_leader,leader_target,,,0,0,0,0.0,0.0,0.0
train,without_mine,best intruder smith 1200,best,40,0,anchor,attack,neutral,Q0_SE,0.33146,2.418779,chosen_action,,0.0,0.0,0.191238,0.31677,0.4878,0.0,2.418779,cash_in,cash_in,,,0,0,0,0.0,0.0,0.0
train,without_mine,best intruder smith 1200,intruder,40,1,expander,attack,friendly,Q1_SW,0.691974,1.550944,chosen_action,,0.0,0.0,0.379162,0.11616,0.2016,0.0,1.550944,pressured,concentrated_inbound,13,Q2_NW,2,2,62,74.0,0.8378,7.548
train,without_mine,best intruder smith 1200,smith,40,0,feeder,attack,enemy,Q2_NW,0.313561,3.10345,chosen_action,,0.0,0.18,0.183316,0.345121,0.203822,0.0,3.10345,chasing_leader,leader_target,,,0,0,0,0.0,0.0,0.0
train,without_mine,best intruder smith 1200,1200,40,0,anchor,attack,friendly,Q2_NW,0.196426,2.115314,chosen_action,,0.0,0.085715,0.387532,0.279944,0.32848,0.0,2.115314,neutral,neutral,,,0,0,0,0.0,0.0,0.0
train,without_mine,best intruder smith 1200,1200,40,0,expander,attack,enemy,Q3_NE,0.382152,2.864239,chosen_action,,0.0,0.091495,0.16631,0.409291,0.431067,0.333333,2.864239,cash_in,cash_in,,,0,0,0,0.0,0.0,0.0
train,without_mine,best intruder smith 1200,intruder,50,1,expander,attack,friendly,Q0_SE,0.640601,1.608334,chosen_action,,0.0,0.18,0.257945,0.12826,0.2226,0.0,1.608334,neutral,neutral,,,0,0,0,0.0,0.0,0.0
train,without_mine,best intruder smith 1200,smith,50,0,expander,expansion,neutral,Q2_NW,0.411009,3.175799,chosen_action,,0.0,0.18,0.141076,0.4108,0.659169,0.333333,3.175799,cash_in,cash_in,,,0,0,0,0.0,0.0,0.0
train,without_mine,best intruder smith 1200,1200,50,0,anchor,attack,enemy,Q2_NW,0.582178,4.500038,chosen_action,,0.0,0.008909,0.18225,0.590952,0.356853,0.666667,4.500038,overtake_window,overtake_window,,,0,0,0,0.0,0.0,0.0
train,without_mine,best intruder smith 1200,intruder,60,1,expander,established,friendly,Q0_SE,0.06343,1.491258,chosen_action,,0.95,0.0,0.150289,0.103576,0.17976,0.0,1.491258,neutral,neutral,,,0,0,0,0.0,0.0,0.0
train,without_mine,best intruder smith 1200,intruder,70,1,expander,attack,enemy,Q3_NE,0.779234,2.406253,chosen_action,,0.0,0.18,0.222977,0.264481,0.57148,0.0,2.406253,pressured,concentrated_inbound,17,Q2_NW,2,2,79,28.0,2.8214,6.198
train,without_mine,best intruder smith 1200,1200,70,0,anchor,initiation,enemy,Q3_NE,0.400309,2.998747,chosen_action,,0.0,0.016566,0.146902,0.456844,0.372089,0.0,2.998747,pressured,concentrated_inbound,10,Q3_NE,2,2,68,67.0,1.0149,0.724
train,without_mine,best intruder smith 1200,1200,80,0,anchor,expansion,enemy,Q2_NW,0.405083,3.940812,chosen_action,,0.0,0.18,0.33961,0.588497,0.391422,0.0,3.940812,pressured,concentrated_inbound,2,Q3_NE,2,2,197,27.0,7.2963,0.865
train,without_mine,best intruder smith 1039,intruder,30,1,expander,expansion,enemy,Q2_NW,1.0,1.484975,chosen_action,,0.0,0.0,0.0,0.078728,0.21928,0.0,1.484975,neutral,neutral,,,0,0,0,0.0,0.0,0.0
train,without_mine,best intruder smith 1039,intruder,40,1,expander,expansion,neutral,Q3_NE,0.115041,1.885151,chosen_action,,0.95,0.18,0.207896,0.148953,0.390862,0.0,1.885151,cash_in,cash_in,,,0,0,0,0.0,0.0,0.0
train,without_mine,best intruder smith 1039,intruder,40,1,expander,expansion,neutral,Q2_NW,0.857688,1.838424,chosen_action,,0.0,0.18,0.071695,0.120316,0.40716,0.0,1.838424,cash_in,cash_in,,,0,0,0,0.0,0.0,0.0
train,without_mine,best intruder smith 1039,1039,40,0,expander,expansion,enemy,Q3_NE,0.365386,2.383223,chosen_action,,0.0,0.033226,0.0,0.286576,0.29292,0.333333,2.383223,neutral,neutral,,,0,0,0,0.0,0.0,0.0
train,without_mine,best intruder smith 1039,best,50,0,attacker,attack,friendly,Q1_SW,0.289379,2.123759,chosen_action,,0.0,0.18,0.068844,0.200988,0.25288,0.333333,2.123759,neutral,neutral,,,0,0,0,0.0,0.0,0.0
train,without_mine,best intruder smith 1039,intruder,50,1,expander,expansion,friendly,Q2_NW,1.0,1.507931,chosen_action,,0.0,0.014699,0.0,0.083568,0.22768,0.0,1.507931,pressured,concentrated_inbound,7,Q2_NW,2,2,55,68.0,0.8088,5.606
train,without_mine,best intruder smith 1039,smith,50,0,expander,expansion,enemy,Q1_SW,0.299941,1.780835,chosen_action,,0.0,0.0,0.0,0.208515,0.207702,0.0,1.780835,neutral,neutral,,,0,0,0,0.0,0.0,0.0
train,without_mine,best intruder smith 1039,1039,50,0,expander,attack,neutral,Q0_SE,0.269084,2.132813,chosen_action,,0.0,0.18,0.20668,0.231078,0.428316,0.0,2.132813,pressured,concentrated_inbound,6,Q3_NE,2,2,54,6.0,9.0,0.976
train,without_mine,best intruder smith 1039,smith,60,0,expander,expansion,enemy,Q1_SW,0.291482,1.71099,chosen_action,,0.0,0.0,0.0,0.165813,0.23188,0.0,1.71099,neutral,neutral,,,0,0,0,0.0,0.0,0.0
train,without_mine,best intruder smith 1039,1039,60,0,expander,attack,enemy,Q2_NW,0.423161,3.541388,chosen_action,,0.0,0.18,0.331302,0.504848,0.244262,0.0,3.541388,chasing_leader,leader_target,,,0,0,0,0.0,0.0,0.0
train,without_mine,best intruder smith 1039,1039,60,0,expander,attack,enemy,Q0_SE,0.296421,1.749664,chosen_action,,0.0,0.0,0.0,0.17673,0.24112,0.0,1.749664,neutral,neutral,,,0,0,0,0.0,0.0,0.0
train,without_mine,best intruder smith 1039,intruder,70,1,expander,attack,friendly,Q1_SW,0.981747,1.784934,chosen_action,,0.0,0.026726,0.093346,0.141971,0.32904,0.0,1.784934,neutral,neutral,,,0,0,0,0.0,0.0,0.0
train,without_mine,best intruder smith 1039,intruder,70,1,anchor,attack,friendly,Q3_NE,0.095342,1.738418,chosen_action,,0.95,0.18,0.04881,0.155687,0.2702,0.0,1.738418,neutral,neutral,,,0,0,0,0.0,0.0,0.0
train,without_mine,best intruder smith 1039,intruder,70,1,expander,attack,neutral,Q1_SW,0.797609,1.674672,chosen_action,,0.0,0.18,0.110631,0.085791,0.34724,0.0,1.674672,neutral,neutral,,,0,0,0,0.0,0.0,0.0
train,without_mine,best intruder smith 1039,1039,70,0,expander,attack,neutral,Q2_NW,0.245934,2.249738,chosen_action,,0.0,0.18,0.398206,0.252809,0.476293,0.0,2.249738,cash_in,cash_in,,,0,0,0,0.0,0.0,0.0
train,without_mine,best intruder smith 1039,intruder,80,1,expander,attack,enemy,Q3_NE,1.0,2.301416,chosen_action,,0.0,0.0,0.0,0.197284,0.16884,0.0,2.301416,chasing_leader,leader_target,,,0,0,0,0.0,0.0,0.0
train,without_mine,best intruder smith 1039,intruder,80,1,expander,attack,unknown,unknown,0.611471,1.0,chosen_action,,0.0,0.18,0.028529,0.0,0.0,0.0,1.0,neutral,neutral,,,0,0,0,0.0,0.0,0.0
train,without_mine,best intruder smith 1039,intruder,90,1,expander,established,friendly,Q1_SW,0.098262,1.757386,chosen_action,,0.95,0.18,0.132701,0.136163,0.31896,0.0,1.757386,neutral,neutral,,,0,0,0,0.0,0.0,0.0
train,without_mine,best intruder smith 1039,intruder,90,1,feeder,attack,enemy,Q0_SE,0.513189,2.69947,chosen_action,,0.0,0.18,0.107869,0.276885,0.322182,0.0,2.69947,chasing_leader,leader_target,,,0,0,0,0.0,0.0,0.0
train,without_mine,best intruder smith 1039,intruder,90,1,expander,established,friendly,Q3_NE,1.0,1.461416,chosen_action,,0.0,0.0,0.0,0.097284,0.16884,0.0,1.461416,neutral,neutral,,,0,0,0,0.0,0.0,0.0
train,without_mine,best intruder smith 1039,1039,90,0,expander,attack,neutral,Q1_SW,0.288281,2.231325,chosen_action,,0.0,0.18,0.17454,0.249387,0.468738,0.0,2.231325,cash_in,cash_in,,,0,0,0,0.0,0.0,0.0
train,without_mine,best intruder smith 1039,intruder,100,1,expander,established,friendly,Q0_SE,0.823502,1.585227,chosen_action,,0.0,0.168722,0.083397,0.120467,0.219338,0.0,1.585227,neutral,neutral,,,0,0,0,0.0,0.0,0.0
train,without_mine,best intruder smith 1039,intruder,100,1,expander,attack,enemy,Q0_SE,0.459607,2.11073,chosen_action,,0.0,0.18,0.085407,0.154159,0.104258,0.0,2.11073,chasing_leader,leader_target,,,0,0,0,0.0,0.0,0.0
train,without_mine,best intruder smith 1039,1039,100,0,expander,attack,friendly,Q0_SE,0.344407,2.130935,chosen_action,,0.0,0.0,0.0,0.319235,0.2702,0.0,2.130935,pressured,concentrated_inbound,8,Q0_SE,2,2,164,72.0,2.2778,6.048
train,without_mine,best intruder smith 1039,1039,110,0,expander,attack,enemy,Q1_SW,0.345057,3.696093,chosen_action,,0.95,0.18,0.075998,0.554423,0.270724,0.0,3.696093,overtake_window,overtake_window,,,0,0,0,0.0,0.0,0.0
train,without_mine,best smith,best,20,1,anchor,established,neutral,Q0_SE,1.0,3.836122,chosen_action,,0.0,0.0,0.0,0.489647,0.56368,1.0,3.836122,cash_in,cash_in,,,0,0,0,0.0,0.0,0.0
train,without_mine,best smith,smith,20,0,anchor,established,neutral,Q2_NW,0.364613,2.266171,chosen_action,,0.0,0.0,0.0,0.210501,0.56368,0.0,2.266171,cash_in,cash_in,,,0,0,0,0.0,0.0,0.0
train,without_mine,best smith,best,30,1,attacker,established,neutral,Q0_SE,1.0,3.218252,chosen_action,,0.0,0.0,0.134931,0.345309,0.3626,1.0,3.218252,cash_in,cash_in,,,0,0,0,0.0,0.0,0.0
train,without_mine,best smith,smith,30,0,expander,established,neutral,Q3_NE,0.330114,2.266171,chosen_action,,0.0,0.172493,0.0,0.210501,0.56368,0.0,2.266171,cash_in,cash_in,,,0,0,0,0.0,0.0,0.0
train,without_mine,best smith,smith,30,0,expander,established,neutral,Q2_NW,0.254227,1.9555,chosen_action,,0.0,0.06449,0.075554,0.145,0.45,0.0,1.9555,cash_in,cash_in,,,0,0,0,0.0,0.0,0.0
train,without_mine,best smith,smith,30,0,anchor,established,neutral,Q2_NW,0.240107,1.9555,chosen_action,,0.0,0.117016,0.024951,0.145,0.45,0.0,1.9555,cash_in,cash_in,,,0,0,0,0.0,0.0,0.0
train,without_mine,best smith,smith,40,0,expander,established,neutral,Q3_NE,0.416788,3.135757,chosen_action,,0.0,0.094717,0.113175,0.320049,0.3464,1.0,3.135757,neutral,neutral,,,0,0,0,0.0,0.0,0.0
train,without_mine,best smith,smith,40,0,expander,established,neutral,Q0_SE,0.289155,3.373289,chosen_action,,0.0,0.18,0.4,0.364196,0.443867,1.0,3.373289,cash_in,cash_in,,,0,0,0,0.0,0.0,0.0
train,without_mine,best smith,best,50,1,expander,established,neutral,Q3_NE,0.925382,2.206842,chosen_action,,0.0,0.167868,0.063828,0.191713,0.553133,0.0,2.206842,pressured,concentrated_inbound,12,Q1_SW,3,3,87,141.0,0.617,0.466
train,without_mine,best smith,smith,50,0,expander,attack,enemy,Q1_SW,0.537065,3.966242,chosen_action,,0.0,0.18,0.036706,0.587972,0.411191,0.0,3.966242,overtake_window,overtake_window,,,0,0,0,0.0,0.0,0.0
train,without_mine,best smith,smith,50,0,expander,attack,neutral,Q3_NE,0.223623,1.563638,chosen_action,,0.0,0.18,0.066615,0.110267,0.22148,0.0,1.563638,neutral,neutral,,,0,0,0,0.0,0.0,0.0
train,without_mine,best smith,best,60,1,feeder,established,friendly,Q3_NE,0.072322,1.560126,chosen_action,,0.95,0.18,0.160952,0.118096,0.20496,0.0,1.560126,pressured,concentrated_inbound,20,Q1_SW,2,2,56,68.0,0.8235,0.772
train,without_mine,best smith,smith,60,0,expander,attack,enemy,Q1_SW,0.603138,4.491269,chosen_action,,0.0,0.18,0.040528,0.746284,0.518658,0.0,4.491269,pressured,concentrated_inbound,6,Q3_NE,2,2,267,32.0,8.3438,8.251
train,without_mine,best smith,smith,60,0,expander,attack,neutral,Q0_SE,0.165741,1.766512,chosen_action,,0.0,0.18,0.007947,0.143565,0.31256,0.0,1.766512,pressured,concentrated_inbound,6,Q3_NE,2,2,267,32.0,8.3438,8.251
train,without_mine,best smith,smith,60,0,anchor,attack,enemy,Q1_SW,0.472614,4.163805,chosen_action,,0.0,0.174368,0.066743,0.683573,0.387578,0.0,4.163805,pressured,concentrated_inbound,6,Q3_NE,2,2,267,32.0,8.3438,8.251
train,without_mine,best smith,best,70,1,expander,attack,enemy,Q2_NW,1.0,2.694152,chosen_action,,0.0,0.052688,0.148704,0.273947,0.323467,0.0,2.694152,chasing_leader,leader_target,,,0,0,0,0.0,0.0,0.0
train,without_mine,best smith,best,70,1,expander,attack,friendly,Q3_NE,0.648191,2.004546,chosen_action,,0.0,0.050013,0.253401,0.188273,0.4094,0.0,2.004546,cash_in,cash_in,,,0,0,0,0.0,0.0,0.0
train,without_mine,best smith,smith,70,0,attacker,attack,enemy,Q1_SW,0.568049,3.875438,chosen_action,,0.0,0.0,0.0,0.60048,0.321693,0.0,3.875438,overtake_window,overtake_window,,,0,0,0,0.0,0.0,0.0
train,without_mine,best smith,smith,70,0,expander,attack,enemy,Q3_NE,0.617468,4.542535,chosen_action,,0.0,0.18,0.0,0.776827,0.502333,0.0,4.542535,overtake_window,overtake_window,,,0,0,0,0.0,0.0,0.0
train,without_mine,best smith,smith,80,0,attacker,attack,enemy,Q1_SW,0.470137,4.016416,chosen_action,,0.0,0.18,0.4,0.635936,0.363089,0.0,4.016416,overtake_window,overtake_window,,,0,0,0,0.0,0.0,0.0
train,without_mine,best intruder 1200 1039,1039,0,0,anchor,initiation,neutral,Q2_NW,0.231891,1.824047,chosen_action,,0.0,0.095828,0.0,0.140808,0.36008,0.0,1.824047,neutral,neutral,,,0,0,0,0.0,0.0,0.0
train,without_mine,best intruder 1200 1039,1039,20,0,expander,expansion,neutral,Q2_NW,0.25577,1.824047,chosen_action,,0.0,0.18,0.076435,0.140808,0.36008,0.0,1.824047,neutral,neutral,,,0,0,0,0.0,0.0,0.0
train,without_mine,best intruder 1200 1039,intruder,30,1,expander,expansion,enemy,Q2_NW,1.0,2.420381,chosen_action,,0.0,0.0,0.0,0.22186,0.213271,0.0,2.420381,chasing_leader,leader_target,,,0,0,0,0.0,0.0,0.0
train,without_mine,best intruder 1200 1039,1039,30,0,anchor,expansion,neutral,Q2_NW,0.285824,2.445395,chosen_action,,0.0,0.18,0.018621,0.225225,0.44804,0.333333,2.445395,cash_in,cash_in,,,0,0,0,0.0,0.0,0.0
train,without_mine,best intruder 1200 1039,intruder,40,1,expander,expansion,friendly,Q2_NW,0.944187,1.569309,chosen_action,,0.0,0.0,0.12932,0.120032,0.20832,0.0,1.569309,neutral,neutral,,,0,0,0,0.0,0.0,0.0
train,without_mine,best intruder 1200 1039,intruder,50,1,expander,expansion,enemy,Q2_NW,1.0,2.53311,chosen_action,,0.0,0.085814,0.0,0.222611,0.29544,0.0,2.53311,chasing_leader,leader_target,,,0,0,0,0.0,0.0,0.0
train,without_mine,best intruder 1200 1039,1200,50,0,anchor,expansion,enemy,Q3_NE,0.339158,2.936057,chosen_action,,0.0,0.077169,0.19056,0.367971,0.261427,0.333333,2.936057,chasing_leader,leader_target,,,0,0,0,0.0,0.0,0.0
train,without_mine,best intruder 1200 1039,1200,50,0,expander,expansion,enemy,Q0_SE,0.205662,1.48304,chosen_action,,0.0,0.18,0.103879,0.098362,0.182942,0.0,1.48304,neutral,neutral,,,0,0,0,0.0,0.0,0.0
train,without_mine,best intruder 1200 1039,intruder,60,1,expander,expansion,enemy,Q3_NE,0.886562,1.848569,chosen_action,,0.0,0.18,0.043525,0.152765,0.356987,0.0,1.848569,cash_in,cash_in,,,0,0,0,0.0,0.0,0.0
train,without_mine,best intruder 1200 1039,intruder,70,1,expander,expansion,friendly,Q1_SW,1.0,1.65195,chosen_action,,0.0,0.0,0.0,0.137456,0.23856,0.0,1.65195,neutral,neutral,,,0,0,0,0.0,0.0,0.0
train,without_mine,best intruder 1200 1039,1200,70,0,feeder,attack,friendly,Q3_NE,0.294943,1.753404,chosen_action,,0.0,0.0,0.011381,0.161718,0.270578,0.0,1.753404,neutral,neutral,,,0,0,0,0.0,0.0,0.0
train,without_mine,best intruder 1200 1039,intruder,80,1,expander,attack,enemy,Q0_SE,1.0,2.526223,chosen_action,,0.0,0.0,0.0,0.221159,0.29292,0.0,2.526223,chasing_leader,leader_target,,,0,0,0,0.0,0.0,0.0
train,without_mine,best intruder 1200 1039,intruder,90,1,expander,expansion,friendly,Q2_NW,0.984155,1.397742,chosen_action,,0.0,0.0,0.06767,0.060336,0.18736,0.0,1.397742,neutral,neutral,,,0,0,0,0.0,0.0,0.0
train,without_mine,best intruder 1200 1039,intruder,110,1,expander,established,friendly,Q3_NE,1.0,1.42529,chosen_action,,0.0,0.0,0.0,0.066144,0.19744,0.0,1.42529,neutral,neutral,,,0,0,0,0.0,0.0,0.0
train,without_mine,best intruder 1200 1039,1039,110,0,feeder,attack,enemy,Q0_SE,0.548426,3.894452,chosen_action,,0.0,0.013804,0.0,0.577908,0.375907,0.0,3.894452,overtake_window,overtake_window,,,0,0,0,0.0,0.0,0.0
train,without_mine,intruder smith,intruder,0,1,expander,initiation,neutral,Q0_SE,1.0,2.229442,chosen_action,,0.0,0.119956,0.0,0.202757,0.55024,0.0,2.229442,neutral,neutral,,,0,0,0,0.0,0.0,0.0
train,without_mine,intruder smith,smith,0,0,expander,initiation,neutral,Q2_NW,0.335879,2.229442,chosen_action,,0.0,0.119956,0.0,0.202757,0.55024,0.0,2.229442,neutral,neutral,,,0,0,0,0.0,0.0,0.0
train,without_mine,intruder smith,smith,10,0,attacker,established,neutral,Q3_NE,0.227173,2.100123,chosen_action,,0.0,0.18,0.4,0.175492,0.50292,0.0,2.100123,neutral,neutral,,,0,0,0,0.0,0.0,0.0
train,without_mine,intruder smith,smith,20,0,attacker,established,neutral,Q3_NE,0.488243,3.644419,chosen_action,,0.0,0.18,0.0,0.417331,0.55024,1.0,3.644419,cash_in,cash_in,,,0,0,0,0.0,0.0,0.0
train,without_mine,intruder smith,smith,30,0,expander,established,neutral,Q2_NW,0.5105,3.572453,chosen_action,,0.0,0.0,0.021075,0.413963,0.50292,1.0,3.572453,cash_in,cash_in,,,0,0,0,0.0,0.0,0.0
train,without_mine,intruder smith,intruder,40,1,expander,attack,friendly,Q0_SE,1.0,2.890289,chosen_action,,0.0,0.0,0.0,0.307253,0.18732,1.0,2.890289,neutral,neutral,,,0,0,0,0.0,0.0,0.0
train,without_mine,intruder smith,smith,40,0,feeder,attack,enemy,Q1_SW,0.223461,2.188168,chosen_action,,0.0,0.18,0.057615,0.171935,0.130018,0.0,2.188168,chasing_leader,leader_target,,,0,0,0,0.0,0.0,0.0
train,without_mine,intruder smith,intruder,50,1,expander,attack,neutral,Q1_SW,0.9295,2.100123,chosen_action,,0.0,0.169789,0.043884,0.175492,0.50292,0.0,2.100123,pressured,concentrated_inbound,21,Q1_SW,2,2,71,110.0,0.6455,4.206
train,without_mine,intruder smith,intruder,50,1,anchor,attack,friendly,Q1_SW,1.0,1.94333,chosen_action,,0.0,0.0,0.0,0.175367,0.387,0.0,1.94333,pressured,concentrated_inbound,21,Q1_SW,2,2,71,110.0,0.6455,4.206
train,without_mine,intruder smith,smith,50,0,expander,attack,enemy,Q1_SW,0.466739,3.709601,chosen_action,,0.0,0.0,0.4,0.560404,0.270098,0.0,3.709601,overtake_window,overtake_window,,,0,0,0,0.0,0.0,0.0
train,without_mine,intruder smith,smith,50,0,expander,attack,neutral,Q3_NE,0.238509,2.523494,chosen_action,,0.0,0.18,0.268883,0.342334,0.51992,0.0,2.523494,cash_in,cash_in,,,0,0,0,0.0,0.0,0.0
train,without_mine,intruder smith,smith,50,0,expander,attack,neutral,Q3_NE,0.354677,2.523494,chosen_action,,0.0,0.18,0.028043,0.342334,0.51992,0.0,2.523494,cash_in,cash_in,,,0,0,0,0.0,0.0,0.0
train,without_mine,intruder smith,intruder,60,1,expander,attack,enemy,Q2_NW,1.0,3.099571,chosen_action,,0.0,0.102666,0.0,0.335671,0.514044,0.0,3.099571,pressured,concentrated_inbound,21,Q1_SW,2,2,104,128.0,0.8125,3.432
train,without_mine,intruder smith,intruder,60,1,feeder,attack,friendly,Q0_SE,1.0,2.004546,chosen_action,,0.0,0.0,0.0,0.188273,0.4094,0.0,2.004546,pressured,concentrated_inbound,21,Q1_SW,2,2,104,128.0,0.8125,3.432
train,without_mine,intruder smith,intruder,60,1,expander,attack,friendly,Q3_NE,1.0,2.073414,chosen_action,,0.0,0.0,0.0,0.202793,0.4346,0.0,2.073414,pressured,concentrated_inbound,21,Q1_SW,2,2,104,128.0,0.8125,3.432
train,without_mine,best intruder,intruder,50,0,expander,established,neutral,Q1_SW,0.162447,1.84753,chosen_action,,0.0,0.18,0.138276,0.145115,0.369818,0.0,1.84753,cash_in,cash_in,,,0,0,0,0.0,0.0,0.0
train,without_mine,best intruder,intruder,50,0,attacker,established,neutral,Q1_SW,0.083381,1.636939,chosen_action,,0.95,0.18,0.050934,0.077191,0.334578,0.0,1.636939,neutral,neutral,,,0,0,0,0.0,0.0,0.0
train,without_mine,best intruder,best,60,1,expander,attack,friendly,Q0_SE,0.125878,1.587674,chosen_action,,0.95,0.0,0.0,0.123904,0.21504,0.0,1.587674,neutral,neutral,,,0,0,0,0.0,0.0,0.0
train,without_mine,best intruder,intruder,60,0,attacker,attack,neutral,Q1_SW,0.287985,3.363176,chosen_action,,0.95,0.18,0.005152,0.355272,0.45224,1.0,3.363176,cash_in,cash_in,,,0,0,0,0.0,0.0,0.0
train,without_mine,best intruder,best,70,1,expander,attack,friendly,Q3_NE,0.913226,1.560126,chosen_action,,0.0,0.117317,0.041778,0.118096,0.20496,0.0,1.560126,neutral,neutral,,,0,0,0,0.0,0.0,0.0
train,without_mine,best intruder,best,70,1,expander,attack,neutral,Q0_SE,0.054594,1.417726,chosen_action,,0.95,0.024956,0.031292,0.05514,0.2114,0.0,1.417726,neutral,neutral,,,0,0,0,0.0,0.0,0.0
train,without_mine,best intruder,intruder,70,0,attacker,attack,neutral,Q1_SW,0.067559,1.521448,chosen_action,,0.95,0.041171,0.124867,0.098358,0.2114,0.0,1.521448,neutral,neutral,,,0,0,0,0.0,0.0,0.0
train,without_mine,best intruder,intruder,80,0,expander,attack,neutral,Q1_SW,0.308396,1.830772,chosen_action,,0.0,0.0,0.0,0.118703,0.40436,0.0,1.830772,cash_in,cash_in,,,0,0,0,0.0,0.0,0.0
train,without_mine,best intruder,best,90,1,expander,attack,friendly,Q0_SE,0.983123,1.904362,chosen_action,,0.0,0.0,0.082082,0.220398,0.27808,0.0,1.904362,neutral,neutral,,,0,0,0,0.0,0.0,0.0
train,without_mine,best intruder,best,90,1,anchor,attack,friendly,Q0_SE,1.0,1.904362,chosen_action,,0.0,0.0,0.0,0.220398,0.27808,0.0,1.904362,neutral,neutral,,,0,0,0,0.0,0.0,0.0
train,without_mine,best intruder,intruder,90,0,expander,attack,enemy,Q1_SW,0.199435,2.455221,chosen_action,,0.95,0.0,0.0,0.229712,0.22512,0.0,2.455221,pressured,concentrated_inbound,12,Q3_NE,2,3,365,32.0,11.4062,3.948
train,without_mine,best intruder,intruder,90,0,attacker,attack,enemy,Q3_NE,0.410579,2.648671,chosen_action,,0.0,0.021828,0.0,0.243916,0.343164,0.0,2.648671,pressured,concentrated_inbound,12,Q3_NE,2,3,365,32.0,11.4062,3.948
train,without_mine,best intruder,intruder,90,0,expander,attack,friendly,Q2_NW,0.096325,1.670315,chosen_action,,0.95,0.0,0.001119,0.141328,0.24528,0.0,1.670315,pressured,concentrated_inbound,12,Q3_NE,2,3,365,32.0,11.4062,3.948
train,without_mine,best intruder,intruder,90,0,expander,attack,enemy,Q1_SW,0.297435,2.455221,chosen_action,,0.0,0.18,0.0,0.229712,0.22512,0.0,2.455221,pressured,concentrated_inbound,12,Q3_NE,2,3,365,32.0,11.4062,3.948
train,without_mine,best intruder,best,100,1,expander,attack,enemy,Q2_NW,0.482524,4.890063,chosen_action,,0.95,0.18,0.06742,0.640895,0.334751,1.0,4.890063,overtake_window,overtake_window,,,0,0,0,0.0,0.0,0.0
train,without_mine,best intruder,intruder,100,0,attacker,attack,enemy,Q2_NW,0.192322,2.400126,chosen_action,,0.95,0.0,0.0,0.218096,0.20496,0.0,2.400126,chasing_leader,leader_target,,,0,0,0,0.0,0.0,0.0
train,without_mine,best intruder,intruder,100,0,anchor,attack,friendly,Q1_SW,0.27768,1.73443,chosen_action,,0.0,0.00578,0.0,0.131323,0.31056,0.0,1.73443,neutral,neutral,,,0,0,0,0.0,0.0,0.0
train,without_mine,best intruder,intruder,110,0,expander,attack,friendly,Q1_SW,0.145578,2.06179,chosen_action,,0.95,0.0,0.0,0.299717,0.25368,0.0,2.06179,neutral,neutral,,,0,0,0,0.0,0.0,0.0
train,without_mine,best intruder,intruder,110,0,expander,attack,friendly,Q1_SW,0.320576,1.948896,chosen_action,,0.0,0.0,0.0,0.232969,0.28872,0.0,1.948896,neutral,neutral,,,0,0,0,0.0,0.0,0.0
train,without_mine,best intruder,intruder,110,0,anchor,attack,friendly,Q1_SW,0.290699,1.948896,chosen_action,,0.0,0.027362,0.0,0.232969,0.28872,0.0,1.948896,neutral,neutral,,,0,0,0,0.0,0.0,0.0
train,without_mine,best intruder,intruder,110,0,feeder,attack,neutral,Q0_SE,0.180843,2.398215,chosen_action,,0.95,0.18,0.083784,0.279274,0.539227,0.0,2.398215,cash_in,cash_in,,,0,0,0,0.0,0.0,0.0
train,without_mine,best intruder,best,120,1,expander,attack,friendly,Q0_SE,0.308328,3.144852,chosen_action,,0.95,0.0,0.0,0.382608,0.24192,1.0,3.144852,neutral,neutral,,,0,0,0,0.0,0.0,0.0
train,without_mine,best intruder,intruder,120,0,expander,attack,friendly,Q3_NE,0.304125,1.806035,chosen_action,,0.0,0.0,0.0,0.167298,0.299644,0.0,1.806035,pressured,concentrated_inbound,14,Q3_NE,2,2,227,179.0,1.2682,2.086
train,without_mine,best intruder,intruder,120,0,attacker,attack,enemy,Q1_SW,0.183507,2.409309,chosen_action,,0.95,0.18,0.00802,0.220032,0.20832,0.0,2.409309,pressured,concentrated_inbound,14,Q3_NE,2,2,227,179.0,1.2682,2.086
train,without_mine,best intruder,intruder,130,0,expander,attack,friendly,Q1_SW,0.30954,1.85787,chosen_action,,0.0,0.0,0.0,0.242156,0.20496,0.0,1.85787,neutral,neutral,,,0,0,0,0.0,0.0,0.0
train,without_mine,best intruder,intruder,130,0,expander,attack,friendly,Q1_SW,0.26967,1.815294,chosen_action,,0.0,0.0,0.169231,0.195256,0.2568,0.0,1.815294,neutral,neutral,,,0,0,0,0.0,0.0,0.0
train,without_mine,best intruder,intruder,130,0,anchor,attack,friendly,Q1_SW,0.273639,1.815294,chosen_action,,0.0,0.027362,0.0,0.195256,0.2568,0.0,1.815294,neutral,neutral,,,0,0,0,0.0,0.0,0.0
train,without_mine,best intruder,intruder,130,0,expander,attack,enemy,Q0_SE,0.369861,3.882747,chosen_action,,0.95,0.18,0.089645,0.558573,0.401609,0.0,3.882747,overtake_window,overtake_window,,,0,0,0,0.0,0.0,0.0
train,without_mine,best intruder,best,140,1,expander,established,neutral,Q1_SW,0.958042,1.998761,chosen_action,,0.0,0.121236,0.051001,0.144438,0.483044,0.0,1.998761,cash_in,cash_in,,,0,0,0,0.0,0.0,0.0
train,without_mine,best intruder,intruder,140,0,expander,established,friendly,Q1_SW,0.320782,1.987571,chosen_action,,0.0,0.0,0.0,0.243885,0.29796,0.0,1.987571,neutral,neutral,,,0,0,0,0.0,0.0,0.0
train,without_mine,best intruder,best,150,1,expander,established,friendly,Q3_NE,0.123507,1.569309,chosen_action,,0.95,0.0,0.0,0.120032,0.20832,0.0,1.569309,neutral,neutral,,,0,0,0,0.0,0.0,0.0
train,without_mine,best intruder,intruder,150,0,expander,attack,friendly,Q2_NW,0.298097,1.904362,chosen_action,,0.0,0.0,0.060303,0.220398,0.27808,0.0,1.904362,neutral,neutral,,,0,0,0,0.0,0.0,0.0
train,without_mine,best intruder,intruder,150,0,attacker,attack,enemy,Q0_SE,0.390718,4.052121,chosen_action,,0.95,0.18,0.080058,0.644886,0.373627,0.0,4.052121,overtake_window,overtake_window,,,0,0,0,0.0,0.0,0.0
train,without_mine,best intruder,intruder,150,0,expander,attack,friendly,Q1_SW,0.312083,1.977023,chosen_action,,0.0,0.0,0.0,0.240908,0.29544,0.0,1.977023,neutral,neutral,,,0,0,0,0.0,0.0,0.0
train,without_mine,best intruder,best,160,1,expander,attack,enemy,Q0_SE,0.232322,2.400126,chosen_action,,0.95,0.0,0.0,0.218096,0.20496,0.0,2.400126,pressured,concentrated_inbound,21,Q2_NW,2,2,33,42.0,0.7857,0.104
train,without_mine,best intruder,best,160,1,expander,attack,enemy,Q2_NW,1.0,2.565248,chosen_action,,0.0,0.0,0.0,0.229387,0.3072,0.0,2.565248,pressured,concentrated_inbound,21,Q2_NW,2,2,33,42.0,0.7857,0.104
train,without_mine,best intruder,intruder,160,0,expander,attack,neutral,Q1_SW,0.084683,1.61286,chosen_action,,0.95,0.0,0.022743,0.124161,0.23324,0.0,1.61286,neutral,neutral,,,0,0,0,0.0,0.0,0.0
train,without_mine,best intruder,intruder,160,0,expander,attack,friendly,Q1_SW,0.298764,1.87272,chosen_action,,0.0,0.0,0.0,0.211466,0.27052,0.0,1.87272,neutral,neutral,,,0,0,0,0.0,0.0,0.0
train,without_mine,best intruder,best,170,1,expander,attack,enemy,Q0_SE,1.0,2.712166,chosen_action,,0.0,0.158485,0.041648,0.260363,0.36096,0.0,2.712166,cash_in,cash_in,,,0,0,0,0.0,0.0,0.0
train,without_mine,best intruder,intruder,170,0,sweeper,attack,friendly,Q1_SW,0.236611,2.082885,chosen_action,,0.0,0.18,0.048299,0.305672,0.25872,0.0,2.082885,neutral,neutral,,,0,0,0,0.0,0.0,0.0
train,without_mine,best intruder,intruder,170,0,attacker,attack,friendly,Q1_SW,0.148271,2.082885,chosen_action,,0.95,0.0,0.0,0.305672,0.25872,0.0,2.082885,neutral,neutral,,,0,0,0,0.0,0.0,0.0
train,without_mine,best intruder,intruder,170,0,feeder,attack,friendly,Q1_SW,0.328145,1.998119,chosen_action,,0.0,0.0,0.0,0.246863,0.30048,0.0,1.998119,neutral,neutral,,,0,0,0,0.0,0.0,0.0
train,without_mine,best intruder,best,180,1,expander,established,friendly,Q0_SE,1.0,1.63878,chosen_action,,0.0,0.0,0.0,0.111156,0.27556,0.0,1.63878,neutral,neutral,,,0,0,0,0.0,0.0,0.0
train,without_mine,best intruder,best,180,1,attacker,established,neutral,Q0_SE,0.870295,1.410839,chosen_action,,0.0,0.18,0.00341,0.053688,0.20888,0.0,1.410839,neutral,neutral,,,0,0,0,0.0,0.0,0.0
train,without_mine,best intruder,intruder,180,0,expander,attack,friendly,Q1_SW,0.307464,1.883267,chosen_action,,0.0,0.0,0.0,0.214443,0.27304,0.0,1.883267,neutral,neutral,,,0,0,0,0.0,0.0,0.0
train,without_mine,best intruder,intruder,180,0,anchor,attack,friendly,Q1_SW,0.31331,1.987571,chosen_action,,0.0,0.0,0.0,0.243885,0.29796,0.0,1.987571,neutral,neutral,,,0,0,0,0.0,0.0,0.0
train,without_mine,best intruder,best,190,1,expander,established,friendly,Q3_NE,0.556633,1.748204,chosen_action,,0.0,0.18,0.080443,0.134227,0.3156,0.0,1.748204,neutral,neutral,,,0,0,0,0.0,0.0,0.0
train,without_mine,best intruder,intruder,190,0,anchor,attack,friendly,Q1_SW,0.310617,1.966476,chosen_action,,0.0,0.0,0.0,0.237931,0.29292,0.0,1.966476,neutral,neutral,,,0,0,0,0.0,0.0,0.0
train,without_mine,best intruder,intruder,190,0,attacker,attack,enemy,Q3_NE,0.461017,4.600903,chosen_action,,0.95,0.18,0.035674,0.788525,0.524773,0.0,4.600903,overtake_window,overtake_window,,,0,0,0,0.0,0.0,0.0
train,without_mine,best intruder,intruder,200,0,expander,attack,friendly,Q1_SW,0.314948,1.918426,chosen_action,,0.0,0.0,0.0,0.224367,0.28144,0.0,1.918426,neutral,neutral,,,0,0,0,0.0,0.0,0.0
train,without_mine,best intruder,intruder,200,0,attacker,attack,enemy,Q3_NE,0.50564,4.948746,chosen_action,,0.95,0.18,0.031879,0.876309,0.626373,0.0,4.948746,overtake_window,overtake_window,,,0,0,0,0.0,0.0,0.0
train,without_mine,best intruder,intruder,200,0,anchor,attack,friendly,Q1_SW,0.314208,1.994603,chosen_action,,0.0,0.0,0.0,0.24587,0.29964,0.0,1.994603,neutral,neutral,,,0,0,0,0.0,0.0,0.0
train,without_mine,best intruder,intruder,200,0,expander,attack,friendly,Q1_SW,0.311918,1.994603,chosen_action,,0.0,0.002799,0.0,0.24587,0.29964,0.0,1.994603,neutral,neutral,,,0,0,0,0.0,0.0,0.0
train,without_mine,best intruder,intruder,210,0,anchor,attack,friendly,Q1_SW,0.310617,1.966476,chosen_action,,0.0,0.0,0.0,0.237931,0.29292,0.0,1.966476,neutral,neutral,,,0,0,0,0.0,0.0,0.0
train,without_mine,best intruder,intruder,210,0,attacker,attack,enemy,Q0_SE,0.509945,4.984683,chosen_action,,0.95,0.18,0.044559,0.900645,0.609729,0.0,4.984683,overtake_window,overtake_window,,,0,0,0,0.0,0.0,0.0
train,without_mine,best intruder,intruder,220,0,anchor,attack,friendly,Q1_SW,0.268694,1.864169,chosen_action,,0.0,0.045018,0.0,0.202306,0.280471,0.0,1.864169,neutral,neutral,,,0,0,0,0.0,0.0,0.0
train,without_mine,best intruder,intruder,230,0,anchor,expansion,enemy,Q1_SW,0.564436,3.837825,chosen_action,,0.0,0.0,0.0,0.530365,0.41848,0.0,3.837825,pressured,concentrated_inbound,25,Q1_SW,2,2,524,152.0,3.4474,0.778
train,without_mine,intruder 1039,intruder,10,1,anchor,initiation,neutral,Q0_SE,1.0,1.931779,chosen_action,,0.0,0.0,0.0,0.139999,0.44132,0.0,1.931779,neutral,neutral,,,0,0,0,0.0,0.0,0.0
train,without_mine,intruder 1039,intruder,20,1,anchor,expansion,neutral,Q0_SE,0.677568,2.191182,chosen_action,,0.0,0.163325,0.034037,0.194691,0.53624,0.0,2.191182,cash_in,cash_in,,,0,0,0,0.0,0.0,0.0
train,without_mine,intruder 1039,intruder,20,1,expander,expansion,neutral,Q3_NE,0.63493,2.191182,chosen_action,,0.0,0.18,0.0,0.194691,0.53624,0.0,2.191182,cash_in,cash_in,,,0,0,0,0.0,0.0,0.0
train,without_mine,intruder 1039,1039,30,0,expander,expansion,neutral,Q3_NE,0.220525,1.86138,chosen_action,,0.0,0.060811,0.398302,0.125156,0.41556,0.0,1.86138,cash_in,cash_in,,,0,0,0,0.0,0.0,0.0
train,without_mine,intruder 1039,intruder,50,1,expander,expansion,enemy,Q3_NE,1.0,2.567544,chosen_action,,0.0,0.0,0.0,0.229871,0.30804,0.0,2.567544,pressured,concentrated_inbound,17,Q1_SW,2,3,48,71.0,0.6761,8.993
train,without_mine,intruder 1039,intruder,50,1,expander,expansion,enemy,Q2_NW,0.492965,2.334542,chosen_action,,0.0,0.18,0.160989,0.199254,0.189876,0.0,2.334542,pressured,concentrated_inbound,17,Q1_SW,2,3,48,71.0,0.6761,8.993
train,without_mine,intruder 1039,1039,50,0,expander,expansion,enemy,Q1_SW,0.391839,3.347128,chosen_action,,0.0,0.18,0.022015,0.468743,0.164551,0.0,3.347128,chasing_leader,leader_target,,,0,0,0,0.0,0.0,0.0
train,without_mine,intruder 1039,intruder,60,1,expander,expansion,enemy,Q1_SW,0.169576,2.301416,chosen_action,,0.95,0.18,0.023602,0.197284,0.16884,0.0,2.301416,chasing_leader,leader_target,,,0,0,0,0.0,0.0,0.0
train,without_mine,intruder 1039,intruder,60,1,expander,expansion,friendly,Q1_SW,0.948393,1.732135,chosen_action,,0.0,0.024463,0.0,0.130839,0.30972,0.0,1.732135,neutral,neutral,,,0,0,0,0.0,0.0,0.0
train,without_mine,intruder 1039,1039,60,0,expander,expansion,enemy,Q1_SW,0.605835,4.507829,chosen_action,,0.0,0.18,0.03635,0.763629,0.500089,0.0,4.507829,pressured,concentrated_inbound,18,Q3_NE,2,2,102,43.0,2.3721,5.158
train,without_mine,intruder 1039,1039,70,0,feeder,attack,neutral,Q1_SW,0.139532,1.963461,chosen_action,,0.0,0.18,0.226056,0.185932,0.383129,0.0,1.963461,cash_in,cash_in,,,0,0,0,0.0,0.0,0.0
train,without_mine,intruder 1039,1039,70,0,anchor,attack,enemy,Q2_NW,0.36743,3.02637,chosen_action,,0.0,0.18,0.0,0.370954,0.1008,0.0,3.02637,chasing_leader,leader_target,,,0,0,0,0.0,0.0,0.0
train,without_mine,intruder 1039,intruder,80,1,expander,expansion,friendly,Q3_NE,0.767412,1.652554,chosen_action,,0.0,0.062083,0.049388,0.11406,0.2806,0.0,1.652554,neutral,neutral,,,0,0,0,0.0,0.0,0.0
train,without_mine,intruder 1039,1039,80,0,expander,attack,enemy,Q3_NE,0.478576,4.388394,chosen_action,,0.0,0.18,0.255527,0.738539,0.456222,0.0,4.388394,overtake_window,overtake_window,,,0,0,0,0.0,0.0,0.0
train,without_mine,intruder 1039,1039,90,0,feeder,attack,enemy,Q2_NW,0.462348,3.76306,chosen_action,,0.0,0.18,0.0,0.536328,0.352498,0.0,3.76306,pressured,concentrated_inbound,12,Q2_NW,2,2,237,22.0,10.7727,2.387
train,without_mine,intruder 1039,intruder,100,1,expander,expansion,friendly,Q2_NW,1.0,2.271601,chosen_action,,0.0,0.013749,0.0,0.244579,0.50712,0.0,2.271601,cash_in,cash_in,,,0,0,0,0.0,0.0,0.0
train,without_mine,intruder 1039,intruder,100,1,expander,expansion,friendly,Q2_NW,0.8978,1.856097,chosen_action,,0.0,0.027808,0.055982,0.156975,0.35508,0.0,1.856097,cash_in,cash_in,,,0,0,0,0.0,0.0,0.0
train,without_mine,best 1200,1200,0,0,anchor,initiation,enemy,Q0_SE,0.185273,2.419287,chosen_action,,0.95,0.18,0.4,0.198244,0.254444,0.0,2.419287,chasing_leader,leader_target,,,0,0,0,0.0,0.0,0.0
train,without_mine,best 1200,best,10,1,expander,expansion,neutral,Q3_NE,0.682404,3.162917,chosen_action,,0.0,0.18,0.4,0.299236,0.40352,1.0,3.162917,neutral,neutral,,,0,0,0,0.0,0.0,0.0
train,without_mine,best 1200,1200,10,0,anchor,expansion,neutral,Q2_NW,0.305346,2.195773,chosen_action,,0.0,0.056869,0.0,0.195659,0.53792,0.0,2.195773,neutral,neutral,,,0,0,0,0.0,0.0,0.0
train,without_mine,best 1200,1200,10,0,expander,expansion,neutral,Q2_NW,0.331839,2.195773,chosen_action,,0.0,0.118419,0.0,0.195659,0.53792,0.0,2.195773,neutral,neutral,,,0,0,0,0.0,0.0,0.0
train,without_mine,best 1200,best,20,1,anchor,expansion,neutral,Q2_NW,0.234131,1.614924,chosen_action,,0.0,0.18,0.265969,0.094486,0.287524,0.0,1.614924,neutral,neutral,,,0,0,0,0.0,0.0,0.0
train,without_mine,best 1200,1200,20,0,expander,expansion,unknown,unknown,0.075362,1.0,chosen_action,,0.0,0.18,0.263191,0.0,0.0,0.0,1.0,neutral,neutral,,,0,0,0,0.0,0.0,0.0
train,without_mine,best 1200,1200,20,0,anchor,expansion,neutral,Q1_SW,0.273191,2.909277,chosen_action,,0.0,0.18,0.258956,0.279412,0.25088,1.0,2.909277,neutral,neutral,,,0,0,0,0.0,0.0,0.0
train,without_mine,best 1200,1200,30,0,expander,expansion,neutral,Q3_NE,0.312944,2.502321,chosen_action,,0.0,0.18,0.222861,0.339642,0.509022,0.0,2.502321,cash_in,cash_in,,,0,0,0,0.0,0.0,0.0
train,without_mine,best 1200,1200,30,0,anchor,expansion,neutral,Q3_NE,0.254948,2.635924,chosen_action,,0.0,0.18,0.258141,0.377355,0.540942,0.0,2.635924,cash_in,cash_in,,,0,0,0,0.0,0.0,0.0
train,without_mine,best 1200,best,40,1,expander,established,neutral,Q1_SW,0.936084,1.828477,chosen_action,,0.0,0.0,0.121793,0.118219,0.40352,0.0,1.828477,cash_in,cash_in,,,0,0,0,0.0,0.0,0.0
train,without_mine,best 1200,best,40,1,expander,established,friendly,Q0_SE,1.0,1.502736,chosen_action,,0.0,0.0,0.0,0.105996,0.18396,0.0,1.502736,neutral,neutral,,,0,0,0,0.0,0.0,0.0
train,without_mine,best 1200,1200,40,0,attacker,established,neutral,Q3_NE,0.283383,2.066021,chosen_action,,0.0,0.131104,0.140943,0.217195,0.40352,0.0,2.066021,cash_in,cash_in,,,0,0,0,0.0,0.0,0.0
train,without_mine,best 1200,1200,50,0,feeder,attack,neutral,Q0_SE,0.190557,2.474901,chosen_action,,0.95,0.18,0.146985,0.304827,0.550604,0.0,2.474901,pressured,concentrated_inbound,26,Q3_NE,2,2,62,28.0,2.2143,3.164
train,without_mine,best 1200,1200,50,0,expander,attack,neutral,Q1_SW,0.210344,2.429788,chosen_action,,0.0,0.18,0.211828,0.296442,0.532093,0.0,2.429788,pressured,concentrated_inbound,26,Q3_NE,2,2,62,28.0,2.2143,3.164
train,without_mine,best 1200,1200,50,0,expander,attack,friendly,Q2_NW,0.361468,2.427053,chosen_action,,0.0,0.011944,0.0,0.367941,0.40296,0.0,2.427053,pressured,concentrated_inbound,26,Q3_NE,2,2,62,28.0,2.2143,3.164
train,without_mine,best 1200,1200,60,0,feeder,attack,enemy,Q3_NE,0.516024,4.313418,chosen_action,,0.0,0.18,0.019234,0.729232,0.417231,0.0,4.313418,overtake_window,overtake_window,,,0,0,0,0.0,0.0,0.0
train,without_mine,best 1200,best,70,1,expander,attack,friendly,Q2_NW,0.586103,1.550035,chosen_action,,0.0,0.18,0.024917,0.115876,0.201431,0.0,1.550035,pressured,concentrated_inbound,12,Q2_NW,3,3,102,134.0,0.7612,6.999
train,without_mine,best 1200,best,70,1,expander,attack,friendly,Q2_NW,0.944229,1.958491,chosen_action,,0.0,0.18,0.0,0.178471,0.392711,0.0,1.958491,pressured,concentrated_inbound,12,Q2_NW,3,3,102,134.0,0.7612,6.999
train,without_mine,best 1200,best,80,1,expander,attack,friendly,Q1_SW,0.130866,2.009902,chosen_action,,0.95,0.18,0.075708,0.189403,0.41136,0.0,2.009902,cash_in,cash_in,,,0,0,0,0.0,0.0,0.0
train,without_mine,best 1200,1200,80,0,expander,expansion,enemy,Q3_NE,0.676945,4.726869,chosen_action,,0.0,0.0,0.0,0.831883,0.541,0.0,4.726869,overtake_window,overtake_window,,,0,0,0,0.0,0.0,0.0
train,without_mine,best 1200,1200,80,0,expander,expansion,neutral,Q2_NW,0.286733,2.570078,chosen_action,,0.0,0.18,0.4,0.330539,0.575396,0.0,2.570078,cash_in,cash_in,,,0,0,0,0.0,0.0,0.0
train,without_mine,best 1200,1200,80,0,expander,expansion,enemy,Q3_NE,0.472811,3.517903,chosen_action,,0.0,0.0,0.248353,0.495277,0.24388,0.0,3.517903,chasing_leader,leader_target,,,0,0,0,0.0,0.0,0.0
train,without_mine,intruder 1200,intruder,30,1,expander,established,neutral,Q0_SE,0.97191,1.891223,chosen_action,,0.0,0.144291,0.0,0.131448,0.42648,0.0,1.891223,cash_in,cash_in,,,0,0,0,0.0,0.0,0.0
train,without_mine,intruder 1200,intruder,50,1,expander,established,neutral,Q3_NE,0.605557,1.647124,chosen_action,,0.0,0.18,0.019127,0.079983,0.33716,0.0,1.647124,neutral,neutral,,,0,0,0,0.0,0.0,0.0
train,without_mine,intruder 1200,intruder,50,1,feeder,established,neutral,Q2_NW,0.410309,1.600647,chosen_action,,0.0,0.18,0.00794,0.09189,0.281564,0.0,1.600647,neutral,neutral,,,0,0,0,0.0,0.0,0.0
train,without_mine,intruder 1200,1200,50,0,expander,established,neutral,Q1_SW,0.2898,1.756625,chosen_action,,0.0,0.0,0.0,0.12986,0.3296,0.0,1.756625,neutral,neutral,,,0,0,0,0.0,0.0,0.0
train,without_mine,intruder 1200,1200,50,0,anchor,established,neutral,Q2_NW,0.302327,1.788268,chosen_action,,0.0,0.0,0.0,0.138792,0.33716,0.0,1.788268,neutral,neutral,,,0,0,0,0.0,0.0,0.0
train,without_mine,intruder 1200,1200,50,0,expander,established,neutral,Q1_SW,0.192863,1.788268,chosen_action,,0.0,0.178135,0.08918,0.138792,0.33716,0.0,1.788268,neutral,neutral,,,0,0,0,0.0,0.0,0.0
train,without_mine,intruder 1200,intruder,60,1,expander,attack,neutral,Q1_SW,0.872744,1.707888,chosen_action,,0.0,0.18,0.039816,0.091276,0.362093,0.0,1.707888,cash_in,cash_in,,,0,0,0,0.0,0.0,0.0
train,without_mine,intruder 1200,1200,60,0,attacker,attack,neutral,Q2_NW,0.314063,2.162121,chosen_action,,0.0,0.18,0.0,0.244322,0.42648,0.0,2.162121,cash_in,cash_in,,,0,0,0,0.0,0.0,0.0
train,without_mine,intruder 1200,1200,60,0,expander,attack,friendly,Q2_NW,0.172888,1.442998,chosen_action,,0.0,0.097505,0.040883,0.125048,0.10584,0.0,1.442998,neutral,neutral,,,0,0,0,0.0,0.0,0.0
train,without_mine,intruder 1200,1200,70,0,anchor,attack,neutral,Q2_NW,0.258063,2.162121,chosen_action,,0.0,0.18,0.0,0.244322,0.42648,0.0,2.162121,cash_in,cash_in,,,0,0,0,0.0,0.0,0.0
train,without_mine,intruder 1200,1200,70,0,expander,attack,neutral,Q2_NW,0.258063,2.162121,chosen_action,,0.0,0.18,0.0,0.244322,0.42648,0.0,2.162121,cash_in,cash_in,,,0,0,0,0.0,0.0,0.0
train,without_mine,intruder 1200,1200,80,0,expander,attack,enemy,Q3_NE,0.51903,3.964734,chosen_action,,0.0,0.18,0.124169,0.605044,0.379724,0.0,3.964734,overtake_window,overtake_window,,,0,0,0,0.0,0.0,0.0
train,without_mine,intruder 1200,intruder,90,1,expander,attack,enemy,Q2_NW,1.0,2.723163,chosen_action,,0.0,0.18,0.027065,0.257092,0.37492,0.0,2.723163,cash_in,cash_in,,,0,0,0,0.0,0.0,0.0
train,without_mine,intruder 1200,intruder,100,1,sweeper,established,friendly,Q0_SE,0.039718,1.30761,chosen_action,,0.95,0.18,0.012491,0.064856,0.11256,0.0,1.30761,pressured,concentrated_inbound,11,Q2_NW,3,5,53,65.0,0.8154,6.732
train,without_mine,intruder 1200,1200,100,0,expander,attack,enemy,Q2_NW,0.465536,3.381152,chosen_action,,0.0,0.18,0.018866,0.442213,0.23692,0.0,3.381152,chasing_leader,leader_target,,,0,0,0,0.0,0.0,0.0
train,without_mine,intruder 1200,intruder,120,1,expander,attack,friendly,Q3_NE,1.0,1.697701,chosen_action,,0.0,0.006778,0.079938,0.123579,0.29712,0.0,1.697701,neutral,neutral,,,0,0,0,0.0,0.0,0.0
train,without_mine,intruder 1200,intruder,120,1,expander,attack,friendly,Q3_NE,0.962556,1.797177,chosen_action,,0.0,0.10004,0.040804,0.144552,0.33352,0.0,1.797177,neutral,neutral,,,0,0,0,0.0,0.0,0.0
train,without_mine,best intruder smith 1200,best,0,0,expander,initiation,neutral,Q0_SE,0.306519,2.053446,chosen_action,,0.0,0.153135,0.0,0.165651,0.48584,0.0,2.053446,neutral,neutral,,,0,0,0,0.0,0.0,0.0
train,without_mine,best intruder smith 1200,intruder,0,1,expander,initiation,neutral,Q1_SW,0.984012,2.053446,chosen_action,,0.0,0.153135,0.0,0.165651,0.48584,0.0,2.053446,neutral,neutral,,,0,0,0,0.0,0.0,0.0
train,without_mine,best intruder smith 1200,smith,0,0,expander,initiation,neutral,Q3_NE,0.306519,2.053446,chosen_action,,0.0,0.153135,0.0,0.165651,0.48584,0.0,2.053446,neutral,neutral,,,0,0,0,0.0,0.0,0.0
train,without_mine,best intruder smith 1200,1200,0,0,expander,initiation,neutral,Q2_NW,0.306519,2.053446,chosen_action,,0.0,0.153135,0.0,0.165651,0.48584,0.0,2.053446,neutral,neutral,,,0,0,0,0.0,0.0,0.0
train,without_mine,best intruder smith 1200,1200,40,0,expander,expansion,neutral,Q3_NE,0.298755,2.098896,chosen_action,,0.0,0.18,0.010467,0.150203,0.324747,0.333333,2.098896,neutral,neutral,,,0,0,0,0.0,0.0,0.0
train,without_mine,best intruder smith 1200,smith,50,0,attacker,attack,enemy,Q3_NE,0.257812,1.4473,chosen_action,,0.0,0.0,0.0,0.09138,0.16888,0.0,1.4473,neutral,neutral,,,0,0,0,0.0,0.0,0.0
train,without_mine,best intruder smith 1200,1200,50,0,anchor,expansion,neutral,Q2_NW,0.3504,2.206111,chosen_action,,0.0,0.0,0.0,0.187421,0.338,0.333333,2.206111,neutral,neutral,,,0,0,0,0.0,0.0,0.0
train,without_mine,best intruder smith 1200,1200,50,0,sweeper,expansion,neutral,Q2_NW,0.215991,1.705059,chosen_action,,0.0,0.056409,0.129167,0.115305,0.31728,0.0,1.705059,neutral,neutral,,,0,0,0,0.0,0.0,0.0
train,without_mine,best intruder smith 1200,1200,60,0,expander,attack,friendly,Q2_NW,0.182359,1.235563,chosen_action,,0.0,0.046236,0.022251,0.066494,0.05628,0.0,1.235563,neutral,neutral,,,0,0,0,0.0,0.0,0.0
train,without_mine,best intruder smith 1200,intruder,70,1,sweeper,expansion,enemy,Q2_NW,1.0,1.644258,chosen_action,,0.0,0.0,0.0,0.138721,0.230613,0.0,1.644258,pressured,concentrated_inbound,5,Q1_SW,3,3,45,92.0,0.4891,6.402
train,without_mine,best intruder smith 1200,best,80,0,attacker,attack,enemy,Q1_SW,0.611202,4.248133,chosen_action,,0.0,0.0,0.0,0.594142,0.386809,0.333333,4.248133,pressured,concentrated_inbound,20,Q1_SW,2,3,39,63.0,0.619,5.095
train,without_mine,best intruder smith 1200,intruder,90,1,expander,established,friendly,Q0_SE,1.0,1.844619,chosen_action,,0.0,0.0,0.0,0.154555,0.35088,0.0,1.844619,cash_in,cash_in,,,0,0,0,0.0,0.0,0.0
train,without_mine,best intruder smith 1200,smith,90,0,expander,attack,neutral,Q3_NE,0.169181,1.489805,chosen_action,,0.0,0.18,0.011692,0.089426,0.20384,0.0,1.489805,neutral,neutral,,,0,0,0,0.0,0.0,0.0
train,without_mine,best intruder smith 1200,intruder,120,1,attacker,established,friendly,Q2_NW,0.053305,1.378774,chosen_action,,0.95,0.029901,0.0157,0.07986,0.1386,0.0,1.378774,neutral,neutral,,,0,0,0,0.0,0.0,0.0
train,without_mine,best intruder smith 1200,smith,130,0,expander,attack,neutral,Q2_NW,0.167778,1.696789,chosen_action,,0.0,0.18,0.012812,0.128234,0.288169,0.0,1.696789,neutral,neutral,,,0,0,0,0.0,0.0,0.0
train,without_mine,best intruder smith 1200,smith,130,0,attacker,attack,enemy,Q2_NW,0.463699,3.343664,chosen_action,,0.0,0.18,0.002843,0.444385,0.205289,0.0,3.343664,chasing_leader,leader_target,,,0,0,0,0.0,0.0,0.0
train,without_mine,best intruder smith 1200,smith,130,0,expander,attack,neutral,Q2_NW,0.241492,1.714368,chosen_action,,0.0,0.18,0.075467,0.133196,0.292369,0.0,1.714368,neutral,neutral,,,0,0,0,0.0,0.0,0.0
train,without_mine,best intruder smith 1200,intruder,140,1,expander,attack,enemy,Q0_SE,1.0,1.99151,chosen_action,,0.0,0.0,0.0,0.131944,0.05544,0.0,1.99151,chasing_leader,leader_target,,,0,0,0,0.0,0.0,0.0
train,without_mine,best intruder smith 1200,intruder,140,1,expander,attack,enemy,Q3_NE,0.656019,3.01168,chosen_action,,0.0,0.18,0.005853,0.317577,0.481107,0.0,3.01168,cash_in,cash_in,,,0,0,0,0.0,0.0,0.0
train,without_mine,best intruder smith 1200,intruder,150,1,expander,established,friendly,Q0_SE,0.091496,1.321384,chosen_action,,0.95,0.0,0.0,0.06776,0.1176,0.0,1.321384,pressured,concentrated_inbound,13,Q0_SE,2,2,67,90.0,0.7444,3.044
train,without_mine,best intruder smith 1200,smith,160,0,expander,attack,enemy,Q0_SE,0.45608,3.304327,chosen_action,,0.0,0.116995,0.078738,0.434182,0.194289,0.0,3.304327,chasing_leader,leader_target,,,0,0,0,0.0,0.0,0.0
train,without_mine,best intruder smith 1200,intruder,170,1,expander,attack,enemy,Q3_NE,0.545892,2.175104,chosen_action,,0.0,0.18,0.007452,0.166812,0.129449,0.0,2.175104,chasing_leader,leader_target,,,0,0,0,0.0,0.0,0.0
train,without_mine,best intruder smith 1200,intruder,170,1,expander,attack,neutral,Q1_SW,0.490764,1.420022,chosen_action,,0.0,0.18,0.044126,0.055624,0.21224,0.0,1.420022,neutral,neutral,,,0,0,0,0.0,0.0,0.0
train,without_mine,best intruder smith 1200,smith,170,0,expander,attack,enemy,Q2_NW,0.386519,3.434124,chosen_action,,0.0,0.18,0.028699,0.447894,0.266058,0.0,3.434124,chasing_leader,leader_target,,,0,0,0,0.0,0.0,0.0
train,without_mine,best intruder smith 1200,intruder,180,1,attacker,attack,enemy,Q3_NE,1.0,2.721349,chosen_action,,0.0,0.0,0.0,0.262299,0.36432,0.0,2.721349,pressured,concentrated_inbound,7,Q2_NW,2,2,63,76.0,0.8289,2.352
train,without_mine,best intruder smith 1200,intruder,180,1,expander,attack,enemy,Q3_NE,1.0,2.276002,chosen_action,,0.0,0.09366,0.0,0.168403,0.20136,0.0,2.276002,pressured,concentrated_inbound,7,Q2_NW,2,2,63,76.0,0.8289,2.352
train,without_mine,best intruder 1200 1039,intruder,20,1,expander,initiation,neutral,Q1_SW,0.551459,1.428295,chosen_action,,0.0,0.18,0.324501,0.057276,0.215431,0.0,1.428295,neutral,neutral,,,0,0,0,0.0,0.0,0.0
train,without_mine,best intruder 1200 1039,1200,30,0,expander,expansion,friendly,Q3_NE,0.167244,1.641076,chosen_action,,0.0,0.18,0.4,0.11164,0.2764,0.0,1.641076,neutral,neutral,,,0,0,0,0.0,0.0,0.0
train,without_mine,best intruder 1200 1039,intruder,40,1,expander,expansion,neutral,Q0_SE,0.8901,2.929699,chosen_action,,0.0,0.18,0.167676,0.309234,0.435213,0.666667,2.929699,neutral,neutral,,,0,0,0,0.0,0.0,0.0
train,without_mine,best intruder 1200 1039,1200,50,0,expander,expansion,enemy,Q2_NW,0.410507,4.236953,chosen_action,,0.95,0.18,0.249587,0.554344,0.44928,0.333333,4.236953,overtake_window,overtake_window,,,0,0,0,0.0,0.0,0.0
train,without_mine,best intruder 1200 1039,intruder,60,1,anchor,expansion,enemy,Q2_NW,0.758819,1.625007,chosen_action,,0.0,0.078617,0.0,0.108252,0.27052,0.0,1.625007,neutral,neutral,,,0,0,0,0.0,0.0,0.0
train,without_mine,best intruder 1200 1039,best,80,0,anchor,initiation,neutral,Q3_NE,0.163875,1.601119,chosen_action,,0.0,0.18,0.050529,0.108419,0.252529,0.0,1.601119,neutral,neutral,,,0,0,0,0.0,0.0,0.0
train,without_mine,best intruder 1200 1039,1200,80,0,expander,expansion,neutral,Q3_NE,0.197212,1.467036,chosen_action,,0.0,0.0,0.317014,0.082821,0.198716,0.0,1.467036,neutral,neutral,,,0,0,0,0.0,0.0,0.0
train,without_mine,best intruder 1200 1039,best,90,0,anchor,expansion,enemy,Q2_NW,0.322512,3.554773,chosen_action,,0.95,0.18,0.050601,0.406227,0.20728,0.333333,3.554773,chasing_leader,leader_target,,,0,0,0,0.0,0.0,0.0
train,without_mine,best intruder 1200 1039,1200,90,0,anchor,expansion,enemy,Q3_NE,0.471218,3.974434,chosen_action,,0.0,0.099894,0.108979,0.546576,0.490853,0.666667,3.974434,cash_in,cash_in,,,0,0,0,0.0,0.0,0.0
train,without_mine,best intruder 1200 1039,intruder,100,1,expander,expansion,friendly,Q2_NW,0.092729,1.714535,chosen_action,,0.95,0.18,0.215819,0.127128,0.30328,0.0,1.714535,neutral,neutral,,,0,0,0,0.0,0.0,0.0
train,without_mine,best intruder 1200 1039,1039,100,0,feeder,attack,friendly,Q3_NE,0.310106,2.012929,chosen_action,,0.0,0.0,0.1,0.247581,0.310173,0.0,2.012929,pressured,concentrated_inbound,2,Q3_NE,2,2,86,33.0,2.6061,0.075
train,without_mine,best intruder 1200 1039,intruder,110,1,expander,expansion,enemy,Q3_NE,0.945074,1.755091,chosen_action,,0.0,0.026444,0.0,0.135679,0.31812,0.0,1.755091,neutral,neutral,,,0,0,0,0.0,0.0,0.0
train,without_mine,best intruder 1200 1039,1039,110,0,anchor,initiation,enemy,Q3_NE,0.527684,3.553805,chosen_action,,0.0,0.0,0.0,0.474519,0.307378,0.0,3.553805,chasing_leader,leader_target,,,0,0,0,0.0,0.0,0.0
train,without_mine,best intruder 1200 1039,best,150,0,expander,expansion,enemy,Q3_NE,0.310323,3.239815,chosen_action,,0.0,0.18,0.366873,0.380547,0.241853,0.0,3.239815,chasing_leader,leader_target,,,0,0,0,0.0,0.0,0.0
train,without_mine,best intruder 1200 1039,best,160,0,anchor,expansion,friendly,Q0_SE,0.234365,1.928887,chosen_action,,0.0,0.108092,0.036777,0.225634,0.286938,0.0,1.928887,neutral,neutral,,,0,0,0,0.0,0.0,0.0
train,without_mine,best intruder smith 1039,1039,0,0,expander,initiation,neutral,Q2_NW,0.242209,1.721349,chosen_action,,0.0,0.18,0.08029,0.095632,0.36432,0.0,1.721349,neutral,neutral,,,0,0,0,0.0,0.0,0.0
train,without_mine,best intruder smith 1039,smith,50,0,expander,expansion,friendly,Q3_NE,0.208123,2.284382,chosen_action,,0.0,0.18,0.26655,0.224207,0.10836,0.666667,2.284382,neutral,neutral,,,0,0,0,0.0,0.0,0.0
train,without_mine,best intruder smith 1039,smith,50,0,expander,expansion,friendly,Q3_NE,0.333989,2.513699,chosen_action,,0.0,0.18,0.067114,0.254056,0.22516,0.666667,2.513699,neutral,neutral,,,0,0,0,0.0,0.0,0.0
train,without_mine,best intruder smith 1039,best,60,1,expander,expansion,neutral,Q2_NW,0.15695,2.206442,chosen_action,,0.95,0.18,0.123295,0.195424,0.54624,0.0,2.206442,cash_in,cash_in,,,0,0,0,0.0,0.0,0.0
train,without_mine,best intruder smith 1039,smith,60,0,expander,expansion,neutral,Q3_NE,0.410286,3.158912,chosen_action,,0.0,0.18,0.104653,0.365237,0.50544,0.666667,3.158912,cash_in,cash_in,,,0,0,0,0.0,0.0,0.0
train,without_mine,best intruder smith 1039,best,70,1,expander,expansion,enemy,Q3_NE,0.523169,2.17059,chosen_action,,0.0,0.18,0.102297,0.197298,0.294129,0.333333,2.17059,neutral,neutral,,,0,0,0,0.0,0.0,0.0
train,without_mine,best intruder smith 1039,best,90,1,expander,expansion,enemy,Q3_NE,0.923341,1.694275,chosen_action,,0.0,0.121855,0.044993,0.119061,0.302613,0.0,1.694275,neutral,neutral,,,0,0,0,0.0,0.0,0.0
train,without_mine,best intruder smith 1039,best,90,1,expander,expansion,friendly,Q0_SE,0.778484,1.140032,chosen_action,,0.0,0.0,0.239597,0.029524,0.05124,0.0,1.140032,neutral,neutral,,,0,0,0,0.0,0.0,0.0
train,without_mine,best intruder smith 1039,smith,90,0,expander,expansion,enemy,Q0_SE,0.474146,3.445363,chosen_action,,0.0,0.122014,0.048766,0.387335,0.159822,0.333333,3.445363,chasing_leader,leader_target,,,0,0,0,0.0,0.0,0.0
train,without_mine,best intruder smith 1039,best,100,1,expander,expansion,unknown,unknown,0.553024,1.0,chosen_action,,0.0,0.18,0.086976,0.0,0.0,0.0,1.0,neutral,neutral,,,0,0,0,0.0,0.0,0.0
train,without_mine,best intruder smith 1039,1039,100,0,expander,expansion,enemy,Q1_SW,0.305821,3.42666,chosen_action,,0.95,0.18,0.109109,0.386669,0.147151,0.333333,3.42666,chasing_leader,leader_target,,,0,0,0,0.0,0.0,0.0
train,without_mine,best intruder smith 1039,best,110,1,expander,expansion,enemy,Q3_NE,0.850937,2.300393,chosen_action,,0.0,0.010413,0.216109,0.19371,0.174436,0.0,2.300393,chasing_leader,leader_target,,,0,0,0,0.0,0.0,0.0
train,without_mine,best intruder smith 1039,1039,110,0,expander,expansion,neutral,Q2_NW,0.163302,1.486289,chosen_action,,0.0,0.18,0.038838,0.088433,0.203,0.0,1.486289,neutral,neutral,,,0,0,0,0.0,0.0,0.0
train,without_mine,best intruder smith 1039,best,120,1,expander,expansion,enemy,Q3_NE,0.781342,1.544304,chosen_action,,0.0,0.13161,0.157816,0.090271,0.242707,0.0,1.544304,neutral,neutral,,,0,0,0,0.0,0.0,0.0
train,without_mine,best intruder smith 1039,smith,120,0,anchor,initiation,enemy,Q3_NE,0.342729,2.461464,chosen_action,,0.0,0.046047,0.0,0.282616,0.28384,0.0,2.461464,chasing_leader,leader_target,,,0,0,0,0.0,0.0,0.0
train,without_mine,best intruder smith 1039,best,130,1,sweeper,expansion,enemy,Q3_NE,1.0,1.498749,chosen_action,,0.0,0.0,0.0,0.081632,0.22432,0.0,1.498749,neutral,neutral,,,0,0,0,0.0,0.0,0.0
train,without_mine,best intruder smith 1039,best,130,1,expander,expansion,neutral,Q2_NW,0.176237,2.355539,chosen_action,,0.95,0.18,0.087774,0.225065,0.603987,0.0,2.355539,cash_in,cash_in,,,0,0,0,0.0,0.0,0.0
train,without_mine,best intruder smith 1039,1039,130,0,expander,expansion,neutral,Q1_SW,0.251945,2.57363,chosen_action,,0.0,0.18,0.054093,0.352669,0.538684,0.0,2.57363,cash_in,cash_in,,,0,0,0,0.0,0.0,0.0
train,without_mine,best intruder smith 1039,best,140,1,expander,expansion,enemy,Q2_NW,0.979302,2.41428,chosen_action,,0.0,0.18,0.025362,0.195326,0.255924,0.0,2.41428,chasing_leader,leader_target,,,0,0,0,0.0,0.0,0.0
train,without_mine,best intruder smith 1039,best,140,1,expander,expansion,neutral,Q2_NW,0.824474,2.273599,chosen_action,,0.0,0.18,0.161143,0.209836,0.570364,0.0,2.273599,cash_in,cash_in,,,0,0,0,0.0,0.0,0.0
train,without_mine,best intruder smith 1039,intruder,140,0,expander,expansion,enemy,Q3_NE,0.319561,3.486416,chosen_action,,0.95,0.18,0.07381,0.431395,0.334124,0.0,3.486416,chasing_leader,leader_target,,,0,0,0,0.0,0.0,0.0
train,without_mine,best intruder smith 1039,1039,140,0,expander,expansion,neutral,Q0_SE,0.227305,2.76473,chosen_action,,0.95,0.18,0.05733,0.399599,0.596809,0.0,2.76473,cash_in,cash_in,,,0,0,0,0.0,0.0,0.0
train,without_mine,best intruder smith 1039,best,150,1,expander,expansion,friendly,Q3_NE,1.0,1.783403,chosen_action,,0.0,0.0,0.0,0.141648,0.32848,0.0,1.783403,neutral,neutral,,,0,0,0,0.0,0.0,0.0
train,without_mine,best intruder smith 1039,best,150,1,expander,expansion,enemy,Q3_NE,1.0,1.167579,chosen_action,,0.0,0.0,0.017494,0.035332,0.06132,0.0,1.167579,neutral,neutral,,,0,0,0,0.0,0.0,0.0
train,without_mine,best intruder smith 1039,best,160,1,expander,expansion,neutral,Q2_NW,0.850818,1.738161,chosen_action,,0.0,0.18,0.065645,0.097935,0.37268,0.0,1.738161,cash_in,cash_in,,,0,0,0,0.0,0.0,0.0
train,without_mine,best intruder smith 1039,intruder,160,0,anchor,expansion,enemy,Q1_SW,0.40019,3.477929,chosen_action,,0.0,0.124123,0.15676,0.401211,0.159276,0.333333,3.477929,pressured,concentrated_inbound,22,Q2_NW,2,2,118,39.0,3.0256,3.345
train,without_mine,best intruder smith 1039,best,180,1,sweeper,expansion,friendly,Q1_SW,0.478117,1.330566,chosen_action,,0.0,0.110316,0.174248,0.069696,0.12096,0.0,1.330566,neutral,neutral,,,0,0,0,0.0,0.0,0.0
train,without_mine,best intruder smith 1039,best,180,1,sweeper,expansion,neutral,Q1_SW,1.0,1.744305,chosen_action,,0.0,0.0,0.0,0.100472,0.37272,0.0,1.744305,cash_in,cash_in,,,0,0,0,0.0,0.0,0.0
train,without_mine,best intruder smith 1039,1039,180,0,expander,initiation,enemy,Q2_NW,0.499788,3.462697,chosen_action,,0.0,0.052915,0.025873,0.474027,0.240764,0.0,3.462697,chasing_leader,leader_target,,,0,0,0,0.0,0.0,0.0
test,without_mine,best intruder,best,0,1,expander,initiation,neutral,Q0_SE,0.849779,2.055741,chosen_action,,0.0,0.147327,0.140337,0.166135,0.48668,0.0,2.055741,neutral,neutral,,,0,0,0,0.0,0.0,0.0
test,without_mine,best intruder,intruder,0,0,expander,initiation,neutral,Q2_NW,0.27991,2.055741,chosen_action,,0.0,0.147327,0.140337,0.166135,0.48668,0.0,2.055741,neutral,neutral,,,0,0,0,0.0,0.0,0.0
test,without_mine,best intruder,best,20,1,expander,established,neutral,Q3_NE,0.973152,2.177408,chosen_action,,0.0,0.18,0.0,0.191787,0.5312,0.0,2.177408,cash_in,cash_in,,,0,0,0,0.0,0.0,0.0
test,without_mine,best intruder,intruder,20,0,expander,established,neutral,Q1_SW,0.317152,2.177408,chosen_action,,0.0,0.18,0.0,0.191787,0.5312,0.0,2.177408,cash_in,cash_in,,,0,0,0,0.0,0.0,0.0
test,without_mine,best intruder,best,30,1,expander,attack,enemy,Q3_NE,0.93131,2.327709,chosen_action,,0.0,0.18,0.061685,0.201655,0.180547,0.0,2.327709,chasing_leader,leader_target,,,0,0,0,0.0,0.0,0.0
test,without_mine,best intruder,intruder,30,0,expander,attack,enemy,Q1_SW,0.324658,2.327709,chosen_action,,0.0,0.18,0.061685,0.201655,0.180547,0.0,2.327709,chasing_leader,leader_target,,,0,0,0,0.0,0.0,0.0
test,without_mine,best intruder,intruder,40,0,expander,attack,neutral,Q1_SW,0.493441,3.537891,chosen_action,,0.0,0.0,0.0,0.382772,0.532769,1.0,3.537891,cash_in,cash_in,,,0,0,0,0.0,0.0,0.0
test,without_mine,best intruder,best,50,1,expander,attack,neutral,Q1_SW,0.227729,2.002942,chosen_action,,0.0,0.18,0.202897,0.155003,0.46736,0.0,2.002942,pressured,concentrated_inbound,26,Q3_NE,2,2,153,47.0,3.2553,1.872
test,without_mine,best intruder,best,50,1,expander,attack,friendly,Q3_NE,1.0,2.092114,chosen_action,,0.0,0.0,0.0,0.20646,0.441933,0.0,2.092114,pressured,concentrated_inbound,26,Q3_NE,2,2,153,47.0,3.2553,1.872
test,without_mine,best intruder,intruder,50,0,expander,attack,neutral,Q3_NE,0.331793,2.333226,chosen_action,,0.0,0.18,0.020589,0.292621,0.46736,0.0,2.333226,cash_in,cash_in,,,0,0,0,0.0,0.0,0.0
test,without_mine,best intruder,intruder,50,0,expander,attack,friendly,Q3_NE,0.237135,1.675045,chosen_action,,0.0,0.18,0.065301,0.190549,0.16128,0.0,1.675045,neutral,neutral,,,0,0,0,0.0,0.0,0.0
test,without_mine,best intruder,best,60,1,expander,attack,enemy,Q3_NE,1.0,2.682826,chosen_action,,0.0,0.0,0.0,0.253763,0.35096,0.0,2.682826,cash_in,cash_in,,,0,0,0,0.0,0.0,0.0
test,without_mine,best intruder,best,60,1,expander,attack,neutral,Q0_SE,0.919128,1.37411,chosen_action,,0.0,0.02474,0.105094,0.045944,0.19544,0.0,1.37411,neutral,neutral,,,0,0,0,0.0,0.0,0.0
test,without_mine,best intruder,best,60,1,expander,attack,neutral,Q1_SW,1.0,1.37411,chosen_action,,0.0,0.028959,0.0,0.045944,0.19544,0.0,1.37411,neutral,neutral,,,0,0,0,0.0,0.0,0.0
test,without_mine,best intruder,best,60,1,expander,attack,friendly,Q1_SW,0.823898,2.00072,chosen_action,,0.0,0.18,0.125782,0.187467,0.408,0.0,2.00072,cash_in,cash_in,,,0,0,0,0.0,0.0,0.0
test,without_mine,best intruder,intruder,60,0,expander,attack,unknown,unknown,0.084656,1.0,chosen_action,,0.0,0.18,0.216722,0.0,0.0,0.0,1.0,neutral,neutral,,,0,0,0,0.0,0.0,0.0
test,without_mine,best intruder,intruder,60,0,expander,attack,neutral,Q3_NE,0.243314,1.454647,chosen_action,,0.0,0.075023,0.003553,0.079501,0.19544,0.0,1.454647,neutral,neutral,,,0,0,0,0.0,0.0,0.0
test,without_mine,best intruder,best,70,1,expander,attack,enemy,Q3_NE,1.0,2.666254,chosen_action,,0.0,0.0,0.0,0.250683,0.34416,0.0,2.666254,chasing_leader,leader_target,,,0,0,0,0.0,0.0,0.0
test,without_mine,best intruder,best,70,1,expander,attack,unknown,unknown,0.24,1.0,chosen_action,,0.0,0.18,0.4,0.0,0.0,0.0,1.0,neutral,neutral,,,0,0,0,0.0,0.0,0.0
test,without_mine,best intruder,best,70,1,expander,attack,friendly,Q1_SW,0.78582,1.5739,chosen_action,,0.0,0.18,0.10828,0.121,0.21,0.0,1.5739,neutral,neutral,,,0,0,0,0.0,0.0,0.0
test,without_mine,best intruder,best,70,1,expander,attack,neutral,Q1_SW,0.67239,1.37411,chosen_action,,0.0,0.130791,0.245782,0.045944,0.19544,0.0,1.37411,neutral,neutral,,,0,0,0,0.0,0.0,0.0
test,without_mine,best intruder,intruder,70,0,expander,attack,enemy,Q1_SW,0.56603,4.241507,chosen_action,,0.0,0.18,0.065669,0.685211,0.442222,0.0,4.241507,overtake_window,overtake_window,,,0,0,0,0.0,0.0,0.0
test,without_mine,best intruder,intruder,70,0,expander,attack,neutral,Q2_NW,0.20818,1.454647,chosen_action,,0.0,0.18,0.074246,0.079501,0.19544,0.0,1.454647,neutral,neutral,,,0,0,0,0.0,0.0,0.0
test,without_mine,best intruder,intruder,70,0,expander,attack,enemy,Q1_SW,0.51598,3.824499,chosen_action,,0.0,0.18,0.046984,0.594483,0.294622,0.0,3.824499,overtake_window,overtake_window,,,0,0,0,0.0,0.0,0.0
test,without_mine,best intruder,best,80,1,expander,established,friendly,Q0_SE,0.798414,1.454529,chosen_action,,0.0,0.18,0.080274,0.095832,0.16632,0.0,1.454529,neutral,neutral,,,0,0,0,0.0,0.0,0.0
test,without_mine,best intruder,best,80,1,expander,established,friendly,Q3_NE,1.0,1.420095,chosen_action,,0.0,0.0,0.0,0.088572,0.15372,0.0,1.420095,neutral,neutral,,,0,0,0,0.0,0.0,0.0
test,without_mine,best intruder,intruder,80,0,attacker,attack,friendly,Q1_SW,0.259942,2.094674,chosen_action,,0.0,0.0,0.4,0.300744,0.276213,0.0,2.094674,neutral,neutral,,,0,0,0,0.0,0.0,0.0
test,without_mine,best intruder,intruder,80,0,expander,attack,friendly,Q1_SW,0.257248,2.073579,chosen_action,,0.0,0.0,0.4,0.294789,0.271173,0.0,2.073579,neutral,neutral,,,0,0,0,0.0,0.0,0.0
test,without_mine,best intruder,intruder,80,0,expander,attack,neutral,Q3_NE,0.269536,1.848692,chosen_action,,0.0,0.18,0.022843,0.152737,0.357129,0.0,1.848692,cash_in,cash_in,,,0,0,0,0.0,0.0,0.0
test,without_mine,best intruder,intruder,80,0,expander,attack,enemy,Q3_NE,0.498894,3.707259,chosen_action,,0.0,0.18,0.060306,0.53394,0.315409,0.0,3.707259,chasing_leader,leader_target,,,0,0,0,0.0,0.0,0.0
test,without_mine,best intruder,intruder,80,0,anchor,attack,friendly,Q2_NW,0.092929,1.727783,chosen_action,,0.95,0.176798,0.01905,0.205435,0.17388,0.0,1.727783,neutral,neutral,,,0,0,0,0.0,0.0,0.0
test,without_mine,best intruder,intruder,80,0,feeder,attack,friendly,Q2_NW,0.345501,2.388379,chosen_action,,0.0,0.029427,0.0,0.357024,0.39372,0.0,2.388379,cash_in,cash_in,,,0,0,0,0.0,0.0,0.0
test,without_mine,best intruder,best,90,1,expander,established,friendly,Q3_NE,0.99182,1.587674,chosen_action,,0.0,0.084058,0.0,0.123904,0.21504,0.0,1.587674,pressured,concentrated_inbound,22,Q1_SW,2,3,229,46.0,4.9783,0.74
test,without_mine,best intruder,intruder,90,0,anchor,attack,friendly,Q2_NW,0.332595,2.223134,chosen_action,,0.0,0.016473,0.0,0.310379,0.35424,0.0,2.223134,cash_in,cash_in,,,0,0,0,0.0,0.0,0.0
test,without_mine,best intruder,best,100,1,expander,established,friendly,Q0_SE,0.836453,1.482076,chosen_action,,0.0,0.18,0.045791,0.10164,0.1764,0.0,1.482076,neutral,neutral,,,0,0,0,0.0,0.0,0.0
test,without_mine,best intruder,intruder,100,0,expander,attack,enemy,Q2_NW,0.606917,4.217401,chosen_action,,0.0,0.023295,0.0,0.703867,0.3912,0.0,4.217401,overtake_window,overtake_window,,,0,0,0,0.0,0.0,0.0
test,without_mine,intruder smith,intruder,20,1,expander,expansion,neutral,Q3_NE,0.487932,1.521028,chosen_action,,0.0,0.18,0.4,0.07692,0.2492,0.0,1.521028,neutral,neutral,,,0,0,0,0.0,0.0,0.0
test,without_mine,intruder smith,intruder,40,1,expander,expansion,friendly,Q0_SE,1.0,1.420095,chosen_action,,0.0,0.0,0.0,0.088572,0.15372,0.0,1.420095,neutral,neutral,,,0,0,0,0.0,0.0,0.0
test,without_mine,intruder smith,intruder,40,1,expander,expansion,enemy,Q3_NE,0.181598,2.394034,chosen_action,,0.95,0.18,0.162598,0.213637,0.208373,0.0,2.394034,chasing_leader,leader_target,,,0,0,0,0.0,0.0,0.0
test,without_mine,intruder smith,smith,40,0,expander,expansion,enemy,Q1_SW,0.55465,4.78579,chosen_action,,0.0,0.18,0.05415,0.597911,0.333929,1.0,4.78579,overtake_window,overtake_window,,,0,0,0,0.0,0.0,0.0
test,without_mine,intruder smith,intruder,50,1,expander,expansion,neutral,Q3_NE,0.402065,3.626085,chosen_action,,0.0,0.18,0.4,0.403962,0.560427,1.0,3.626085,pressured,concentrated_inbound,14,Q0_SE,2,2,74,94.0,0.7872,0.386
test,without_mine,intruder smith,intruder,50,1,expander,expansion,friendly,Q1_SW,0.210185,2.769085,chosen_action,,0.95,0.056669,0.023305,0.284629,0.13776,1.0,2.769085,pressured,concentrated_inbound,14,Q0_SE,2,2,74,94.0,0.7872,0.386
test,without_mine,intruder smith,smith,50,0,expander,attack,enemy,Q1_SW,0.337962,2.445555,chosen_action,,0.0,0.18,0.071535,0.223557,0.228902,0.0,2.445555,chasing_leader,leader_target,,,0,0,0,0.0,0.0,0.0
test,without_mine,intruder smith,intruder,60,1,expander,expansion,neutral,Q3_NE,0.116865,1.895583,chosen_action,,0.95,0.18,0.070339,0.127307,0.437071,0.0,1.895583,pressured,concentrated_inbound,12,Q1_SW,4,4,105,114.0,0.9211,8.588
test,without_mine,intruder smith,intruder,60,1,expander,expansion,enemy,Q3_NE,0.195533,2.501667,chosen_action,,0.95,0.18,0.037386,0.234444,0.251111,0.0,2.501667,pressured,concentrated_inbound,12,Q1_SW,4,4,105,114.0,0.9211,8.588
test,without_mine,intruder smith,smith,60,0,expander,attack,enemy,Q1_SW,0.599436,4.562433,chosen_action,,0.0,0.18,0.025148,0.559603,0.236582,1.0,4.562433,pressured,concentrated_inbound,2,Q3_NE,2,2,159,56.0,2.8393,5.904
test,without_mine,intruder smith,intruder,70,1,expander,expansion,enemy,Q3_NE,1.0,2.585305,chosen_action,,0.0,0.133561,0.0,0.257139,0.27272,0.0,2.585305,pressured,concentrated_inbound,24,Q2_NW,4,4,76,77.0,0.987,6.777
test,without_mine,intruder smith,intruder,70,1,expander,expansion,friendly,Q3_NE,0.082992,1.642768,chosen_action,,0.95,0.18,0.054387,0.13552,0.2352,0.0,1.642768,pressured,concentrated_inbound,24,Q2_NW,4,4,76,77.0,0.987,6.777
test,without_mine,intruder smith,intruder,70,1,expander,expansion,friendly,Q0_SE,0.851503,1.293837,chosen_action,,0.0,0.163315,0.023121,0.061952,0.10752,0.0,1.293837,pressured,concentrated_inbound,24,Q2_NW,4,4,76,77.0,0.987,6.777
test,without_mine,intruder smith,intruder,80,1,expander,attack,enemy,Q3_NE,1.0,2.165975,chosen_action,,0.0,0.0,0.080207,0.168728,0.11928,0.0,2.165975,chasing_leader,leader_target,,,0,0,0,0.0,0.0,0.0
test,without_mine,intruder smith,smith,80,0,feeder,attack,enemy,Q3_NE,0.465197,3.515308,chosen_action,,0.0,0.04473,0.012396,0.503471,0.227391,0.0,3.515308,chasing_leader,leader_target,,,0,0,0,0.0,0.0,0.0
test,without_mine,intruder smith,smith,80,0,expander,attack,friendly,Q2_NW,0.256972,2.180157,chosen_action,,0.0,0.178712,0.009888,0.33313,0.28196,0.0,2.180157,neutral,neutral,,,0,0,0,0.0,0.0,0.0
test,without_mine,intruder smith,intruder,90,1,expander,established,friendly,Q1_SW,1.0,1.40173,chosen_action,,0.0,0.0,0.0,0.0847,0.147,0.0,1.40173,neutral,neutral,,,0,0,0,0.0,0.0,0.0
test,without_mine,intruder smith,intruder,100,1,expander,established,unknown,unknown,0.626569,1.0,chosen_action,,0.0,0.18,0.013431,0.0,0.0,0.0,1.0,neutral,neutral,,,0,0,0,0.0,0.0,0.0
test,without_mine,intruder smith,intruder,100,1,expander,established,friendly,Q2_NW,1.0,1.801768,chosen_action,,0.0,0.0,0.0,0.14552,0.3352,0.0,1.801768,neutral,neutral,,,0,0,0,0.0,0.0,0.0
test,without_mine,intruder smith,intruder,100,1,expander,established,friendly,Q2_NW,0.897048,1.801768,chosen_action,,0.0,0.18,0.026944,0.14552,0.3352,0.0,1.801768,neutral,neutral,,,0,0,0,0.0,0.0,0.0
test,without_mine,best smith,best,0,1,anchor,initiation,neutral,Q0_SE,0.563478,1.922596,chosen_action,,0.0,0.176528,0.100245,0.138063,0.43796,0.0,1.922596,neutral,neutral,,,0,0,0,0.0,0.0,0.0
test,without_mine,best smith,smith,0,0,anchor,initiation,neutral,Q2_NW,0.24897,1.647124,chosen_action,,0.0,0.012681,0.069033,0.079983,0.33716,0.0,1.647124,neutral,neutral,,,0,0,0,0.0,0.0,0.0
test,without_mine,best smith,smith,10,0,expander,expansion,neutral,Q1_SW,0.189941,1.922596,chosen_action,,0.0,0.18,0.131551,0.138063,0.43796,0.0,1.922596,neutral,neutral,,,0,0,0,0.0,0.0,0.0
test,without_mine,best smith,best,50,1,expander,attack,neutral,Q3_NE,0.377015,1.920614,chosen_action,,0.0,0.18,0.22222,0.175707,0.369569,0.0,1.920614,cash_in,cash_in,,,0,0,0,0.0,0.0,0.0
test,without_mine,best smith,best,60,1,sweeper,attack,neutral,Q3_NE,1.0,1.877572,chosen_action,,0.0,0.0,0.095559,0.15539,0.373804,0.0,1.877572,cash_in,cash_in,,,0,0,0,0.0,0.0,0.0
test,without_mine,best smith,smith,60,0,expander,attack,unknown,unknown,0.083898,1.0,chosen_action,,0.0,0.18,0.220508,0.0,0.0,0.0,1.0,neutral,neutral,,,0,0,0,0.0,0.0,0.0
test,without_mine,best smith,best,70,1,expander,attack,enemy,Q1_SW,1.0,2.645594,chosen_action,,0.0,0.0,0.0,0.246327,0.3366,0.0,2.645594,pressured,concentrated_inbound,22,Q3_NE,2,4,44,36.0,1.2222,5.324
test,without_mine,best smith,best,70,1,attacker,attack,friendly,Q1_SW,0.957791,1.44748,chosen_action,,0.0,0.0,0.100457,0.070823,0.20556,0.0,1.44748,pressured,concentrated_inbound,22,Q3_NE,2,4,44,36.0,1.2222,5.324
test,without_mine,best smith,smith,70,0,expander,attack,enemy,Q1_SW,0.425944,3.069424,chosen_action,,0.0,0.18,0.016143,0.370858,0.132862,0.0,3.069424,pressured,concentrated_inbound,29,Q1_SW,2,2,73,82.0,0.8902,7.854
test,without_mine,best smith,best,80,1,expander,established,friendly,Q3_NE,1.0,1.555101,chosen_action,,0.0,0.0,0.0,0.091742,0.248089,0.0,1.555101,pressured,concentrated_inbound,26,Q1_SW,3,3,74,51.0,1.451,6.533
test,without_mine,best smith,best,90,1,sweeper,established,friendly,Q3_NE,0.889899,1.417638,chosen_action,,0.0,0.117234,0.047261,0.064531,0.19464,0.0,1.417638,pressured,concentrated_inbound,6,Q3_NE,2,2,30,30.0,1.0,1.119
test,without_mine,best smith,smith,90,0,expander,attack,enemy,Q1_SW,0.451766,3.901783,chosen_action,,0.0,0.18,0.0,0.59026,0.359378,0.0,3.901783,overtake_window,overtake_window,,,0,0,0,0.0,0.0,0.0
test,without_mine,best smith,best,100,1,expander,attack,enemy,Q2_NW,0.562655,2.564288,chosen_action,,0.0,0.18,0.041441,0.223779,0.316458,0.0,2.564288,pressured,concentrated_inbound,22,Q3_NE,3,6,110,94.0,1.1702,7.036
test,without_mine,best smith,smith,100,0,expander,attack,enemy,Q0_SE,0.374895,3.919708,chosen_action,,0.95,0.18,0.024105,0.553296,0.438369,0.0,3.919708,overtake_window,overtake_window,,,0,0,0,0.0,0.0,0.0
test,without_mine,best smith,smith,110,0,attacker,attack,enemy,Q2_NW,0.455099,3.044582,chosen_action,,0.0,0.033229,0.0,0.376652,0.10416,0.0,3.044582,chasing_leader,leader_target,,,0,0,0,0.0,0.0,0.0
test,without_mine,best smith,best,130,1,attacker,established,friendly,Q2_NW,0.909962,1.69311,chosen_action,,0.0,0.18,0.0,0.122611,0.29544,0.0,1.69311,pressured,concentrated_inbound,2,Q3_NE,2,2,37,47.0,0.7872,0.363
test,without_mine,best smith,best,130,1,expander,established,friendly,Q2_NW,0.629962,1.69311,chosen_action,,0.0,0.18,0.0,0.122611,0.29544,0.0,1.69311,pressured,concentrated_inbound,2,Q3_NE,2,2,37,47.0,0.7872,0.363
test,without_mine,best smith,best,130,1,expander,attack,enemy,Q2_NW,0.975574,2.253046,chosen_action,,0.0,0.18,0.008227,0.163563,0.19296,0.0,2.253046,pressured,concentrated_inbound,2,Q3_NE,2,2,37,47.0,0.7872,0.363
test,without_mine,best smith,smith,130,0,expander,expansion,enemy,Q2_NW,0.551688,3.762797,chosen_action,,0.0,0.011416,0.0,0.553439,0.321884,0.0,3.762797,overtake_window,overtake_window,,,0,0,0,0.0,0.0,0.0
test,without_mine,intruder 1200,intruder,0,1,anchor,initiation,neutral,Q0_SE,1.0,2.172817,chosen_action,,0.0,0.018563,0.0,0.190819,0.52952,0.0,2.172817,neutral,neutral,,,0,0,0,0.0,0.0,0.0
test,without_mine,intruder 1200,1200,0,0,anchor,initiation,neutral,Q2_NW,0.326964,2.172817,chosen_action,,0.0,0.018563,0.0,0.190819,0.52952,0.0,2.172817,neutral,neutral,,,0,0,0,0.0,0.0,0.0
test,without_mine,intruder 1200,1200,20,0,attacker,established,neutral,Q2_NW,0.447333,3.481477,chosen_action,,0.0,0.18,0.100269,0.373851,0.50684,1.0,3.481477,cash_in,cash_in,,,0,0,0,0.0,0.0,0.0
test,without_mine,intruder 1200,1200,20,0,anchor,established,neutral,Q2_NW,0.412801,3.481477,chosen_action,,0.0,0.172925,0.0,0.373851,0.50684,1.0,3.481477,cash_in,cash_in,,,0,0,0,0.0,0.0,0.0
test,without_mine,intruder 1200,1200,40,0,feeder,attack,enemy,Q0_SE,0.549403,5.109945,chosen_action,,0.0,0.18,0.102462,0.738203,0.324636,1.0,5.109945,overtake_window,overtake_window,,,0,0,0,0.0,0.0,0.0
test,without_mine,intruder 1200,intruder,50,1,expander,established,neutral,Q3_NE,0.763416,1.84414,chosen_action,,0.0,0.061714,0.0,0.121015,0.410151,0.0,1.84414,pressured,concentrated_inbound,15,Q3_NE,3,5,60,101.0,0.5941,8.718
test,without_mine,intruder 1200,intruder,50,1,expander,established,neutral,Q3_NE,0.110132,1.84414,chosen_action,,0.95,0.18,0.121727,0.121015,0.410151,0.0,1.84414,pressured,concentrated_inbound,15,Q3_NE,3,5,60,101.0,0.5941,8.718
test,without_mine,intruder 1200,1200,50,0,expander,attack,enemy,Q1_SW,0.499478,3.531981,chosen_action,,0.0,0.123391,0.0,0.505413,0.236289,0.0,3.531981,chasing_leader,leader_target,,,0,0,0,0.0,0.0,0.0
test,without_mine,intruder 1200,1200,50,0,feeder,attack,friendly,Q2_NW,0.286199,2.223134,chosen_action,,0.0,0.087972,0.0,0.310379,0.35424,0.0,2.223134,cash_in,cash_in,,,0,0,0,0.0,0.0,0.0
test,without_mine,intruder 1200,intruder,60,1,expander,attack,friendly,Q3_NE,1.0,1.989242,chosen_action,,0.0,0.0,0.0,0.185047,0.4038,0.0,1.989242,pressured,concentrated_inbound,9,Q1_SW,2,3,62,74.0,0.8378,5.726
test,without_mine,intruder 1200,1200,60,0,expander,attack,enemy,Q3_NE,0.472814,3.609668,chosen_action,,0.0,0.18,0.127464,0.515803,0.275364,0.0,3.609668,chasing_leader,leader_target,,,0,0,0,0.0,0.0,0.0
test,without_mine,intruder 1200,1200,60,0,attacker,attack,enemy,Q0_SE,0.436803,3.755317,chosen_action,,0.0,0.18,0.4,0.561959,0.301196,0.0,3.755317,overtake_window,overtake_window,,,0,0,0,0.0,0.0,0.0
test,without_mine,intruder 1200,1200,60,0,feeder,attack,friendly,Q2_NW,0.267995,2.237197,chosen_action,,0.0,0.087972,0.1,0.314349,0.3576,0.0,2.237197,cash_in,cash_in,,,0,0,0,0.0,0.0,0.0
test,without_mine,intruder 1200,intruder,70,1,expander,attack,enemy,Q2_NW,1.0,2.867735,chosen_action,,0.0,0.044714,0.026274,0.289505,0.424387,0.0,2.867735,pressured,concentrated_inbound,9,Q1_SW,2,2,34,50.0,0.68,6.683
test,without_mine,intruder 1200,intruder,70,1,expander,attack,friendly,Q3_NE,1.0,1.840028,chosen_action,,0.0,0.095693,0.0,0.153587,0.3492,0.0,1.840028,pressured,concentrated_inbound,9,Q1_SW,2,2,34,50.0,0.68,6.683
test,without_mine,intruder 1200,intruder,70,1,expander,attack,friendly,Q3_NE,0.592988,1.426982,chosen_action,,0.0,0.18,0.002143,0.090024,0.15624,0.0,1.426982,pressured,concentrated_inbound,9,Q1_SW,2,2,34,50.0,0.68,6.683
test,without_mine,intruder 1200,intruder,70,1,expander,attack,enemy,Q3_NE,0.132526,2.014466,chosen_action,,0.95,0.168739,0.0,0.136784,0.06384,0.0,2.014466,pressured,concentrated_inbound,9,Q1_SW,2,2,34,50.0,0.68,6.683
test,without_mine,intruder 1200,intruder,70,1,anchor,attack,enemy,Q2_NW,0.201296,2.546512,chosen_action,,0.95,0.18,0.005557,0.245303,0.265027,0.0,2.546512,pressured,concentrated_inbound,9,Q1_SW,2,2,34,50.0,0.68,6.683
test,without_mine,intruder 1200,intruder,80,1,feeder,attack,friendly,Q0_SE,0.073957,1.569147,chosen_action,,0.95,0.18,0.142374,0.096475,0.25008,0.0,1.569147,pressured,concentrated_inbound,9,Q1_SW,2,2,34,50.0,0.68,6.683
test,without_mine,intruder 1200,intruder,80,1,expander,attack,friendly,Q3_NE,1.0,1.587674,chosen_action,,0.0,0.012943,0.030786,0.123904,0.21504,0.0,1.587674,pressured,concentrated_inbound,9,Q1_SW,2,2,34,50.0,0.68,6.683
test,without_mine,best 1039,best,20,1,expander,established,neutral,Q1_SW,1.0,2.275354,chosen_action,,0.0,0.127336,0.028078,0.212437,0.56704,0.0,2.275354,cash_in,cash_in,,,0,0,0,0.0,0.0,0.0
test,without_mine,best 1039,best,60,1,anchor,established,friendly,Q2_NW,0.080621,1.624403,chosen_action,,0.95,0.18,0.023468,0.131648,0.22848,0.0,1.624403,pressured,concentrated_inbound,24,Q2_NW,2,2,143,236.0,0.6059,4.164
test,without_mine,best 1039,1039,60,0,expander,attack,enemy,Q2_NW,0.458202,3.686629,chosen_action,,0.0,0.18,0.252239,0.511712,0.339644,0.0,3.686629,chasing_leader,leader_target,,,0,0,0,0.0,0.0,0.0
test,without_mine,best 1039,1039,60,0,anchor,attack,neutral,Q0_SE,0.259915,2.386398,chosen_action,,0.0,0.16981,0.008079,0.268038,0.550449,0.0,2.386398,cash_in,cash_in,,,0,0,0,0.0,0.0,0.0
test,without_mine,best 1039,1039,70,0,attacker,attack,neutral,Q0_SE,0.200997,1.903024,chosen_action,,0.0,0.18,0.4,0.170293,0.366164,0.0,1.903024,pressured,concentrated_inbound,11,Q2_NW,2,2,182,60.0,3.0333,6.305
test,without_mine,best 1039,1039,70,0,feeder,attack,enemy,Q2_NW,0.415347,3.316223,chosen_action,,0.0,0.087683,4.7e-05,0.382716,0.294596,0.0,3.316223,pressured,concentrated_inbound,11,Q2_NW,2,2,182,60.0,3.0333,6.305
test,without_mine,best 1039,best,80,1,expander,attack,enemy,Q3_NE,1.0,2.198717,chosen_action,,0.0,0.045667,0.0,0.152108,0.17308,0.0,2.198717,chasing_leader,leader_target,,,0,0,0,0.0,0.0,0.0
train,without_mine,best 1039,best,0,0,expander,initiation,neutral,Q0_SE,0.272717,1.99223,chosen_action,,0.0,0.13835,0.144276,0.152744,0.46344,0.0,1.99223,neutral,neutral,,,0,0,0,0.0,0.0,0.0
train,without_mine,best 1039,1039,0,1,expander,initiation,neutral,Q2_NW,0.98076,2.236328,chosen_action,,0.0,0.18,0.0,0.204209,0.55276,0.0,2.236328,neutral,neutral,,,0,0,0,0.0,0.0,0.0
train,without_mine,best 1039,best,10,0,expander,expansion,neutral,Q0_SE,0.32476,2.236328,chosen_action,,0.0,0.18,0.0,0.204209,0.55276,0.0,2.236328,neutral,neutral,,,0,0,0,0.0,0.0,0.0
train,without_mine,best 1039,1039,20,1,anchor,expansion,neutral,Q1_SW,0.526491,2.004198,chosen_action,,0.0,0.18,0.084303,0.154968,0.468351,0.0,2.004198,cash_in,cash_in,,,0,0,0,0.0,0.0,0.0
train,without_mine,best 1039,1039,20,1,expander,expansion,neutral,Q3_NE,0.497587,1.99223,chosen_action,,0.0,0.18,0.111655,0.152744,0.46344,0.0,1.99223,cash_in,cash_in,,,0,0,0,0.0,0.0,0.0
train,without_mine,best 1039,1039,30,1,anchor,expansion,neutral,Q1_SW,0.701972,3.506825,chosen_action,,0.0,0.18,0.084303,0.398413,0.481951,1.0,3.506825,cash_in,cash_in,,,0,0,0,0.0,0.0,0.0
train,without_mine,best 1039,1039,40,1,anchor,expansion,neutral,Q1_SW,0.575656,2.395075,chosen_action,,0.0,0.18,0.084303,0.302534,0.495551,0.0,2.395075,cash_in,cash_in,,,0,0,0,0.0,0.0,0.0
train,without_mine,best 1039,1039,40,1,expander,expansion,neutral,Q3_NE,0.642844,2.316819,chosen_action,,0.0,0.18,0.006972,0.287989,0.46344,0.0,2.316819,cash_in,cash_in,,,0,0,0,0.0,0.0,0.0
train,without_mine,best 1039,best,50,0,expander,expansion,neutral,Q1_SW,0.09788,1.401657,chosen_action,,0.0,0.18,0.253198,0.051752,0.20552,0.0,1.401657,neutral,neutral,,,0,0,0,0.0,0.0,0.0
train,without_mine,best 1039,best,50,0,expander,expansion,friendly,Q1_SW,0.330174,2.004546,chosen_action,,0.0,0.0,0.0,0.188273,0.4094,0.0,2.004546,cash_in,cash_in,,,0,0,0,0.0,0.0,0.0
train,without_mine,best 1039,1039,50,1,anchor,expansion,neutral,Q3_NE,0.615276,2.690672,chosen_action,,0.0,0.18,0.082277,0.393519,0.55276,0.0,2.690672,cash_in,cash_in,,,0,0,0,0.0,0.0,0.0
train,without_mine,best 1039,1039,60,1,expander,expansion,enemy,Q1_SW,1.0,3.007383,chosen_action,,0.0,0.0,0.0,0.319684,0.474178,0.0,3.007383,cash_in,cash_in,,,0,0,0,0.0,0.0,0.0
train,without_mine,best 1039,best,70,0,expander,expansion,friendly,Q0_SE,0.518718,3.686543,chosen_action,,0.0,0.0,0.0,0.455043,0.5144,1.0,3.686543,cash_in,cash_in,,,0,0,0,0.0,0.0,0.0
train,without_mine,best 1039,best,80,0,expander,expansion,neutral,Q1_SW,0.110231,1.535512,chosen_action,,0.0,0.115618,0.4,0.102327,0.21476,0.0,1.535512,neutral,neutral,,,0,0,0,0.0,0.0,0.0
train,without_mine,best 1039,1039,80,1,expander,expansion,neutral,Q3_NE,1.0,1.644829,chosen_action,,0.0,0.025232,0.0,0.079499,0.33632,0.0,1.644829,neutral,neutral,,,0,0,0,0.0,0.0,0.0
train,without_mine,best 1039,1039,90,1,expander,expansion,friendly,Q2_NW,0.712252,1.156101,chosen_action,,0.0,0.04183,0.105781,0.032912,0.05712,0.0,1.156101,neutral,neutral,,,0,0,0,0.0,0.0,0.0
train,without_mine,best 1039,best,100,0,expander,expansion,friendly,Q1_SW,0.26311,2.115314,chosen_action,,0.0,0.0,0.4,0.279944,0.32848,0.0,2.115314,neutral,neutral,,,0,0,0,0.0,0.0,0.0
train,without_mine,best 1039,best,110,0,expander,expansion,friendly,Q1_SW,0.244578,1.639501,chosen_action,,0.0,0.0,0.188881,0.145634,0.2148,0.0,1.639501,pressured,concentrated_inbound,26,Q2_NW,2,2,203,16.0,12.6875,0.297
train,without_mine,best 1039,best,120,0,expander,expansion,enemy,Q3_NE,0.483298,3.616163,chosen_action,,0.0,0.18,0.084409,0.465454,0.369684,0.0,3.616163,cash_in,cash_in,,,0,0,0,0.0,0.0,0.0
train,without_mine,best 1039,best,120,0,expander,expansion,friendly,Q1_SW,0.255337,2.171568,chosen_action,,0.0,0.074778,0.4,0.295823,0.34192,0.0,2.171568,neutral,neutral,,,0,0,0,0.0,0.0,0.0
train,without_mine,best 1039,best,140,0,expander,expansion,enemy,Q0_SE,0.425872,2.762291,chosen_action,,0.0,0.0,0.0,0.288326,0.05208,0.0,2.762291,chasing_leader,leader_target,,,0,0,0,0.0,0.0,0.0
train,without_mine,best 1039,1039,140,1,expander,expansion,enemy,Q0_SE,0.478801,2.53655,chosen_action,,0.0,0.11452,0.266802,0.237544,0.27144,0.0,2.53655,pressured,concentrated_inbound,12,Q0_SE,2,2,65,10.0,6.5,5.477
train,without_mine,best 1039,best,150,0,expander,expansion,friendly,Q0_SE,0.211243,1.24611,chosen_action,,0.0,0.0,0.100911,0.069471,0.0588,0.0,1.24611,neutral,neutral,,,0,0,0,0.0,0.0,0.0
train,without_mine,best 1039,best,150,0,expander,expansion,enemy,Q2_NW,0.46745,4.125499,chosen_action,,0.0,0.18,0.085855,0.638972,0.438493,0.0,4.125499,overtake_window,overtake_window,,,0,0,0,0.0,0.0,0.0
train,without_mine,best 1039,best,160,0,expander,expansion,friendly,Q0_SE,0.232565,1.569184,chosen_action,,0.0,0.17871,0.025344,0.125785,0.198,0.0,1.569184,neutral,neutral,,,0,0,0,0.0,0.0,0.0
train,without_mine,best 1039,best,170,0,expander,expansion,neutral,Q3_NE,0.170552,1.865684,chosen_action,,0.0,0.18,0.00867,0.156912,0.362293,0.0,1.865684,pressured,concentrated_inbound,8,Q0_SE,3,3,423,170.0,2.4882,3.928
train,without_mine,best 1039,1039,180,1,expander,expansion,enemy,Q1_SW,0.443252,2.044308,chosen_action,,0.0,0.068844,0.343019,0.143076,0.07476,0.0,2.044308,chasing_leader,leader_target,,,0,0,0,0.0,0.0,0.0
train,without_mine,best 1039,1039,350,1,expander,expansion,neutral,Q2_NW,1.0,1.364927,chosen_action,,0.0,0.019632,0.022976,0.044008,0.19208,0.0,1.364927,neutral,neutral,,,0,0,0,0.0,0.0,0.0
test,without_mine,best 1200,best,0,1,expander,initiation,neutral,Q0_SE,0.787759,1.640238,chosen_action,,0.0,0.141369,0.154667,0.078531,0.33464,0.0,1.640238,neutral,neutral,,,0,0,0,0.0,0.0,0.0
test,without_mine,best 1200,best,50,1,expander,established,neutral,Q1_SW,1.0,3.838695,chosen_action,,0.0,0.176849,0.0,0.52033,0.51104,1.0,3.838695,cash_in,cash_in,,,0,0,0,0.0,0.0,0.0
test,without_mine,best 1200,1200,50,0,anchor,expansion,neutral,Q2_NW,0.283794,1.640238,chosen_action,,0.0,0.0,0.0,0.078531,0.33464,0.0,1.640238,neutral,neutral,,,0,0,0,0.0,0.0,0.0
test,without_mine,best 1200,1200,50,0,expander,expansion,neutral,Q3_NE,0.283794,1.640238,chosen_action,,0.0,0.0,0.0,0.078531,0.33464,0.0,1.640238,neutral,neutral,,,0,0,0,0.0,0.0,0.0
test,without_mine,best 1200,1200,50,0,expander,expansion,neutral,Q2_NW,0.258526,1.64942,chosen_action,,0.0,0.116362,0.015909,0.080467,0.338,0.0,1.64942,neutral,neutral,,,0,0,0,0.0,0.0,0.0
test,without_mine,best 1200,1200,50,0,expander,expansion,neutral,Q3_NE,0.25858,1.64942,chosen_action,,0.0,0.116362,0.015639,0.080467,0.338,0.0,1.64942,neutral,neutral,,,0,0,0,0.0,0.0,0.0
test,without_mine,best 1200,1200,60,0,expander,established,neutral,Q0_SE,0.349657,3.285636,chosen_action,,0.0,0.18,0.040057,0.354163,0.396773,1.0,3.285636,cash_in,cash_in,,,0,0,0,0.0,0.0,0.0
test,without_mine,best 1200,1200,60,0,expander,established,neutral,Q1_SW,0.085721,1.661303,chosen_action,,0.95,0.18,0.059864,0.122655,0.2718,0.0,1.661303,neutral,neutral,,,0,0,0,0.0,0.0,0.0
test,without_mine,best 1200,best,70,1,expander,attack,enemy,Q0_SE,0.23825,2.446038,chosen_action,,0.95,0.0,0.0,0.227776,0.22176,0.0,2.446038,pressured,concentrated_inbound,20,Q2_NW,2,2,39,42.0,0.9286,4.411
test,without_mine,best 1200,best,70,1,sweeper,attack,unknown,unknown,0.594689,1.0,chosen_action,,0.0,0.18,0.045311,0.0,0.0,0.0,1.0,pressured,concentrated_inbound,20,Q2_NW,2,2,39,42.0,0.9286,4.411
test,without_mine,best 1200,best,70,1,expander,attack,enemy,Q0_SE,0.649358,2.446038,chosen_action,,0.0,0.177168,0.081723,0.227776,0.22176,0.0,2.446038,pressured,concentrated_inbound,20,Q2_NW,2,2,39,42.0,0.9286,4.411
test,without_mine,best 1200,1200,70,0,expander,attack,enemy,Q0_SE,0.491808,4.364181,chosen_action,,0.0,0.18,0.018852,0.482268,0.227213,1.0,4.364181,chasing_leader,leader_target,,,0,0,0,0.0,0.0,0.0
test,without_mine,best 1200,1200,70,0,expander,attack,friendly,Q3_NE,0.394776,2.99295,chosen_action,,0.0,0.18,0.041687,0.330656,0.22176,1.0,2.99295,neutral,neutral,,,0,0,0,0.0,0.0,0.0
test,without_mine,best 1200,1200,70,0,expander,attack,neutral,Q1_SW,0.290304,2.949685,chosen_action,,0.0,0.18,0.019814,0.284576,0.271631,1.0,2.949685,neutral,neutral,,,0,0,0,0.0,0.0,0.0
test,without_mine,best 1200,1200,70,0,expander,attack,friendly,Q2_NW,0.413776,2.793071,chosen_action,,0.0,0.0,0.0,0.264991,0.19044,1.0,2.793071,neutral,neutral,,,0,0,0,0.0,0.0,0.0
test,without_mine,best 1200,best,80,1,sweeper,attack,enemy,Q2_NW,1.0,2.26682,chosen_action,,0.0,0.031747,0.026109,0.166467,0.198,0.0,2.26682,pressured,concentrated_inbound,24,Q0_SE,2,2,47,65.0,0.7231,6.541
test,without_mine,best 1200,best,80,1,expander,attack,neutral,Q1_SW,0.953257,1.68615,chosen_action,,0.0,0.049287,0.087178,0.088211,0.35144,0.0,1.68615,pressured,concentrated_inbound,24,Q0_SE,2,2,47,65.0,0.7231,6.541
test,without_mine,best 1200,best,80,1,feeder,attack,friendly,Q0_SE,1.0,1.461254,chosen_action,,0.0,0.0,0.0,0.073727,0.2106,0.0,1.461254,pressured,concentrated_inbound,24,Q0_SE,2,2,47,65.0,0.7231,6.541
test,without_mine,best 1200,best,80,1,expander,attack,friendly,Q0_SE,1.0,1.461254,chosen_action,,0.0,0.0,0.0,0.073727,0.2106,0.0,1.461254,pressured,concentrated_inbound,24,Q0_SE,2,2,47,65.0,0.7231,6.541
test,without_mine,best 1200,1200,80,0,attacker,attack,neutral,Q1_SW,0.262763,1.780823,chosen_action,,0.0,0.112704,0.079507,0.145208,0.32024,0.0,1.780823,neutral,neutral,,,0,0,0,0.0,0.0,0.0
test,without_mine,best 1200,1200,80,0,expander,attack,friendly,Q3_NE,0.233594,1.593795,chosen_action,,0.0,0.175426,0.039194,0.132732,0.20388,0.0,1.593795,neutral,neutral,,,0,0,0,0.0,0.0,0.0
test,without_mine,best 1200,1200,80,0,expander,attack,enemy,Q2_NW,0.325564,2.870126,chosen_action,,0.0,0.18,0.050504,0.317622,0.079876,0.0,2.870126,chasing_leader,leader_target,,,0,0,0,0.0,0.0,0.0
test,without_mine,best 1200,1200,80,0,feeder,attack,enemy,Q1_SW,0.416932,4.254079,chosen_action,,0.95,0.18,0.023379,0.680607,0.45972,0.0,4.254079,overtake_window,overtake_window,,,0,0,0,0.0,0.0,0.0
test,without_mine,best 1200,1200,90,0,expander,attack,neutral,Q3_NE,0.209434,1.507385,chosen_action,,0.0,0.057616,0.028324,0.094388,0.20804,0.0,1.507385,neutral,neutral,,,0,0,0,0.0,0.0,0.0
test,without_mine,best 1200,best,110,1,feeder,established,friendly,Q0_SE,1.0,1.945626,chosen_action,,0.0,0.0,0.0,0.175851,0.38784,0.0,1.945626,cash_in,cash_in,,,0,0,0,0.0,0.0,0.0
test,without_mine,best 1200,best,110,1,expander,attack,enemy,Q3_NE,1.0,2.417688,chosen_action,,0.0,0.070649,0.007984,0.195653,0.257867,0.0,2.417688,chasing_leader,leader_target,,,0,0,0,0.0,0.0,0.0
test,without_mine,best 1200,1200,120,0,attacker,attack,friendly,Q0_SE,0.36047,2.300242,chosen_action,,0.0,0.030076,0.0,0.344035,0.351524,0.0,2.300242,cash_in,cash_in,,,0,0,0,0.0,0.0,0.0
test,without_mine,best 1200,best,130,1,expander,established,friendly,Q3_NE,0.844704,1.213491,chosen_action,,0.0,0.18,0.002861,0.045012,0.07812,0.0,1.213491,neutral,neutral,,,0,0,0,0.0,0.0,0.0
test,without_mine,best 1200,1200,130,0,expander,attack,neutral,Q1_SW,0.186451,2.438185,chosen_action,,0.95,0.18,0.060821,0.265346,0.593596,0.0,2.438185,cash_in,cash_in,,,0,0,0,0.0,0.0,0.0
test,without_mine,best 1200,1200,130,0,feeder,attack,friendly,Q3_NE,0.338973,2.484475,chosen_action,,0.0,0.058625,0.0,0.381664,0.421098,0.0,2.484475,cash_in,cash_in,,,0,0,0,0.0,0.0,0.0
test,without_mine,best 1200,1200,130,0,expander,attack,friendly,Q3_NE,0.390297,2.484475,chosen_action,,0.0,0.0,0.0,0.381664,0.421098,0.0,2.484475,cash_in,cash_in,,,0,0,0,0.0,0.0,0.0
test,without_mine,intruder 1039,1039,0,0,expander,initiation,neutral,Q1_SW,0.267994,2.238624,chosen_action,,0.0,0.18,0.285309,0.204693,0.5536,0.0,2.238624,neutral,neutral,,,0,0,0,0.0,0.0,0.0
test,without_mine,intruder 1039,1039,20,0,expander,expansion,neutral,Q2_NW,0.349786,2.694188,chosen_action,,0.0,0.18,0.161077,0.394512,0.5536,0.0,2.694188,cash_in,cash_in,,,0,0,0,0.0,0.0,0.0
test,without_mine,intruder 1039,1039,30,0,anchor,established,neutral,Q2_NW,0.224211,1.77772,chosen_action,,0.0,0.0,0.364364,0.135815,0.33464,0.0,1.77772,neutral,neutral,,,0,0,0,0.0,0.0,0.0
test,without_mine,intruder 1039,intruder,40,1,expander,attack,enemy,Q1_SW,1.0,2.844546,chosen_action,,0.0,0.0,0.0,0.288273,0.4094,0.0,2.844546,cash_in,cash_in,,,0,0,0,0.0,0.0,0.0
test,without_mine,intruder 1039,intruder,40,1,attacker,attack,friendly,Q1_SW,0.51497,1.491097,chosen_action,,0.0,0.148909,0.4,0.080019,0.22152,0.0,1.491097,neutral,neutral,,,0,0,0,0.0,0.0,0.0
test,without_mine,intruder 1039,1039,40,0,feeder,attack,neutral,Q3_NE,0.237701,2.722728,chosen_action,,0.0,0.18,0.4,0.399816,0.565311,0.0,2.722728,cash_in,cash_in,,,0,0,0,0.0,0.0,0.0
test,without_mine,intruder 1039,1039,50,0,feeder,attack,neutral,Q2_NW,0.246998,1.454647,chosen_action,,0.0,0.0,0.013937,0.079501,0.19544,0.0,1.454647,neutral,neutral,,,0,0,0,0.0,0.0,0.0
test,without_mine,intruder 1039,intruder,60,1,expander,established,friendly,Q0_SE,1.0,1.461416,chosen_action,,0.0,0.0,0.0,0.097284,0.16884,0.0,1.461416,neutral,neutral,,,0,0,0,0.0,0.0,0.0
test,without_mine,intruder 1039,1039,60,0,anchor,attack,enemy,Q3_NE,0.528453,3.563275,chosen_action,,0.0,0.0,0.0,0.499197,0.27052,0.0,3.563275,pressured,concentrated_inbound,13,Q3_NE,2,2,101,82.0,1.2317,2.095
test,without_mine,intruder 1039,1039,60,0,expander,attack,enemy,Q2_NW,0.474501,3.187585,chosen_action,,0.0,0.0,0.031157,0.380595,0.20308,0.0,3.187585,pressured,concentrated_inbound,13,Q3_NE,2,2,101,82.0,1.2317,2.095
test,without_mine,intruder 1039,intruder,70,1,expander,attack,enemy,Q3_NE,0.767358,2.280594,chosen_action,,0.0,0.0,0.4,0.169371,0.20304,0.0,2.280594,chasing_leader,leader_target,,,0,0,0,0.0,0.0,0.0
test,without_mine,intruder 1039,1039,70,0,expander,attack,enemy,Q1_SW,0.44407,4.469772,chosen_action,,0.95,0.18,0.148845,0.761647,0.475422,0.0,4.469772,overtake_window,overtake_window,,,0,0,0,0.0,0.0,0.0
test,without_mine,best intruder smith 1200,best,0,0,expander,initiation,neutral,Q0_SE,0.305253,1.852198,chosen_action,,0.0,0.029545,0.0,0.12322,0.4122,0.0,1.852198,neutral,neutral,,,0,0,0,0.0,0.0,0.0
test,without_mine,best intruder smith 1200,intruder,0,1,expander,initiation,neutral,Q1_SW,1.0,1.852198,chosen_action,,0.0,0.029545,0.0,0.12322,0.4122,0.0,1.852198,neutral,neutral,,,0,0,0,0.0,0.0,0.0
test,without_mine,best intruder smith 1200,smith,0,0,expander,initiation,neutral,Q3_NE,0.304017,1.852198,chosen_action,,0.0,0.035724,0.0,0.12322,0.4122,0.0,1.852198,neutral,neutral,,,0,0,0,0.0,0.0,0.0
test,without_mine,best intruder smith 1200,1200,0,0,expander,initiation,neutral,Q2_NW,0.30257,1.852198,chosen_action,,0.0,0.042961,0.0,0.12322,0.4122,0.0,1.852198,neutral,neutral,,,0,0,0,0.0,0.0,0.0
test,without_mine,best intruder smith 1200,1200,20,0,expander,expansion,friendly,Q2_NW,0.208294,1.558626,chosen_action,,0.0,0.18,0.14156,0.093888,0.246884,0.0,1.558626,neutral,neutral,,,0,0,0,0.0,0.0,0.0
test,without_mine,best intruder smith 1200,1200,20,0,expander,expansion,friendly,Q2_NW,0.161301,1.558626,chosen_action,,0.0,0.124759,0.151764,0.093888,0.246884,0.0,1.558626,neutral,neutral,,,0,0,0,0.0,0.0,0.0
test,without_mine,best intruder smith 1200,best,30,0,expander,expansion,enemy,Q3_NE,0.156644,1.739953,chosen_action,,0.0,0.18,0.174776,0.153066,0.275996,0.0,1.739953,neutral,neutral,,,0,0,0,0.0,0.0,0.0
test,without_mine,best intruder smith 1200,smith,30,0,anchor,initiation,enemy,Q2_NW,0.286658,2.781689,chosen_action,,0.0,0.18,0.17821,0.396261,0.319009,0.0,2.781689,chasing_leader,leader_target,,,0,0,0,0.0,0.0,0.0
test,without_mine,best intruder smith 1200,best,40,0,sweeper,expansion,enemy,Q2_NW,0.298968,2.740692,chosen_action,,0.0,0.139888,0.159733,0.260006,0.382724,0.0,2.740692,cash_in,cash_in,,,0,0,0,0.0,0.0,0.0
test,without_mine,best intruder smith 1200,intruder,40,1,expander,expansion,enemy,Q1_SW,0.512836,3.83068,chosen_action,,0.0,0.18,0.324511,0.503883,0.238044,0.333333,3.83068,chasing_leader,leader_target,,,0,0,0,0.0,0.0,0.0
test,without_mine,best intruder smith 1200,intruder,40,1,anchor,expansion,friendly,Q2_NW,0.943451,1.904362,chosen_action,,0.0,0.0,0.10527,0.220398,0.27808,0.0,1.904362,neutral,neutral,,,0,0,0,0.0,0.0,0.0
test,without_mine,best intruder smith 1200,1200,40,0,anchor,expansion,friendly,Q3_NE,0.224049,1.900173,chosen_action,,0.0,0.090226,0.097284,0.216907,0.281182,0.0,1.900173,neutral,neutral,,,0,0,0,0.0,0.0,0.0
test,without_mine,best intruder smith 1200,best,50,0,sweeper,expansion,enemy,Q2_NW,0.288245,2.693625,chosen_action,,0.0,0.18,0.08041,0.27448,0.322129,0.0,2.693625,pressured,concentrated_inbound,12,Q1_SW,2,2,147,32.0,4.5938,1.283
test,without_mine,best intruder smith 1200,intruder,60,1,expander,expansion,neutral,Q2_NW,0.049259,1.376405,chosen_action,,0.95,0.146842,0.016487,0.046428,0.19628,0.0,1.376405,neutral,neutral,,,0,0,0,0.0,0.0,0.0
test,without_mine,best intruder smith 1200,smith,60,0,anchor,initiation,neutral,Q2_NW,0.112142,1.660709,chosen_action,,0.0,0.18,0.167947,0.118138,0.279391,0.0,1.660709,neutral,neutral,,,0,0,0,0.0,0.0,0.0
test,without_mine,best intruder smith 1200,intruder,70,1,expander,expansion,friendly,Q3_NE,0.466583,1.710114,chosen_action,,0.0,0.107933,0.237674,0.124586,0.304524,0.0,1.710114,neutral,neutral,,,0,0,0,0.0,0.0,0.0
test,without_mine,best intruder smith 1200,best,100,0,expander,expansion,friendly,Q1_SW,0.239174,1.97841,chosen_action,,0.0,0.057027,0.177598,0.274051,0.237547,0.0,1.97841,neutral,neutral,,,0,0,0,0.0,0.0,0.0
test,without_mine,best intruder smith 1200,best,100,0,expander,expansion,enemy,Q3_NE,0.491806,3.617595,chosen_action,,0.0,0.18,0.038438,0.509293,0.292809,0.0,3.617595,chasing_leader,leader_target,,,0,0,0,0.0,0.0,0.0
test,without_mine,best intruder smith 1200,best,110,0,anchor,expansion,neutral,Q1_SW,0.174305,2.349777,chosen_action,,0.95,0.18,0.137967,0.283267,0.496249,0.0,2.349777,cash_in,cash_in,,,0,0,0,0.0,0.0,0.0
test,without_mine,best intruder,best,40,1,attacker,attack,friendly,Q0_SE,0.995342,1.738418,chosen_action,,0.0,0.0,0.1,0.155687,0.2702,0.0,1.738418,neutral,neutral,,,0,0,0,0.0,0.0,0.0
test,without_mine,best intruder,intruder,40,0,expander,attack,friendly,Q2_NW,0.439409,3.150955,chosen_action,,0.0,0.0,0.1,0.369244,0.2702,1.0,3.150955,neutral,neutral,,,0,0,0,0.0,0.0,0.0
test,without_mine,best intruder,intruder,40,0,attacker,attack,friendly,Q3_NE,0.473636,3.261144,chosen_action,,0.0,0.0,0.0,0.392476,0.31052,1.0,3.261144,neutral,neutral,,,0,0,0,0.0,0.0,0.0
test,without_mine,best intruder,best,50,1,expander,attack,enemy,Q2_NW,1.0,3.381725,chosen_action,,0.0,0.18,0.0,0.388398,0.629311,0.0,3.381725,cash_in,cash_in,,,0,0,0,0.0,0.0,0.0
test,without_mine,best intruder,best,50,1,expander,attack,enemy,Q2_NW,0.50769,2.850676,chosen_action,,0.0,0.17873,0.134808,0.276432,0.434991,0.0,2.850676,cash_in,cash_in,,,0,0,0,0.0,0.0,0.0
test,without_mine,best intruder,best,50,1,expander,established,friendly,Q0_SE,1.0,1.280063,chosen_action,,0.0,0.0,0.0,0.059048,0.10248,0.0,1.280063,neutral,neutral,,,0,0,0,0.0,0.0,0.0
test,without_mine,best intruder,best,50,1,expander,attack,enemy,Q2_NW,0.2143,2.645764,chosen_action,,0.95,0.18,0.099525,0.256752,0.318191,0.0,2.645764,chasing_leader,leader_target,,,0,0,0,0.0,0.0,0.0
test,without_mine,best intruder,intruder,50,0,expander,established,neutral,Q1_SW,0.391615,4.173183,chosen_action,,0.95,0.18,0.13577,0.573805,0.663742,1.0,4.173183,overtake_window,overtake_window,,,0,0,0,0.0,0.0,0.0
test,without_mine,best intruder,intruder,50,0,expander,established,neutral,Q2_NW,0.25048,1.708575,chosen_action,,0.0,0.18,0.028353,0.116297,0.31812,0.0,1.708575,neutral,neutral,,,0,0,0,0.0,0.0,0.0
test,without_mine,best intruder,intruder,50,0,expander,established,friendly,Q2_NW,0.528365,3.689697,chosen_action,,0.0,0.0,0.0,0.513057,0.4136,1.0,3.689697,cash_in,cash_in,,,0,0,0,0.0,0.0,0.0
test,without_mine,best intruder,intruder,50,0,feeder,established,friendly,Q3_NE,0.295015,3.435047,chosen_action,,0.95,0.18,0.026448,0.48289,0.2786,1.0,3.435047,neutral,neutral,,,0,0,0,0.0,0.0,0.0
test,without_mine,best intruder,best,60,1,attacker,attack,enemy,Q2_NW,1.0,3.005505,chosen_action,,0.0,0.0,0.0,0.31968,0.472796,0.0,3.005505,cash_in,cash_in,,,0,0,0,0.0,0.0,0.0
test,without_mine,best intruder,best,60,1,expander,attack,friendly,Q0_SE,1.0,1.809582,chosen_action,,0.0,0.0,0.0,0.170691,0.29624,0.0,1.809582,neutral,neutral,,,0,0,0,0.0,0.0,0.0
test,without_mine,best intruder,best,60,1,expander,attack,friendly,Q1_SW,1.0,1.805909,chosen_action,,0.0,0.0,0.0,0.143403,0.342031,0.0,1.805909,neutral,neutral,,,0,0,0,0.0,0.0,0.0
test,without_mine,best intruder,intruder,60,0,expander,attack,enemy,Q3_NE,0.702545,5.043514,chosen_action,,0.0,0.0,0.0,0.662843,0.4094,1.0,5.043514,pressured,concentrated_inbound,14,Q3_NE,2,2,248,102.0,2.4314,0.932
test,without_mine,best intruder,intruder,60,0,anchor,attack,friendly,Q2_NW,0.462577,3.321711,chosen_action,,0.0,0.007442,0.000499,0.411862,0.32092,1.0,3.321711,pressured,concentrated_inbound,14,Q3_NE,2,2,248,102.0,2.4314,0.932
test,without_mine,best intruder,intruder,60,0,expander,attack,friendly,Q2_NW,0.520251,3.6232,chosen_action,,0.0,0.0,0.0,0.475427,0.43124,1.0,3.6232,pressured,concentrated_inbound,14,Q3_NE,2,2,248,102.0,2.4314,0.932
test,without_mine,best intruder,best,70,1,expander,attack,enemy,Q3_NE,1.0,2.681533,chosen_action,,0.0,0.0,0.0,0.274851,0.312511,0.0,2.681533,pressured,concentrated_inbound,21,Q2_NW,2,2,62,80.0,0.775,0.0
test,without_mine,best intruder,intruder,70,0,feeder,attack,enemy,Q1_SW,0.577622,4.166873,chosen_action,,0.0,0.021089,0.0,0.705351,0.351133,0.0,4.166873,overtake_window,overtake_window,,,0,0,0,0.0,0.0,0.0
test,without_mine,best intruder,best,80,1,expander,attack,enemy,Q1_SW,0.770297,2.576726,chosen_action,,0.0,0.117975,0.317323,0.231807,0.3114,0.0,2.576726,pressured,concentrated_inbound,20,Q1_SW,2,2,92,13.0,7.0769,1.734
test,without_mine,best intruder,intruder,90,0,expander,attack,neutral,Q1_SW,0.361569,2.754181,chosen_action,,0.0,0.18,0.14207,0.395379,0.596498,0.0,2.754181,cash_in,cash_in,,,0,0,0,0.0,0.0,0.0
test,without_mine,best intruder,intruder,90,0,expander,attack,friendly,Q3_NE,0.350592,2.173912,chosen_action,,0.0,0.0,0.0,0.296485,0.34248,0.0,2.173912,neutral,neutral,,,0,0,0,0.0,0.0,0.0
test,without_mine,best intruder,intruder,90,0,feeder,attack,friendly,Q3_NE,0.346861,2.496199,chosen_action,,0.0,0.048727,0.0,0.387459,0.41948,0.0,2.496199,cash_in,cash_in,,,0,0,0,0.0,0.0,0.0
test,without_mine,best intruder,best,100,1,expander,attack,friendly,Q3_NE,0.631039,1.761374,chosen_action,,0.0,0.18,0.007267,0.160527,0.2786,0.0,1.761374,neutral,neutral,,,0,0,0,0.0,0.0,0.0
test,without_mine,best intruder,intruder,100,0,expander,attack,friendly,Q2_NW,0.381189,2.454008,chosen_action,,0.0,0.0,0.0,0.375549,0.4094,0.0,2.454008,cash_in,cash_in,,,0,0,0,0.0,0.0,0.0
test,without_mine,best intruder,intruder,100,0,expander,attack,friendly,Q3_NE,0.347339,2.211226,chosen_action,,0.0,0.0,0.0,0.294945,0.372858,0.0,2.211226,cash_in,cash_in,,,0,0,0,0.0,0.0,0.0
test,without_mine,best intruder,best,110,1,expander,established,friendly,Q3_NE,1.0,2.016024,chosen_action,,0.0,0.0,0.0,0.190693,0.4136,0.0,2.016024,cash_in,cash_in,,,0,0,0,0.0,0.0,0.0
test,without_mine,best intruder,best,110,1,expander,attack,enemy,Q2_NW,1.0,2.632063,chosen_action,,0.0,0.0,0.0,0.241174,0.335738,0.0,2.632063,chasing_leader,leader_target,,,0,0,0,0.0,0.0,0.0
test,without_mine,best intruder,best,120,1,expander,attack,enemy,Q2_NW,1.0,3.106244,chosen_action,,0.0,0.0,0.0,0.343449,0.50516,0.0,3.106244,cash_in,cash_in,,,0,0,0,0.0,0.0,0.0
test,without_mine,best intruder,best,120,1,expander,attack,enemy,Q3_NE,1.0,2.338749,chosen_action,,0.0,0.0,0.0,0.181632,0.22432,0.0,2.338749,chasing_leader,leader_target,,,0,0,0,0.0,0.0,0.0
test,without_mine,intruder smith,smith,0,0,anchor,initiation,neutral,Q1_SW,0.069408,1.408544,chosen_action,,0.0,0.18,0.4,0.053204,0.20804,0.0,1.408544,neutral,neutral,,,0,0,0,0.0,0.0,0.0
test,without_mine,intruder smith,intruder,50,1,anchor,expansion,enemy,Q3_NE,0.618847,3.339857,chosen_action,,0.0,0.18,0.161353,0.422391,0.241569,0.0,3.339857,chasing_leader,leader_target,,,0,0,0,0.0,0.0,0.0
test,without_mine,intruder smith,smith,50,0,expander,expansion,neutral,Q2_NW,0.190044,1.408544,chosen_action,,0.0,0.18,0.136823,0.053204,0.20804,0.0,1.408544,neutral,neutral,,,0,0,0,0.0,0.0,0.0
test,without_mine,intruder smith,intruder,60,1,expander,expansion,enemy,Q3_NE,1.0,2.457516,chosen_action,,0.0,0.071548,0.114358,0.230196,0.22596,0.0,2.457516,pressured,concentrated_inbound,14,Q3_NE,2,2,41,41.0,1.0,0.018
test,without_mine,intruder smith,intruder,60,1,expander,expansion,friendly,Q1_SW,0.081806,1.633586,chosen_action,,0.95,0.18,0.182421,0.133584,0.23184,0.0,1.633586,pressured,concentrated_inbound,14,Q3_NE,2,2,41,41.0,1.0,0.018
test,without_mine,intruder smith,smith,70,0,expander,expansion,enemy,Q3_NE,0.468961,3.384065,chosen_action,,0.0,0.153044,0.030761,0.441019,0.2412,0.0,3.384065,chasing_leader,leader_target,,,0,0,0,0.0,0.0,0.0
test,without_mine,intruder smith,intruder,80,1,expander,expansion,friendly,Q1_SW,1.0,1.738418,chosen_action,,0.0,0.0,0.0,0.155687,0.2702,0.0,1.738418,pressured,concentrated_inbound,12,Q0_SE,2,2,66,133.0,0.4962,1.234
test,without_mine,intruder smith,intruder,80,1,expander,expansion,enemy,Q2_NW,0.992126,2.567898,chosen_action,,0.0,0.18,0.032424,0.225138,0.316716,0.0,2.567898,pressured,concentrated_inbound,12,Q0_SE,2,2,66,133.0,0.4962,1.234
test,without_mine,intruder smith,intruder,80,1,expander,expansion,friendly,Q0_SE,1.0,1.749896,chosen_action,,0.0,0.085709,0.0,0.158107,0.2744,0.0,1.749896,pressured,concentrated_inbound,12,Q0_SE,2,2,66,133.0,0.4962,1.234
test,without_mine,intruder smith,smith,80,0,expander,expansion,enemy,Q1_SW,0.472028,4.00721,chosen_action,,0.0,0.18,0.044577,0.634225,0.359311,0.0,4.00721,overtake_window,overtake_window,,,0,0,0,0.0,0.0,0.0
test,without_mine,intruder smith,intruder,90,1,expander,expansion,enemy,Q2_NW,1.0,2.904819,chosen_action,,0.0,0.18,0.0,0.299762,0.433622,0.0,2.904819,pressured,concentrated_inbound,16,Q1_SW,2,2,79,92.0,0.8587,4.794
test,without_mine,intruder smith,intruder,90,1,expander,expansion,friendly,Q3_NE,0.996012,1.569309,chosen_action,,0.0,0.0,0.028115,0.120032,0.20832,0.0,1.569309,pressured,concentrated_inbound,16,Q1_SW,2,2,79,92.0,0.8587,4.794
test,without_mine,best intruder smith 1039,best,30,0,anchor,initiation,neutral,Q0_SE,0.162782,1.749979,chosen_action,,0.0,0.083941,0.329797,0.162866,0.266,0.0,1.749979,neutral,neutral,,,0,0,0,0.0,0.0,0.0
test,without_mine,best intruder smith 1039,best,80,0,expander,expansion,enemy,Q3_NE,0.436175,3.335767,chosen_action,,0.0,0.18,0.136937,0.426997,0.230351,0.0,3.335767,pressured,concentrated_inbound,4,Q0_SE,2,2,107,24.0,4.4583,2.046
test,without_mine,best intruder smith 1039,smith,80,0,feeder,attack,enemy,Q0_SE,0.186829,1.828836,chosen_action,,0.0,0.18,0.003996,0.144166,0.357658,0.0,1.828836,cash_in,cash_in,,,0,0,0,0.0,0.0,0.0
test,without_mine,best intruder smith 1039,intruder,100,1,anchor,attack,enemy,Q0_SE,1.0,1.885264,chosen_action,,0.0,0.0,0.0,0.20826,0.285511,0.0,1.885264,neutral,neutral,,,0,0,0,0.0,0.0,0.0
test,without_mine,best intruder smith 1039,smith,110,0,anchor,established,friendly,Q2_NW,0.122874,1.32368,chosen_action,,0.0,0.18,0.134591,0.068244,0.11844,0.0,1.32368,pressured,concentrated_inbound,12,Q0_SE,2,2,98,58.0,1.6897,8.628
test,without_mine,best intruder smith 1039,smith,120,0,expander,attack,neutral,Q2_NW,0.308594,2.506116,chosen_action,,0.0,0.18,0.221224,0.265488,0.42144,0.333333,2.506116,cash_in,cash_in,,,0,0,0,0.0,0.0,0.0
test,without_mine,best intruder smith 1039,smith,120,0,expander,attack,neutral,Q2_NW,0.312039,2.44796,chosen_action,,0.0,0.18,0.166454,0.253227,0.40016,0.333333,2.44796,cash_in,cash_in,,,0,0,0,0.0,0.0,0.0
test,without_mine,best intruder smith 1039,smith,120,0,sweeper,attack,neutral,Q2_NW,0.32811,2.44796,chosen_action,,0.0,0.027686,0.109264,0.253227,0.40016,0.333333,2.44796,cash_in,cash_in,,,0,0,0,0.0,0.0,0.0
test,without_mine,best intruder smith 1039,intruder,130,1,expander,attack,neutral,Q2_NW,0.670873,1.880168,chosen_action,,0.0,0.043951,0.4,0.126564,0.426973,0.0,1.880168,pressured,concentrated_inbound,12,Q0_SE,3,3,126,102.0,1.2353,2.385
test,without_mine,best intruder smith 1039,intruder,130,1,expander,attack,enemy,Q3_NE,0.559444,2.428426,chosen_action,,0.0,0.18,0.026674,0.216932,0.227991,0.0,2.428426,pressured,concentrated_inbound,12,Q0_SE,3,3,126,102.0,1.2353,2.385
test,without_mine,best intruder smith 1039,intruder,130,1,feeder,attack,friendly,Q0_SE,0.928976,1.660971,chosen_action,,0.0,0.027686,0.0,0.115835,0.28368,0.0,1.660971,pressured,concentrated_inbound,12,Q0_SE,3,3,126,102.0,1.2353,2.385
test,without_mine,best intruder smith 1039,intruder,140,1,expander,attack,enemy,Q2_NW,1.0,2.965068,chosen_action,,0.0,0.0,0.0,0.311476,0.457427,0.0,2.965068,pressured,concentrated_inbound,0,Q0_SE,4,5,176,140.0,1.2571,6.052
test,without_mine,best intruder smith 1039,smith,140,0,anchor,attack,friendly,Q3_NE,0.139825,1.442998,chosen_action,,0.0,0.145994,0.157707,0.125048,0.10584,0.0,1.442998,neutral,neutral,,,0,0,0,0.0,0.0,0.0
test,without_mine,best intruder smith 1039,intruder,160,1,expander,attack,enemy,Q2_NW,1.0,3.011175,chosen_action,,0.0,0.18,0.0,0.319357,0.477569,0.0,3.011175,pressured,concentrated_inbound,18,Q0_SE,2,2,94,73.0,1.2877,5.343
test,without_mine,best intruder smith 1039,intruder,160,1,expander,attack,friendly,Q0_SE,0.852459,1.548487,chosen_action,,0.0,0.007921,0.12411,0.092119,0.24252,0.0,1.548487,pressured,concentrated_inbound,18,Q0_SE,2,2,94,73.0,1.2877,5.343
test,without_mine,best intruder smith 1039,intruder,170,1,expander,attack,enemy,Q3_NE,0.559463,3.699589,chosen_action,,0.0,0.18,0.181269,0.460672,0.21776,0.333333,3.699589,chasing_leader,leader_target,,,0,0,0,0.0,0.0,0.0
test,without_mine,best intruder smith 1039,smith,170,0,feeder,attack,neutral,Q1_SW,0.180872,1.941537,chosen_action,,0.0,0.18,0.008037,0.152952,0.42552,0.0,1.941537,cash_in,cash_in,,,0,0,0,0.0,0.0,0.0
test,without_mine,best intruder smith 1039,intruder,180,1,attacker,attack,enemy,Q2_NW,0.382379,3.978402,chosen_action,,0.95,0.18,0.123179,0.570374,0.451484,0.0,3.978402,pressured,concentrated_inbound,16,Q1_SW,2,2,82,106.0,0.7736,0.415
test,without_mine,best intruder smith 1039,smith,180,0,expander,established,friendly,Q2_NW,0.340548,2.084892,chosen_action,,0.0,0.0,0.0,0.205213,0.4388,0.0,2.084892,cash_in,cash_in,,,0,0,0,0.0,0.0,0.0
test,without_mine,best intruder smith 1039,intruder,190,1,expander,attack,enemy,Q2_NW,1.0,2.487198,chosen_action,,0.0,0.0,0.0,0.212931,0.27864,0.0,2.487198,pressured,concentrated_inbound,0,Q0_SE,4,4,125,126.0,0.9921,3.049
test,without_mine,best intruder smith 1039,intruder,190,1,feeder,attack,friendly,Q0_SE,1.0,1.555374,chosen_action,,0.0,0.0,0.0,0.093571,0.24504,0.0,1.555374,pressured,concentrated_inbound,0,Q0_SE,4,4,125,126.0,0.9921,3.049
test,without_mine,best intruder smith 1039,smith,190,0,expander,attack,friendly,Q3_NE,0.393657,2.801543,chosen_action,,0.0,0.162944,0.0,0.364643,0.464,0.333333,2.801543,pressured,concentrated_inbound,19,Q0_SE,2,2,207,32.0,6.4688,0.024
test,without_mine,best intruder smith 1039,smith,190,0,anchor,attack,friendly,Q3_NE,0.208964,2.081652,chosen_action,,0.0,0.160818,0.178492,0.236386,0.15876,0.333333,2.081652,pressured,concentrated_inbound,19,Q0_SE,2,2,207,32.0,6.4688,0.024
test,without_mine,best intruder smith 1039,smith,190,0,expander,attack,friendly,Q3_NE,0.264726,2.164293,chosen_action,,0.0,0.045851,0.17875,0.25381,0.189,0.333333,2.164293,pressured,concentrated_inbound,19,Q0_SE,2,2,207,32.0,6.4688,0.024
test,without_mine,best intruder smith 1039,intruder,200,1,expander,attack,neutral,Q2_NW,0.114422,1.87745,chosen_action,,0.95,0.18,0.006092,0.128544,0.42144,0.0,1.87745,cash_in,cash_in,,,0,0,0,0.0,0.0,0.0
test,without_mine,best intruder smith 1039,intruder,200,1,feeder,attack,friendly,Q3_NE,0.67985,2.138756,chosen_action,,0.0,0.18,0.007825,0.207922,0.473884,0.0,2.138756,cash_in,cash_in,,,0,0,0,0.0,0.0,0.0
test,without_mine,best intruder smith 1039,smith,200,0,expander,attack,enemy,Q3_NE,0.550572,3.89565,chosen_action,,0.0,0.046843,0.053744,0.603194,0.33184,0.0,3.89565,overtake_window,overtake_window,,,0,0,0,0.0,0.0,0.0
test,without_mine,best intruder smith 1039,intruder,210,1,attacker,established,friendly,Q2_NW,0.140548,2.084892,chosen_action,,0.95,0.18,0.018333,0.205213,0.4388,0.0,2.084892,cash_in,cash_in,,,0,0,0,0.0,0.0,0.0
test,without_mine,best intruder smith 1039,smith,210,0,feeder,attack,enemy,Q2_NW,0.462892,3.870945,chosen_action,,0.0,0.18,0.006331,0.565055,0.381342,0.0,3.870945,overtake_window,overtake_window,,,0,0,0,0.0,0.0,0.0
test,without_mine,best intruder smith 1039,smith,230,0,anchor,attack,enemy,Q0_SE,0.443834,3.950892,chosen_action,,0.0,0.18,0.153261,0.581649,0.411062,0.0,3.950892,overtake_window,overtake_window,,,0,0,0,0.0,0.0,0.0
test,without_mine,best smith,smith,40,0,expander,established,friendly,Q2_NW,0.499683,3.536611,chosen_action,,0.0,0.0,0.0,0.464706,0.38616,1.0,3.536611,cash_in,cash_in,,,0,0,0,0.0,0.0,0.0
test,without_mine,best smith,best,60,1,feeder,attack,friendly,Q0_SE,0.649567,2.719924,chosen_action,,0.0,0.18,0.094416,0.26698,0.13272,1.0,2.719924,neutral,neutral,,,0,0,0,0.0,0.0,0.0
test,without_mine,best smith,smith,60,0,expander,established,neutral,Q3_NE,0.209214,2.104954,chosen_action,,0.0,0.18,0.072997,0.175683,0.50616,0.0,2.104954,cash_in,cash_in,,,0,0,0,0.0,0.0,0.0
test,without_mine,best smith,best,70,1,anchor,attack,friendly,Q0_SE,1.0,1.457848,chosen_action,,0.0,0.0,0.0,0.094358,0.1714,0.0,1.457848,neutral,neutral,,,0,0,0,0.0,0.0,0.0
test,without_mine,best smith,smith,70,0,expander,attack,neutral,Q1_SW,0.139212,1.429204,chosen_action,,0.0,0.18,0.064321,0.05756,0.2156,0.0,1.429204,pressured,concentrated_inbound,21,Q3_NE,2,2,233,67.0,3.4776,4.926
test,without_mine,best smith,smith,70,0,expander,attack,enemy,Q1_SW,0.252135,2.248617,chosen_action,,0.0,0.18,0.093122,0.186152,0.14952,0.0,2.248617,pressured,concentrated_inbound,21,Q3_NE,2,2,233,67.0,3.4776,4.926
test,without_mine,best smith,best,80,1,attacker,attack,neutral,Q3_NE,1.0,3.595391,chosen_action,,0.0,0.0,0.0,0.429348,0.49256,1.0,3.595391,pressured,concentrated_inbound,21,Q3_NE,2,3,71,46.0,1.5435,7.522
test,without_mine,best smith,smith,80,0,anchor,attack,neutral,Q1_SW,0.149915,1.429204,chosen_action,,0.0,0.18,0.010803,0.05756,0.2156,0.0,1.429204,neutral,neutral,,,0,0,0,0.0,0.0,0.0
test,without_mine,best smith,smith,90,0,feeder,attack,enemy,Q1_SW,0.41174,3.385705,chosen_action,,0.0,0.18,0.010739,0.443637,0.23776,0.0,3.385705,chasing_leader,leader_target,,,0,0,0,0.0,0.0,0.0
test,without_mine,best smith,best,100,1,expander,attack,enemy,Q2_NW,1.0,2.88384,chosen_action,,0.0,0.15063,0.0,0.292556,0.430893,0.0,2.88384,pressured,concentrated_inbound,4,Q0_SE,2,3,54,34.0,1.5882,8.716
test,without_mine,best smith,best,100,1,expander,attack,friendly,Q3_NE,0.487792,1.275472,chosen_action,,0.0,0.18,0.087776,0.05808,0.1008,0.0,1.275472,pressured,concentrated_inbound,4,Q0_SE,2,3,54,34.0,1.5882,8.716
test,without_mine,best smith,smith,100,0,expander,attack,enemy,Q3_NE,0.425755,4.325722,chosen_action,,0.95,0.18,0.054951,0.717058,0.447987,0.0,4.325722,overtake_window,overtake_window,,,0,0,0,0.0,0.0,0.0
test,without_mine,best smith,smith,110,0,expander,attack,enemy,Q3_NE,0.371081,3.365091,chosen_action,,0.0,0.18,0.060106,0.445475,0.219222,0.0,3.365091,chasing_leader,leader_target,,,0,0,0,0.0,0.0,0.0
test,without_mine,best smith,smith,120,0,expander,attack,enemy,Q3_NE,0.392327,3.447643,chosen_action,,0.0,0.18,0.011414,0.420445,0.324871,0.0,3.447643,chasing_leader,leader_target,,,0,0,0,0.0,0.0,0.0
test,without_mine,best smith,best,140,1,expander,attack,enemy,Q2_NW,1.0,2.503978,chosen_action,,0.0,0.097796,0.0,0.212628,0.291609,0.0,2.503978,chasing_leader,leader_target,,,0,0,0,0.0,0.0,0.0
test,without_mine,best smith,smith,140,0,expander,attack,friendly,Q2_NW,0.039392,1.260174,chosen_action,,0.95,0.0,0.0,0.073441,0.06216,0.0,1.260174,neutral,neutral,,,0,0,0,0.0,0.0,0.0
test,without_mine,best smith,best,150,1,expander,attack,enemy,Q2_NW,1.0,2.233151,chosen_action,,0.0,0.0,0.0,0.159368,0.18568,0.0,2.233151,chasing_leader,leader_target,,,0,0,0,0.0,0.0,0.0
test,without_mine,best smith,smith,150,0,expander,attack,enemy,Q3_NE,0.292933,3.25093,chosen_action,,0.0,0.18,0.380042,0.392446,0.228933,0.0,3.25093,chasing_leader,leader_target,,,0,0,0,0.0,0.0,0.0
test,without_mine,best smith,best,160,1,expander,attack,enemy,Q2_NW,0.964918,2.84072,chosen_action,,0.0,0.131616,0.143146,0.287467,0.408,0.0,2.84072,pressured,concentrated_inbound,2,Q3_NE,3,3,56,50.0,1.12,3.968
test,without_mine,best intruder 1200 1039,intruder,20,0,feeder,attack,enemy,Q1_SW,0.241376,2.120063,chosen_action,,0.0,0.18,0.063923,0.159048,0.10248,0.0,2.120063,chasing_leader,leader_target,,,0,0,0,0.0,0.0,0.0
test,without_mine,best intruder 1200 1039,best,30,1,feeder,attack,neutral,Q0_SE,0.630538,1.422317,chosen_action,,0.0,0.127715,0.016934,0.056108,0.21308,0.0,1.422317,neutral,neutral,,,0,0,0,0.0,0.0,0.0
test,without_mine,best intruder 1200 1039,intruder,30,0,anchor,attack,enemy,Q0_SE,0.215427,2.276019,chosen_action,,0.0,0.18,0.015902,0.243097,0.290804,0.333333,2.276019,neutral,neutral,,,0,0,0,0.0,0.0,0.0
test,without_mine,best intruder 1200 1039,intruder,30,0,feeder,attack,friendly,Q1_SW,0.376906,2.459007,chosen_action,,0.0,0.0,0.0,0.26287,0.3912,0.333333,2.459007,cash_in,cash_in,,,0,0,0,0.0,0.0,0.0
test,without_mine,best intruder 1200 1039,1200,30,0,attacker,attack,neutral,Q3_NE,0.283043,2.270294,chosen_action,,0.0,0.18,0.197793,0.205187,0.35396,0.333333,2.270294,cash_in,cash_in,,,0,0,0,0.0,0.0,0.0
test,without_mine,best intruder 1200 1039,best,40,1,attacker,attack,friendly,Q0_SE,1.0,1.85787,chosen_action,,0.0,0.082594,0.0,0.242156,0.20496,0.0,1.85787,pressured,concentrated_inbound,8,Q0_SE,2,2,97,96.0,1.0104,1.071
test,without_mine,best intruder 1200 1039,1200,40,0,feeder,attack,enemy,Q0_SE,0.345818,3.019693,chosen_action,,0.0,0.18,0.009395,0.379757,0.302427,0.333333,3.019693,chasing_leader,leader_target,,,0,0,0,0.0,0.0,0.0
test,without_mine,best intruder 1200 1039,1200,40,0,expander,attack,friendly,Q3_NE,0.346783,2.187942,chosen_action,,0.0,0.0,0.0,0.247126,0.2184,0.333333,2.187942,neutral,neutral,,,0,0,0,0.0,0.0,0.0
test,without_mine,best intruder 1200 1039,1039,40,0,feeder,attack,enemy,Q2_NW,0.577057,4.077078,chosen_action,,0.0,0.0,0.0,0.592084,0.26376,0.333333,4.077078,overtake_window,overtake_window,,,0,0,0,0.0,0.0,0.0
test,without_mine,best intruder 1200 1039,intruder,50,0,attacker,attack,friendly,Q1_SW,0.352419,2.362234,chosen_action,,0.0,0.082594,0.0,0.30132,0.25116,0.333333,2.362234,neutral,neutral,,,0,0,0,0.0,0.0,0.0
test,without_mine,best intruder 1200 1039,best,60,1,expander,attack,enemy,Q1_SW,1.0,2.788679,chosen_action,,0.0,0.18,0.0,0.273665,0.393987,0.0,2.788679,pressured,concentrated_inbound,8,Q0_SE,2,2,111,125.0,0.888,2.383
test,without_mine,best intruder 1200 1039,best,60,1,anchor,attack,friendly,Q3_NE,1.0,2.009902,chosen_action,,0.0,0.0,0.0,0.189403,0.41136,0.0,2.009902,pressured,concentrated_inbound,8,Q0_SE,2,2,111,125.0,0.888,2.383
test,without_mine,best intruder 1200 1039,intruder,60,0,expander,attack,friendly,Q2_NW,0.379591,2.400935,chosen_action,,0.0,0.0,0.0,0.360035,0.397667,0.0,2.400935,cash_in,cash_in,,,0,0,0,0.0,0.0,0.0
test,without_mine,best intruder 1200 1039,1039,60,0,expander,initiation,enemy,Q2_NW,0.348555,2.49787,chosen_action,,0.0,0.0,0.204921,0.342156,0.20496,0.0,2.49787,chasing_leader,leader_target,,,0,0,0,0.0,0.0,0.0
test,without_mine,best intruder 1200 1039,intruder,70,0,anchor,attack,enemy,Q0_SE,0.357066,3.18511,chosen_action,,0.0,0.18,0.016201,0.385418,0.192671,0.0,3.18511,pressured,concentrated_inbound,9,Q1_SW,2,2,61,61.0,1.0,0.881
test,without_mine,best intruder 1200 1039,best,80,1,expander,established,friendly,Q0_SE,0.612053,1.149214,chosen_action,,0.0,0.105285,0.021929,0.03146,0.0546,0.0,1.149214,neutral,neutral,,,0,0,0,0.0,0.0,0.0
test,without_mine,best intruder 1200 1039,intruder,80,0,expander,attack,enemy,Q0_SE,0.464492,3.326306,chosen_action,,0.0,0.145552,0.02329,0.429012,0.21976,0.0,3.326306,chasing_leader,leader_target,,,0,0,0,0.0,0.0,0.0
test,without_mine,best intruder 1200 1039,intruder,80,0,expander,attack,neutral,Q2_NW,0.183164,1.52848,chosen_action,,0.0,0.107465,0.039003,0.100342,0.21308,0.0,1.52848,neutral,neutral,,,0,0,0,0.0,0.0,0.0
test,without_mine,best intruder 1200 1039,intruder,80,0,feeder,attack,friendly,Q2_NW,0.386506,2.45518,chosen_action,,0.0,0.0,0.0,0.37588,0.40968,0.0,2.45518,cash_in,cash_in,,,0,0,0,0.0,0.0,0.0
test,without_mine,best intruder 1200 1039,intruder,90,0,expander,attack,enemy,Q0_SE,0.560936,3.820917,chosen_action,,0.0,0.0,0.0,0.592661,0.295209,0.0,3.820917,pressured,concentrated_inbound,9,Q1_SW,2,3,180,92.0,1.9565,6.971
test,without_mine,best intruder 1200 1039,intruder,90,0,expander,attack,friendly,Q1_SW,0.369447,2.321578,chosen_action,,0.0,0.0,0.0,0.338167,0.37776,0.0,2.321578,pressured,concentrated_inbound,9,Q1_SW,2,3,180,92.0,1.9565,6.971
test,without_mine,best intruder 1200 1039,intruder,90,0,expander,attack,enemy,Q0_SE,0.524936,3.820917,chosen_action,,0.0,0.18,0.0,0.592661,0.295209,0.0,3.820917,pressured,concentrated_inbound,9,Q1_SW,2,3,180,92.0,1.9565,6.971
test,without_mine,best intruder 1200 1039,intruder,90,0,anchor,attack,friendly,Q2_NW,0.382665,2.595815,chosen_action,,0.0,0.012508,0.0,0.415578,0.44328,0.0,2.595815,pressured,concentrated_inbound,9,Q1_SW,2,3,180,92.0,1.9565,6.971
test,without_mine,best intruder 1200 1039,best,100,1,expander,attack,enemy,Q2_NW,0.556762,2.556416,chosen_action,,0.0,0.18,0.045862,0.244907,0.273067,0.0,2.556416,chasing_leader,leader_target,,,0,0,0,0.0,0.0,0.0
test,without_mine,best intruder 1200 1039,best,110,1,attacker,attack,enemy,Q1_SW,1.0,2.886517,chosen_action,,0.0,0.178138,0.0,0.293856,0.430564,0.0,2.886517,cash_in,cash_in,,,0,0,0,0.0,0.0,0.0
test,without_mine,best intruder 1200 1039,best,110,1,attacker,attack,enemy,Q1_SW,1.0,2.971455,chosen_action,,0.0,0.034816,0.0,0.311764,0.461644,0.0,2.971455,cash_in,cash_in,,,0,0,0,0.0,0.0,0.0
test,without_mine,best intruder 1200 1039,best,110,1,expander,attack,enemy,Q2_NW,1.0,2.627616,chosen_action,,0.0,0.12192,0.046278,0.259573,0.299733,0.0,2.627616,chasing_leader,leader_target,,,0,0,0,0.0,0.0,0.0
test,without_mine,best intruder 1200 1039,best,110,1,expander,attack,enemy,Q1_SW,0.203713,2.565295,chosen_action,,0.95,0.18,0.007728,0.249654,0.271204,0.0,2.565295,chasing_leader,leader_target,,,0,0,0,0.0,0.0,0.0
test,without_mine,best intruder 1200 1039,intruder,110,0,feeder,attack,friendly,Q1_SW,0.385609,2.448149,chosen_action,,0.0,0.0,0.0,0.373895,0.408,0.0,2.448149,cash_in,cash_in,,,0,0,0,0.0,0.0,0.0
test,without_mine,best intruder 1200 1039,intruder,110,0,expander,attack,friendly,Q2_NW,0.323905,1.970377,chosen_action,,0.0,0.0,0.0,0.273914,0.23184,0.0,1.970377,neutral,neutral,,,0,0,0,0.0,0.0,0.0
test,without_mine,best intruder 1200 1039,intruder,110,0,expander,attack,friendly,Q2_NW,0.387853,2.465728,chosen_action,,0.0,0.0,0.0,0.378857,0.4122,0.0,2.465728,cash_in,cash_in,,,0,0,0,0.0,0.0,0.0
test,without_mine,best intruder 1200 1039,intruder,110,0,anchor,attack,enemy,Q0_SE,0.455245,4.554934,chosen_action,,0.95,0.18,0.015288,0.770648,0.522502,0.0,4.554934,overtake_window,overtake_window,,,0,0,0,0.0,0.0,0.0
test,without_mine,best intruder 1200 1039,intruder,110,0,expander,attack,enemy,Q3_NE,0.46626,4.639736,chosen_action,,0.95,0.18,0.015418,0.785252,0.559356,0.0,4.639736,overtake_window,overtake_window,,,0,0,0,0.0,0.0,0.0
test,without_mine,best intruder 1200 1039,intruder,120,0,expander,attack,enemy,Q3_NE,0.339449,3.305549,chosen_action,,0.0,0.118822,0.241207,0.430939,0.20096,0.0,3.305549,chasing_leader,leader_target,,,0,0,0,0.0,0.0,0.0
test,without_mine,best intruder 1200 1039,best,130,1,attacker,attack,enemy,Q2_NW,0.918938,2.144909,chosen_action,,0.0,0.18,0.050441,0.16378,0.112471,0.0,2.144909,chasing_leader,leader_target,,,0,0,0,0.0,0.0,0.0
test,without_mine,best intruder 1200 1039,best,130,1,expander,established,friendly,Q2_NW,1.0,1.977358,chosen_action,,0.0,0.0,0.0,0.182035,0.400351,0.0,1.977358,cash_in,cash_in,,,0,0,0,0.0,0.0,0.0
test,without_mine,best intruder 1200 1039,intruder,130,0,expander,expansion,enemy,Q0_SE,0.539827,4.55773,chosen_action,,0.0,0.18,0.4,0.760178,0.543187,0.0,4.55773,overtake_window,overtake_window,,,0,0,0,0.0,0.0,0.0
test,without_mine,best 1200,1200,0,0,expander,initiation,neutral,Q2_NW,0.296161,2.083288,chosen_action,,0.0,0.160111,0.064081,0.171943,0.49676,0.0,2.083288,neutral,neutral,,,0,0,0,0.0,0.0,0.0
test,without_mine,best 1200,best,10,1,expander,expansion,neutral,Q1_SW,0.950926,2.083288,chosen_action,,0.0,0.18,0.010073,0.171943,0.49676,0.0,2.083288,neutral,neutral,,,0,0,0,0.0,0.0,0.0
test,without_mine,best 1200,1200,10,0,expander,expansion,neutral,Q1_SW,0.404698,3.163561,chosen_action,,0.0,0.18,0.108193,0.306906,0.39036,1.0,3.163561,cash_in,cash_in,,,0,0,0,0.0,0.0,0.0
test,without_mine,best 1200,best,20,1,anchor,expansion,neutral,Q0_SE,1.0,1.654011,chosen_action,,0.0,0.0,0.010411,0.081435,0.33968,0.0,1.654011,neutral,neutral,,,0,0,0,0.0,0.0,0.0
test,without_mine,best 1200,1200,20,0,expander,expansion,neutral,Q2_NW,0.332181,2.456281,chosen_action,,0.0,0.18,0.097211,0.327356,0.49676,0.0,2.456281,cash_in,cash_in,,,0,0,0,0.0,0.0,0.0
test,without_mine,best 1200,best,30,1,expander,expansion,enemy,Q3_NE,1.0,2.688347,chosen_action,,0.0,0.144422,0.0,0.276978,0.313778,0.0,2.688347,chasing_leader,leader_target,,,0,0,0,0.0,0.0,0.0
test,without_mine,best 1200,best,30,1,expander,expansion,unknown,unknown,0.605714,1.0,chosen_action,,0.0,0.18,0.034286,0.0,0.0,0.0,1.0,neutral,neutral,,,0,0,0,0.0,0.0,0.0
test,without_mine,best 1200,1200,40,0,expander,expansion,neutral,Q1_SW,0.285826,2.031077,chosen_action,,0.0,0.18,0.059628,0.186293,0.432573,0.0,2.031077,cash_in,cash_in,,,0,0,0,0.0,0.0,0.0
test,without_mine,best 1200,1200,40,0,expander,expansion,neutral,Q1_SW,0.25753,2.301798,chosen_action,,0.0,0.18,0.033946,0.262711,0.497253,0.0,2.301798,cash_in,cash_in,,,0,0,0,0.0,0.0,0.0
test,without_mine,best 1200,best,50,1,expander,expansion,enemy,Q2_NW,1.0,2.434288,chosen_action,,0.0,0.0,0.0,0.223528,0.220609,0.0,2.434288,chasing_leader,leader_target,,,0,0,0,0.0,0.0,0.0
test,without_mine,best 1200,1200,50,0,attacker,attack,enemy,Q3_NE,0.415583,3.403238,chosen_action,,0.0,0.18,0.284697,0.428773,0.277173,0.0,3.403238,chasing_leader,leader_target,,,0,0,0,0.0,0.0,0.0
test,without_mine,best 1200,1200,50,0,expander,attack,enemy,Q3_NE,0.416303,3.500728,chosen_action,,0.0,0.18,0.059068,0.499026,0.224493,0.0,3.500728,chasing_leader,leader_target,,,0,0,0,0.0,0.0,0.0
test,without_mine,best 1200,best,60,1,expander,attack,neutral,Q1_SW,0.854415,1.663194,chosen_action,,0.0,0.18,0.052344,0.083371,0.34304,0.0,1.663194,neutral,neutral,,,0,0,0,0.0,0.0,0.0
test,without_mine,best 1200,1200,60,0,feeder,attack,enemy,Q3_NE,0.398887,3.509014,chosen_action,,0.0,0.18,0.091519,0.500566,0.227893,0.0,3.509014,chasing_leader,leader_target,,,0,0,0,0.0,0.0,0.0
test,without_mine,best 1039,1039,10,0,expander,initiation,neutral,Q2_NW,0.386192,2.766632,chosen_action,,0.0,0.0,0.122106,0.246909,0.203,1.0,2.766632,neutral,neutral,,,0,0,0,0.0,0.0,0.0
test,without_mine,best 1039,1039,40,0,expander,expansion,neutral,Q2_NW,0.29081,2.006251,chosen_action,,0.0,0.18,0.016753,0.200324,0.38924,0.0,2.006251,cash_in,cash_in,,,0,0,0,0.0,0.0,0.0
test,without_mine,best 1039,1039,50,0,expander,expansion,enemy,Q0_SE,0.492281,4.417182,chosen_action,,0.0,0.18,0.028416,0.716319,0.517049,0.0,4.417182,overtake_window,overtake_window,,,0,0,0,0.0,0.0,0.0
test,without_mine,best 1039,1039,50,0,expander,expansion,friendly,Q2_NW,0.232542,1.579731,chosen_action,,0.0,0.18,0.030902,0.128762,0.20052,0.0,1.579731,neutral,neutral,,,0,0,0,0.0,0.0,0.0
test,without_mine,best 1039,best,60,1,expander,expansion,enemy,Q3_NE,0.933137,2.398602,chosen_action,,0.0,0.070923,0.178539,0.194113,0.246467,0.0,2.398602,chasing_leader,leader_target,,,0,0,0,0.0,0.0,0.0
test,without_mine,best 1039,best,60,1,expander,expansion,friendly,Q3_NE,0.797469,1.432506,chosen_action,,0.0,0.082133,0.176244,0.091051,0.158507,0.0,1.432506,neutral,neutral,,,0,0,0,0.0,0.0,0.0
test,without_mine,best 1039,best,70,1,expander,expansion,friendly,Q3_NE,1.0,1.564556,chosen_action,,0.0,0.017445,0.00732,0.095507,0.2484,0.0,1.564556,pressured,concentrated_inbound,21,Q3_NE,2,2,103,42.0,2.4524,0.364
test,without_mine,best 1039,1039,70,0,expander,expansion,enemy,Q1_SW,0.453004,3.835431,chosen_action,,0.0,0.18,0.029873,0.58726,0.31556,0.0,3.835431,overtake_window,overtake_window,,,0,0,0,0.0,0.0,0.0
test,without_mine,best 1039,1039,70,0,expander,expansion,enemy,Q3_NE,0.448876,3.645004,chosen_action,,0.0,0.166862,0.005511,0.499156,0.331133,0.0,3.645004,chasing_leader,leader_target,,,0,0,0,0.0,0.0,0.0
test,without_mine,best 1039,1039,90,0,expander,expansion,enemy,Q3_NE,0.467733,3.958432,chosen_action,,0.0,0.179511,0.042166,0.552781,0.467969,0.0,3.958432,overtake_window,overtake_window,,,0,0,0,0.0,0.0,0.0
test,without_mine,intruder 1039,intruder,0,1,anchor,initiation,neutral,Q0_SE,1.0,2.05115,chosen_action,,0.0,0.0,0.0,0.165167,0.485,0.0,2.05115,neutral,neutral,,,0,0,0,0.0,0.0,0.0
test,without_mine,intruder 1039,1039,0,0,anchor,initiation,neutral,Q2_NW,0.33685,2.05115,chosen_action,,0.0,0.0,0.0,0.165167,0.485,0.0,2.05115,neutral,neutral,,,0,0,0,0.0,0.0,0.0
test,without_mine,intruder 1039,1039,50,0,expander,established,neutral,Q3_NE,0.330609,2.009767,chosen_action,,0.0,0.0,0.0,0.201316,0.39008,0.0,2.009767,cash_in,cash_in,,,0,0,0,0.0,0.0,0.0
test,without_mine,intruder 1039,1039,50,0,expander,established,neutral,Q1_SW,0.241011,2.407059,chosen_action,,0.0,0.18,0.101639,0.313462,0.485,0.0,2.407059,cash_in,cash_in,,,0,0,0,0.0,0.0,0.0
test,without_mine,intruder 1039,1039,60,0,anchor,established,neutral,Q1_SW,0.263806,2.407059,chosen_action,,0.0,0.18,0.067665,0.313462,0.485,0.0,2.407059,cash_in,cash_in,,,0,0,0,0.0,0.0,0.0
test,without_mine,intruder 1039,1039,70,0,expander,established,neutral,Q1_SW,0.297536,2.009767,chosen_action,,0.0,0.017337,0.041244,0.201316,0.39008,0.0,2.009767,cash_in,cash_in,,,0,0,0,0.0,0.0,0.0
test,without_mine,intruder 1039,1039,80,0,expander,attack,neutral,Q2_NW,0.203446,1.932804,chosen_action,,0.0,0.18,0.063192,0.214473,0.30968,0.0,1.932804,neutral,neutral,,,0,0,0,0.0,0.0,0.0
test,without_mine,intruder 1039,intruder,100,1,expander,attack,enemy,Q2_NW,1.0,2.721349,chosen_action,,0.0,0.024606,0.071277,0.262299,0.36432,0.0,2.721349,cash_in,cash_in,,,0,0,0,0.0,0.0,0.0
test,without_mine,intruder 1039,intruder,100,1,expander,attack,enemy,Q2_NW,1.0,2.395374,chosen_action,,0.0,0.0,0.0,0.193571,0.24504,0.0,2.395374,chasing_leader,leader_target,,,0,0,0,0.0,0.0,0.0
test,without_mine,intruder 1039,intruder,110,1,expander,established,friendly,Q3_NE,0.844331,1.606038,chosen_action,,0.0,0.177307,0.056612,0.127776,0.22176,0.0,1.606038,neutral,neutral,,,0,0,0,0.0,0.0,0.0
test,without_mine,intruder 1039,1039,110,0,anchor,attack,enemy,Q2_NW,0.518413,3.477846,chosen_action,,0.0,0.0,0.0,0.431649,0.327324,0.0,3.477846,chasing_leader,leader_target,,,0,0,0,0.0,0.0,0.0
test,without_mine,best intruder smith 1039,best,30,0,feeder,attack,neutral,Q0_SE,0.323183,2.685032,chosen_action,,0.0,0.050998,0.181297,0.276957,0.31136,0.666667,2.685032,neutral,neutral,,,0,0,0,0.0,0.0,0.0
test,without_mine,best intruder smith 1039,1039,30,0,feeder,attack,neutral,Q0_SE,0.228416,2.364934,chosen_action,,0.0,0.18,0.053218,0.213232,0.40976,0.333333,2.364934,cash_in,cash_in,,,0,0,0,0.0,0.0,0.0
test,without_mine,best intruder smith 1039,1039,40,0,expander,attack,neutral,Q1_SW,0.239363,2.160914,chosen_action,,0.0,0.18,0.034717,0.224097,0.461542,0.0,2.160914,cash_in,cash_in,,,0,0,0,0.0,0.0,0.0
test,without_mine,best intruder smith 1039,intruder,50,1,expander,attack,friendly,Q2_NW,0.664274,1.494158,chosen_action,,0.0,0.0,0.4,0.080664,0.22264,0.0,1.494158,pressured,concentrated_inbound,11,Q2_NW,2,2,59,22.0,2.6818,4.857
test,without_mine,best intruder smith 1039,intruder,50,1,feeder,attack,friendly,Q1_SW,1.0,2.165238,chosen_action,,0.0,0.021008,0.0,0.222153,0.4682,0.0,2.165238,pressured,concentrated_inbound,11,Q2_NW,2,2,59,22.0,2.6818,4.857
test,without_mine,best intruder smith 1039,intruder,60,1,feeder,attack,friendly,Q1_SW,1.0,2.137691,chosen_action,,0.0,0.021008,0.0,0.216345,0.45812,0.0,2.137691,cash_in,cash_in,,,0,0,0,0.0,0.0,0.0
test,without_mine,best intruder smith 1039,intruder,70,1,expander,attack,enemy,Q1_SW,1.0,1.625007,chosen_action,,0.0,0.0,0.0,0.108252,0.27052,0.0,1.625007,pressured,concentrated_inbound,17,Q2_NW,2,3,47,75.0,0.6267,5.19
test,without_mine,best intruder smith 1039,intruder,70,1,feeder,attack,neutral,Q0_SE,1.0,1.755783,chosen_action,,0.0,0.0,0.0,0.102892,0.37692,0.0,1.755783,pressured,concentrated_inbound,17,Q2_NW,2,3,47,75.0,0.6267,5.19
test,without_mine,best intruder smith 1039,intruder,70,1,expander,attack,neutral,Q1_SW,0.823321,1.755783,chosen_action,,0.0,0.18,0.095392,0.102892,0.37692,0.0,1.755783,pressured,concentrated_inbound,17,Q2_NW,2,3,47,75.0,0.6267,5.19
test,without_mine,best intruder smith 1039,intruder,80,1,expander,established,friendly,Q0_SE,1.0,1.574504,chosen_action,,0.0,0.0,0.0,0.097604,0.25204,0.0,1.574504,neutral,neutral,,,0,0,0,0.0,0.0,0.0
test,without_mine,best intruder smith 1200,smith,20,0,expander,expansion,neutral,Q0_SE,0.178342,1.721674,chosen_action,,0.0,0.18,0.4,0.094068,0.367342,0.0,1.721674,cash_in,cash_in,,,0,0,0,0.0,0.0,0.0
test,without_mine,best intruder smith 1200,best,30,0,expander,expansion,neutral,Q1_SW,0.238135,1.958864,chosen_action,,0.0,0.18,0.250265,0.183042,0.384862,0.0,1.958864,cash_in,cash_in,,,0,0,0,0.0,0.0,0.0
test,without_mine,best intruder smith 1200,best,30,0,expander,expansion,enemy,Q0_SE,0.422374,3.392809,chosen_action,,0.0,0.18,0.238543,0.481282,0.176098,0.0,3.392809,chasing_leader,leader_target,,,0,0,0,0.0,0.0,0.0
test,without_mine,best intruder smith 1200,best,30,0,expander,expansion,neutral,Q3_NE,0.126597,1.97609,chosen_action,,0.95,0.18,0.4,0.177429,0.4076,0.0,1.97609,cash_in,cash_in,,,0,0,0,0.0,0.0,0.0
test,without_mine,best intruder smith 1200,intruder,30,1,expander,expansion,neutral,Q0_SE,0.176516,2.406231,chosen_action,,0.95,0.18,0.4,0.215717,0.435933,0.333333,2.406231,cash_in,cash_in,,,0,0,0,0.0,0.0,0.0
test,without_mine,best intruder smith 1200,intruder,30,1,expander,expansion,enemy,Q3_NE,0.439399,4.508706,chosen_action,,0.95,0.18,0.363857,0.588069,0.3684,0.666667,4.508706,overtake_window,overtake_window,,,0,0,0,0.0,0.0,0.0
test,without_mine,best intruder smith 1200,best,40,0,expander,expansion,neutral,Q0_SE,0.15419,1.541956,chosen_action,,0.0,0.18,0.4,0.103525,0.217404,0.0,1.541956,neutral,neutral,,,0,0,0,0.0,0.0,0.0
test,without_mine,best intruder smith 1200,intruder,40,1,expander,expansion,enemy,Q3_NE,0.769335,3.729186,chosen_action,,0.0,0.18,0.4,0.561152,0.283276,0.0,3.729186,overtake_window,overtake_window,,,0,0,0,0.0,0.0,0.0
test,without_mine,best intruder smith 1200,smith,40,0,expander,expansion,neutral,Q2_NW,0.167107,1.637741,chosen_action,,0.0,0.18,0.4,0.09626,0.301271,0.0,1.637741,pressured,concentrated_inbound,22,Q0_SE,2,3,65,68.0,0.9559,2.492
test,without_mine,best intruder smith 1200,intruder,60,1,expander,expansion,neutral,Q0_SE,0.783503,2.264641,chosen_action,,0.0,0.18,0.200912,0.210179,0.56312,0.0,2.264641,cash_in,cash_in,,,0,0,0,0.0,0.0,0.0
test,without_mine,best intruder smith 1200,intruder,60,1,expander,expansion,neutral,Q3_NE,0.876388,2.551889,chosen_action,,0.0,0.18,0.145259,0.263565,0.680987,0.0,2.551889,cash_in,cash_in,,,0,0,0,0.0,0.0,0.0
test,without_mine,best intruder smith 1200,intruder,70,1,expander,expansion,neutral,Q2_NW,1.0,2.264641,chosen_action,,0.0,0.070628,0.0,0.210179,0.56312,0.0,2.264641,cash_in,cash_in,,,0,0,0,0.0,0.0,0.0
test,without_mine,best intruder smith 1200,intruder,70,1,expander,expansion,unknown,unknown,0.424397,1.0,chosen_action,,0.0,0.18,0.215603,0.0,0.0,0.0,1.0,neutral,neutral,,,0,0,0,0.0,0.0,0.0
test,without_mine,best intruder smith 1200,smith,70,0,expander,expansion,enemy,Q2_NW,0.347063,3.586517,chosen_action,,0.0,0.18,0.4,0.523646,0.244271,0.0,3.586517,chasing_leader,leader_target,,,0,0,0,0.0,0.0,0.0
test,without_mine,best intruder smith 1200,intruder,90,1,expander,expansion,neutral,Q3_NE,0.05578,1.426908,chosen_action,,0.95,0.18,0.191934,0.057076,0.21476,0.0,1.426908,neutral,neutral,,,0,0,0,0.0,0.0,0.0
test,without_mine,intruder 1200,intruder,10,1,expander,expansion,neutral,Q0_SE,0.947835,1.380996,chosen_action,,0.0,0.005667,0.096349,0.047396,0.19796,0.0,1.380996,neutral,neutral,,,0,0,0,0.0,0.0,0.0
test,without_mine,intruder 1200,1200,10,0,expander,expansion,neutral,Q2_NW,0.383906,2.716657,chosen_action,,0.0,0.005667,0.096349,0.228921,0.19796,1.0,2.716657,neutral,neutral,,,0,0,0,0.0,0.0,0.0
test,without_mine,intruder 1200,1200,20,0,expander,expansion,neutral,Q3_NE,0.485922,3.434852,chosen_action,,0.0,0.053757,0.0,0.398682,0.42816,1.0,3.434852,cash_in,cash_in,,,0,0,0,0.0,0.0,0.0
test,without_mine,intruder 1200,1200,20,0,expander,expansion,neutral,Q3_NE,0.485994,3.434852,chosen_action,,0.0,0.053397,0.0,0.398682,0.42816,1.0,3.434852,cash_in,cash_in,,,0,0,0,0.0,0.0,0.0
test,without_mine,intruder 1200,intruder,30,1,attacker,established,neutral,Q0_SE,1.0,1.895814,chosen_action,,0.0,0.073473,0.0,0.132416,0.42816,0.0,1.895814,cash_in,cash_in,,,0,0,0,0.0,0.0,0.0
test,without_mine,intruder 1200,intruder,40,1,expander,established,neutral,Q0_SE,0.845176,1.627229,chosen_action,,0.0,0.161459,0.075479,0.075788,0.32988,0.0,1.627229,pressured,concentrated_inbound,8,Q0_SE,2,5,73,56.0,1.3036,2.769
test,without_mine,intruder 1200,intruder,40,1,feeder,established,friendly,Q0_SE,0.522278,1.426982,chosen_action,,0.0,0.18,0.072852,0.090024,0.15624,0.0,1.426982,pressured,concentrated_inbound,8,Q0_SE,2,5,73,56.0,1.3036,2.769
test,without_mine,intruder 1200,1200,40,0,expander,attack,enemy,Q0_SE,0.476035,3.558813,chosen_action,,0.0,0.18,0.081126,0.479088,0.302964,0.0,3.558813,chasing_leader,leader_target,,,0,0,0,0.0,0.0,0.0
test,without_mine,intruder 1200,intruder,50,1,sweeper,attack,friendly,Q2_NW,0.156605,1.825651,chosen_action,,0.95,0.0,0.0,0.174079,0.30212,0.0,1.825651,neutral,neutral,,,0,0,0,0.0,0.0,0.0
test,without_mine,intruder 1200,intruder,50,1,expander,attack,friendly,Q0_SE,0.096187,1.741317,chosen_action,,0.95,0.18,0.088247,0.132775,0.31308,0.0,1.741317,neutral,neutral,,,0,0,0,0.0,0.0,0.0
test,without_mine,intruder 1200,intruder,50,1,expander,attack,enemy,Q0_SE,0.526302,2.524692,chosen_action,,0.0,0.18,0.072573,0.220836,0.29236,0.0,2.524692,chasing_leader,leader_target,,,0,0,0,0.0,0.0,0.0
test,without_mine,intruder 1200,intruder,50,1,expander,attack,neutral,Q0_SE,0.933218,1.390179,chosen_action,,0.0,0.112331,0.005488,0.049332,0.20132,0.0,1.390179,neutral,neutral,,,0,0,0,0.0,0.0,0.0
test,without_mine,intruder 1200,1200,50,0,attacker,attack,neutral,Q0_SE,0.346702,2.418681,chosen_action,,0.0,0.18,0.001395,0.308842,0.501822,0.0,2.418681,cash_in,cash_in,,,0,0,0,0.0,0.0,0.0
test,without_mine,intruder 1200,1200,50,0,sweeper,attack,neutral,Q0_SE,0.28028,2.418681,chosen_action,,0.0,0.18,0.053503,0.308842,0.501822,0.0,2.418681,cash_in,cash_in,,,0,0,0,0.0,0.0,0.0
test,without_mine,intruder 1200,1200,50,0,expander,attack,neutral,Q2_NW,0.244095,1.583293,chosen_action,,0.0,0.147059,0.010748,0.105784,0.244009,0.0,1.583293,neutral,neutral,,,0,0,0,0.0,0.0,0.0
test,without_mine,intruder 1200,1200,50,0,expander,attack,neutral,Q2_NW,0.267966,1.823158,chosen_action,,0.0,0.18,0.015082,0.13861,0.363329,0.0,1.823158,cash_in,cash_in,,,0,0,0,0.0,0.0,0.0
test,without_mine,intruder 1200,1200,50,0,expander,attack,neutral,Q1_SW,0.275755,1.926279,chosen_action,,0.0,0.18,0.042595,0.161505,0.399013,0.0,1.926279,cash_in,cash_in,,,0,0,0,0.0,0.0,0.0
test,without_mine,intruder 1200,1200,50,0,expander,attack,neutral,Q3_NE,0.273511,1.757797,chosen_action,,0.0,0.0,0.066235,0.130191,0.32988,0.0,1.757797,neutral,neutral,,,0,0,0,0.0,0.0,0.0
test,without_mine,intruder 1200,intruder,60,1,expander,attack,friendly,Q0_SE,0.939068,1.795499,chosen_action,,0.0,0.163673,0.0,0.166296,0.293622,0.0,1.795499,neutral,neutral,,,0,0,0,0.0,0.0,0.0
test,without_mine,intruder 1200,1200,60,0,expander,attack,friendly,Q3_NE,0.199276,1.897331,chosen_action,,0.0,0.18,0.4,0.218413,0.2764,0.0,1.897331,neutral,neutral,,,0,0,0,0.0,0.0,0.0
test,without_mine,intruder 1200,intruder,70,1,expander,attack,unknown,unknown,0.439382,1.0,chosen_action,,0.0,0.18,0.200618,0.0,0.0,0.0,1.0,neutral,neutral,,,0,0,0,0.0,0.0,0.0
test,without_mine,intruder 1200,intruder,70,1,expander,attack,enemy,Q0_SE,1.0,2.196422,chosen_action,,0.0,0.0,0.006902,0.151624,0.17224,0.0,2.196422,chasing_leader,leader_target,,,0,0,0,0.0,0.0,0.0
test,without_mine,intruder 1200,1200,70,0,expander,attack,friendly,Q3_NE,0.159169,1.443785,chosen_action,,0.0,0.14548,0.345491,0.090388,0.16804,0.0,1.443785,neutral,neutral,,,0,0,0,0.0,0.0,0.0
test,without_mine,intruder 1200,1200,70,0,expander,attack,unknown,unknown,0.096665,1.0,chosen_action,,0.0,0.18,0.156673,0.0,0.0,0.0,1.0,neutral,neutral,,,0,0,0,0.0,0.0,0.0
test,without_mine,intruder 1200,intruder,80,1,expander,attack,friendly,Q0_SE,0.970349,1.752192,chosen_action,,0.0,0.126771,0.0,0.158591,0.27524,0.0,1.752192,pressured,concentrated_inbound,17,Q0_SE,2,2,33,56.0,0.5893,7.159
test,without_mine,intruder 1200,1200,80,0,expander,attack,enemy,Q2_NW,0.420467,3.042023,chosen_action,,0.0,0.009989,0.198153,0.342051,0.163778,0.0,3.042023,chasing_leader,leader_target,,,0,0,0,0.0,0.0,0.0
test,without_mine,best intruder 1200 1039,best,10,1,anchor,initiation,neutral,Q3_NE,0.532938,2.066798,chosen_action,,0.0,0.18,0.085496,0.190264,0.451973,0.0,2.066798,neutral,neutral,,,0,0,0,0.0,0.0,0.0
test,without_mine,best intruder 1200 1039,1039,10,0,anchor,initiation,neutral,Q0_SE,0.303112,3.081598,chosen_action,,0.0,0.18,0.07378,0.317243,0.533493,0.666667,3.081598,neutral,neutral,,,0,0,0,0.0,0.0,0.0
test,without_mine,best intruder 1200 1039,1039,20,0,expander,expansion,enemy,Q2_NW,0.206921,2.001956,chosen_action,,0.0,0.18,0.4,0.200344,0.1638,0.333333,2.001956,neutral,neutral,,,0,0,0,0.0,0.0,0.0
test,without_mine,best intruder 1200 1039,best,30,1,expander,expansion,neutral,Q2_NW,0.958513,2.570841,chosen_action,,0.0,0.18,0.065606,0.266342,0.690089,0.0,2.570841,cash_in,cash_in,,,0,0,0,0.0,0.0,0.0
test,without_mine,best intruder 1200 1039,best,30,1,expander,expansion,enemy,Q0_SE,0.993659,2.84072,chosen_action,,0.0,0.18,0.066021,0.287467,0.408,0.0,2.84072,cash_in,cash_in,,,0,0,0,0.0,0.0,0.0
test,without_mine,best intruder 1200 1039,intruder,30,0,expander,expansion,friendly,Q2_NW,0.280679,2.297616,chosen_action,,0.0,0.0,0.4,0.283466,0.235036,0.333333,2.297616,neutral,neutral,,,0,0,0,0.0,0.0,0.0
test,without_mine,best intruder 1200 1039,1200,40,0,expander,expansion,enemy,Q3_NE,0.496249,4.258971,chosen_action,,0.0,0.18,0.086231,0.685075,0.4554,0.0,4.258971,overtake_window,overtake_window,,,0,0,0,0.0,0.0,0.0
test,without_mine,best intruder 1200 1039,1200,50,0,expander,expansion,enemy,Q2_NW,0.225039,2.650264,chosen_action,,0.0,0.18,0.4,0.383116,0.245027,0.0,2.650264,pressured,concentrated_inbound,3,Q2_NW,2,3,200,68.0,2.9412,4.295
test,without_mine,best intruder 1200 1039,1200,50,0,anchor,expansion,enemy,Q1_SW,0.372357,3.909235,chosen_action,,0.95,0.18,0.257131,0.610377,0.329133,0.0,3.909235,pressured,concentrated_inbound,3,Q2_NW,2,3,200,68.0,2.9412,4.295
test,without_mine,best intruder 1200 1039,intruder,70,0,expander,expansion,enemy,Q2_NW,0.481941,3.814053,chosen_action,,0.0,0.0,0.387924,0.617413,0.24612,0.0,3.814053,overtake_window,overtake_window,,,0,0,0,0.0,0.0,0.0
test,without_mine,best intruder 1200 1039,best,80,1,expander,expansion,friendly,Q3_NE,0.324648,1.454529,chosen_action,,0.0,0.18,0.274039,0.095832,0.16632,0.0,1.454529,pressured,concentrated_inbound,3,Q2_NW,2,2,120,74.0,1.6216,1.873
test,without_mine,best intruder 1200 1039,intruder,80,0,expander,expansion,neutral,Q2_NW,0.301239,2.583506,chosen_action,,0.0,0.18,0.334036,0.354392,0.542938,0.0,2.583506,pressured,concentrated_inbound,13,Q2_NW,2,2,172,145.0,1.1862,3.83
test,without_mine,best intruder 1200 1039,1200,80,0,expander,expansion,enemy,Q1_SW,0.497391,4.918338,chosen_action,,0.95,0.18,0.271661,0.752692,0.601391,0.333333,4.918338,overtake_window,overtake_window,,,0,0,0,0.0,0.0,0.0
test,without_mine,best intruder 1200 1039,best,90,1,expander,expansion,friendly,Q2_NW,0.824232,1.954808,chosen_action,,0.0,0.152178,0.147342,0.177787,0.3912,0.0,1.954808,cash_in,cash_in,,,0,0,0,0.0,0.0,0.0
train,with_mine,mine best,mine,30,0,expander,expansion,friendly,Q1_SW,0.232065,2.004546,chosen_action,,0.0,0.18,0.030546,0.188273,0.4094,0.0,2.004546,cash_in,cash_in,,,0,0,0,0.0,0.0,0.0
train,with_mine,mine best,mine,50,0,expander,established,friendly,Q3_NE,0.282948,1.63878,chosen_action,,0.0,0.0,0.0,0.111156,0.27556,0.0,1.63878,neutral,neutral,,,0,0,0,0.0,0.0,0.0
train,with_mine,mine best,mine,50,0,expander,established,friendly,Q3_NE,0.329875,2.052754,chosen_action,,0.0,0.0,0.0,0.198437,0.42704,0.0,2.052754,cash_in,cash_in,,,0,0,0,0.0,0.0,0.0
train,with_mine,mine best,mine,60,0,expander,established,friendly,Q0_SE,0.106065,1.206604,chosen_action,,0.0,0.18,0.143055,0.04356,0.0756,0.0,1.206604,neutral,neutral,,,0,0,0,0.0,0.0,0.0
train,with_mine,mine best,mine,70,0,expander,attack,friendly,Q0_SE,0.213043,1.698466,chosen_action,,0.0,0.108053,0.0,0.12374,0.2974,0.0,1.698466,neutral,neutral,,,0,0,0,0.0,0.0,0.0
train,with_mine,mine best,mine,70,0,expander,attack,neutral,Q2_NW,0.159519,1.732258,chosen_action,,0.0,0.18,0.021115,0.09462,0.3742,0.0,1.732258,cash_in,cash_in,,,0,0,0,0.0,0.0,0.0
train,with_mine,mine best,mine,70,0,expander,attack,friendly,Q0_SE,0.152149,1.698466,chosen_action,,0.0,0.18,0.232527,0.12374,0.2974,0.0,1.698466,neutral,neutral,,,0,0,0,0.0,0.0,0.0
train,with_mine,mine best,best,70,1,anchor,expansion,friendly,Q2_NW,1.0,3.380209,chosen_action,,0.0,0.0,0.0,0.418754,0.352,1.0,3.380209,pressured,concentrated_inbound,9,Q1_SW,2,3,54,60.0,0.9,6.383
train,with_mine,mine best,mine,80,0,expander,attack,friendly,Q0_SE,0.176102,1.468396,chosen_action,,0.0,0.101573,0.320448,0.097335,0.17392,0.0,1.468396,neutral,neutral,,,0,0,0,0.0,0.0,0.0
train,with_mine,mine best,best,80,1,expander,expansion,friendly,Q0_SE,1.0,1.707867,chosen_action,,0.0,0.0,0.0,0.123652,0.30452,0.0,1.707867,pressured,concentrated_inbound,9,Q1_SW,2,4,72,74.0,0.973,6.101
train,with_mine,mine best,mine,90,0,expander,expansion,friendly,Q0_SE,0.219273,1.607015,chosen_action,,0.0,0.037347,0.257637,0.133268,0.21272,0.0,1.607015,neutral,neutral,,,0,0,0,0.0,0.0,0.0
train,with_mine,mine best,best,90,1,expander,attack,friendly,Q0_SE,1.0,2.03898,chosen_action,,0.0,0.0,0.0,0.195533,0.422,0.0,2.03898,pressured,concentrated_inbound,10,Q3_NE,2,2,41,72.0,0.5694,5.496
train,with_mine,mine intruder,mine,30,1,expander,expansion,neutral,Q3_NE,0.655675,3.644511,chosen_action,,0.0,0.18,0.148441,0.4243,0.53792,1.0,3.644511,cash_in,cash_in,,,0,0,0,0.0,0.0,0.0
train,with_mine,mine intruder,intruder,40,0,attacker,established,neutral,Q2_NW,0.232603,1.557758,chosen_action,,0.0,0.0,0.200356,0.084664,0.26264,0.0,1.557758,neutral,neutral,,,0,0,0,0.0,0.0,0.0
train,with_mine,mine intruder,mine,60,1,expander,established,neutral,Q0_SE,0.416786,1.364927,chosen_action,,0.0,0.164313,0.186679,0.044008,0.19208,0.0,1.364927,neutral,neutral,,,0,0,0,0.0,0.0,0.0
train,with_mine,mine intruder,mine,70,1,expander,attack,neutral,Q2_NW,0.348226,1.614428,chosen_action,,0.0,0.18,0.131891,0.090379,0.294458,0.0,1.614428,neutral,neutral,,,0,0,0,0.0,0.0,0.0
train,with_mine,mine intruder,mine,70,1,anchor,attack,friendly,Q3_NE,0.618178,1.989242,chosen_action,,0.0,0.18,0.05002,0.185047,0.4038,0.0,1.989242,cash_in,cash_in,,,0,0,0,0.0,0.0,0.0
train,with_mine,mine intruder,mine,80,1,attacker,established,friendly,Q1_SW,0.717199,1.479619,chosen_action,,0.0,0.080725,0.264473,0.077599,0.21732,0.0,1.479619,neutral,neutral,,,0,0,0,0.0,0.0,0.0
train,with_mine,mine intruder,mine,80,1,expander,established,friendly,Q0_SE,0.859951,1.319088,chosen_action,,0.0,0.0,0.181249,0.067276,0.11676,0.0,1.319088,neutral,neutral,,,0,0,0,0.0,0.0,0.0
train,with_mine,mine intruder,intruder,80,0,feeder,attack,enemy,Q1_SW,0.281981,3.180539,chosen_action,,0.0,0.18,0.286582,0.405391,0.153778,0.0,3.180539,pressured,concentrated_inbound,13,Q3_NE,2,2,91,52.0,1.75,8.273
train,with_mine,mine intruder,intruder,80,0,expander,attack,enemy,Q0_SE,0.302481,3.361006,chosen_action,,0.95,0.18,0.185448,0.449343,0.20932,0.0,3.361006,pressured,concentrated_inbound,13,Q3_NE,2,2,91,52.0,1.75,8.273
train,with_mine,mine intruder,mine,90,1,expander,established,friendly,Q3_NE,1.0,1.989242,chosen_action,,0.0,0.024831,0.0,0.185047,0.4038,0.0,1.989242,cash_in,cash_in,,,0,0,0,0.0,0.0,0.0
train,with_mine,mine intruder,mine,90,1,feeder,established,friendly,Q1_SW,0.956761,1.585216,chosen_action,,0.0,0.0,0.119271,0.099863,0.25596,0.0,1.585216,neutral,neutral,,,0,0,0,0.0,0.0,0.0
train,with_mine,mine intruder,mine,100,1,expander,established,friendly,Q1_SW,1.0,2.005311,chosen_action,,0.0,0.0,0.0,0.188435,0.40968,0.0,2.005311,cash_in,cash_in,,,0,0,0,0.0,0.0,0.0
train,with_mine,mine intruder,intruder,100,0,anchor,attack,friendly,Q2_NW,0.230447,1.752008,chosen_action,,0.0,0.04846,0.107817,0.177392,0.24168,0.0,1.752008,pressured,concentrated_inbound,12,Q2_NW,2,2,100,20.0,5.0,4.772
train,with_mine,mine intruder,mine,110,1,feeder,attack,enemy,Q2_NW,0.312781,2.36094,chosen_action,,0.0,0.18,0.164951,0.186311,0.23244,0.0,2.36094,chasing_leader,leader_target,,,0,0,0,0.0,0.0,0.0
train,with_mine,mine intruder,intruder,110,0,feeder,attack,friendly,Q2_NW,0.329615,2.467396,chosen_action,,0.0,0.05442,0.049706,0.375777,0.418911,0.0,2.467396,pressured,concentrated_inbound,23,Q2_NW,2,2,109,23.0,4.7391,0.125
train,with_mine,mine intruder,intruder,110,0,anchor,attack,friendly,Q2_NW,0.380501,2.467396,chosen_action,,0.0,0.0,0.0,0.375777,0.418911,0.0,2.467396,pressured,concentrated_inbound,23,Q2_NW,2,2,109,23.0,4.7391,0.125
train,with_mine,mine intruder,mine,130,1,expander,attack,enemy,Q2_NW,0.794963,2.120063,chosen_action,,0.0,0.150104,0.201094,0.159048,0.10248,0.0,2.120063,chasing_leader,leader_target,,,0,0,0,0.0,0.0,0.0
train,with_mine,mine best intruder smith,best,30,0,anchor,expansion,enemy,Q0_SE,0.223973,2.537496,chosen_action,,0.0,0.18,0.143031,0.287661,0.405267,0.333333,2.537496,cash_in,cash_in,,,0,0,0,0.0,0.0,0.0
train,with_mine,mine best intruder smith,smith,30,0,feeder,attack,friendly,Q2_NW,0.233447,1.846915,chosen_action,,0.0,0.101869,0.0,0.155039,0.35172,0.0,1.846915,cash_in,cash_in,,,0,0,0,0.0,0.0,0.0
train,with_mine,mine best intruder smith,smith,30,0,attacker,attack,neutral,Q2_NW,0.249896,2.001412,chosen_action,,0.0,0.18,0.22266,0.15468,0.4668,0.0,2.001412,cash_in,cash_in,,,0,0,0,0.0,0.0,0.0
train,with_mine,mine best intruder smith,best,40,0,expander,attack,enemy,Q0_SE,0.325714,2.310149,chosen_action,,0.0,0.18,0.040448,0.244173,0.536396,0.0,2.310149,cash_in,cash_in,,,0,0,0,0.0,0.0,0.0
train,with_mine,mine best intruder smith,best,60,0,feeder,attack,friendly,Q1_SW,0.308031,2.393523,chosen_action,,0.0,0.079467,0.0,0.303647,0.2702,0.333333,2.393523,neutral,neutral,,,0,0,0,0.0,0.0,0.0
train,with_mine,mine best intruder smith,intruder,70,1,expander,attack,neutral,Q3_NE,1.0,1.449864,chosen_action,,0.0,0.0,0.0,0.061916,0.22316,0.0,1.449864,pressured,concentrated_inbound,19,Q0_SE,2,2,121,135.0,0.8963,3.308
train,with_mine,mine best intruder smith,mine,80,0,anchor,attack,enemy,Q3_NE,0.523662,4.508676,chosen_action,,0.0,0.18,0.0,0.708082,0.377244,0.333333,4.508676,pressured,concentrated_inbound,19,Q0_SE,2,2,105,30.0,3.5,2.538
train,with_mine,mine best intruder smith,mine,80,0,attacker,attack,friendly,Q0_SE,0.260367,1.960616,chosen_action,,0.0,0.18,0.134948,0.236277,0.29152,0.0,1.960616,pressured,concentrated_inbound,19,Q0_SE,2,2,105,30.0,3.5,2.538
train,with_mine,mine best intruder smith,mine,80,0,expander,attack,friendly,Q0_SE,0.281254,1.960616,chosen_action,,0.0,0.18,0.030513,0.236277,0.29152,0.0,1.960616,pressured,concentrated_inbound,19,Q0_SE,2,2,105,30.0,3.5,2.538
train,with_mine,mine best intruder smith,smith,80,0,feeder,attack,friendly,Q2_NW,0.435278,3.181988,chosen_action,,0.0,0.031834,0.0,0.415487,0.4332,0.666667,3.181988,cash_in,cash_in,,,0,0,0,0.0,0.0,0.0
train,with_mine,mine best intruder smith,mine,90,0,anchor,attack,neutral,Q2_NW,0.284089,2.885403,chosen_action,,0.0,0.18,0.069987,0.33171,0.584667,0.333333,2.885403,cash_in,cash_in,,,0,0,0,0.0,0.0,0.0
train,with_mine,mine best intruder smith,best,90,0,attacker,attack,enemy,Q0_SE,0.374269,2.745591,chosen_action,,0.0,0.18,0.070416,0.419685,0.546924,0.0,2.745591,pressured,concentrated_inbound,1,Q1_SW,2,2,107,193.0,0.5544,8.537
train,with_mine,mine best intruder smith,mine,110,0,anchor,attack,friendly,Q0_SE,0.341271,2.214666,chosen_action,,0.0,0.001003,0.0,0.300443,0.365631,0.0,2.214666,pressured,concentrated_inbound,4,Q0_SE,2,3,179,180.0,0.9944,4.426
train,with_mine,mine best intruder smith,best,110,0,expander,attack,enemy,Q0_SE,0.341731,2.402482,chosen_action,,0.0,0.18,0.012796,0.33535,0.442698,0.0,2.402482,pressured,concentrated_inbound,1,Q1_SW,2,2,93,100.0,0.93,6.375
train,with_mine,mine best intruder smith,intruder,110,1,expander,attack,enemy,Q0_SE,0.951181,2.081491,chosen_action,,0.0,0.18,0.009009,0.200471,0.444711,0.0,2.081491,cash_in,cash_in,,,0,0,0,0.0,0.0,0.0
train,with_mine,mine best intruder smith,best,120,0,expander,attack,enemy,Q0_SE,0.567803,4.222676,chosen_action,,0.0,0.18,0.045178,0.675927,0.444778,0.0,4.222676,overtake_window,overtake_window,,,0,0,0,0.0,0.0,0.0
train,with_mine,mine best intruder smith,intruder,120,1,expander,attack,neutral,Q2_NW,0.526807,2.198435,chosen_action,,0.0,0.18,0.029158,0.191298,0.547644,0.0,2.198435,pressured,concentrated_inbound,4,Q0_SE,2,2,88,14.0,6.2857,0.0
train,with_mine,mine best intruder smith,best,130,0,attacker,attack,enemy,Q0_SE,0.598353,4.108007,chosen_action,,0.0,0.0,0.0,0.635721,0.431316,0.0,4.108007,overtake_window,overtake_window,,,0,0,0,0.0,0.0,0.0
train,with_mine,mine best intruder smith,best,130,0,expander,attack,enemy,Q0_SE,0.612217,4.411903,chosen_action,,0.0,0.119796,0.0,0.770557,0.416716,0.0,4.411903,overtake_window,overtake_window,,,0,0,0,0.0,0.0,0.0
train,with_mine,mine best intruder smith,best,130,0,anchor,attack,friendly,Q1_SW,0.333276,2.143441,chosen_action,,0.0,0.0,0.0,0.287884,0.3352,0.0,2.143441,neutral,neutral,,,0,0,0,0.0,0.0,0.0
train,with_mine,mine best intruder smith,best,130,0,feeder,attack,neutral,Q3_NE,0.259805,2.506729,chosen_action,,0.0,0.18,0.012999,0.324641,0.538956,0.0,2.506729,cash_in,cash_in,,,0,0,0,0.0,0.0,0.0
train,with_mine,mine best intruder smith,best,130,0,expander,attack,enemy,Q3_NE,0.407583,4.188718,chosen_action,,0.95,0.18,0.030771,0.712303,0.354956,0.0,4.188718,overtake_window,overtake_window,,,0,0,0,0.0,0.0,0.0
train,with_mine,mine best intruder smith,intruder,130,1,expander,attack,unknown,unknown,0.586567,1.0,chosen_action,,0.0,0.18,0.053433,0.0,0.0,0.0,1.0,neutral,neutral,,,0,0,0,0.0,0.0,0.0
train,with_mine,mine best intruder smith,intruder,130,1,anchor,attack,friendly,Q0_SE,0.980561,1.765038,chosen_action,,0.0,0.015606,0.0,0.137776,0.32176,0.0,1.765038,neutral,neutral,,,0,0,0,0.0,0.0,0.0
train,with_mine,mine best intruder smith,intruder,130,1,expander,attack,friendly,Q3_NE,0.62782,1.772852,chosen_action,,0.0,0.18,0.011968,0.162947,0.2828,0.0,1.772852,neutral,neutral,,,0,0,0,0.0,0.0,0.0
train,with_mine,mine best intruder smith,smith,130,0,anchor,attack,enemy,Q2_NW,0.548995,3.832027,chosen_action,,0.0,0.000129,0.0,0.556827,0.367142,0.0,3.832027,overtake_window,overtake_window,,,0,0,0,0.0,0.0,0.0
train,with_mine,mine best intruder smith,smith,140,0,anchor,initiation,enemy,Q2_NW,0.549662,3.829622,chosen_action,,0.0,0.0,0.0,0.55953,0.360556,0.0,3.829622,overtake_window,overtake_window,,,0,0,0,0.0,0.0,0.0
train,with_mine,mine best intruder smith,intruder,150,1,anchor,attack,enemy,Q1_SW,0.23963,2.840018,chosen_action,,0.95,0.18,0.035481,0.285272,0.411382,0.0,2.840018,cash_in,cash_in,,,0,0,0,0.0,0.0,0.0
train,with_mine,mine best intruder smith,smith,150,0,anchor,initiation,enemy,Q2_NW,0.553353,3.855714,chosen_action,,0.0,0.0,0.0,0.564829,0.370462,0.0,3.855714,overtake_window,overtake_window,,,0,0,0,0.0,0.0,0.0
train,with_mine,mine best intruder smith,best,160,0,attacker,attack,enemy,Q3_NE,0.429015,4.348132,chosen_action,,0.95,0.18,0.264556,0.703486,0.488716,0.0,4.348132,overtake_window,overtake_window,,,0,0,0,0.0,0.0,0.0
train,with_mine,mine best intruder smith,best,170,0,expander,attack,enemy,Q0_SE,0.576703,4.469543,chosen_action,,0.0,0.18,0.161168,0.716796,0.554987,0.0,4.469543,overtake_window,overtake_window,,,0,0,0,0.0,0.0,0.0
train,with_mine,mine best intruder 1200,best,40,0,expander,attack,neutral,Q0_SE,0.219832,1.524523,chosen_action,,0.0,0.18,0.063022,0.074989,0.255222,0.0,1.524523,neutral,neutral,,,0,0,0,0.0,0.0,0.0
train,with_mine,mine best intruder 1200,best,40,0,expander,attack,friendly,Q0_SE,0.139679,1.317993,chosen_action,,0.0,0.18,0.047162,0.064377,0.121102,0.0,1.317993,neutral,neutral,,,0,0,0,0.0,0.0,0.0
train,with_mine,mine best intruder 1200,mine,50,0,feeder,attack,friendly,Q0_SE,0.257831,1.576209,chosen_action,,0.0,0.003997,0.0,0.12404,0.206307,0.0,1.576209,neutral,neutral,,,0,0,0,0.0,0.0,0.0
train,with_mine,mine best intruder 1200,best,50,0,expander,attack,enemy,Q0_SE,0.337627,2.500253,chosen_action,,0.0,0.18,0.041673,0.236958,0.245596,0.666667,2.500253,pressured,concentrated_inbound,1,Q1_SW,4,4,72,84.0,0.8571,6.118
train,with_mine,mine best intruder 1200,1200,50,0,expander,attack,neutral,Q2_NW,0.200495,1.378701,chosen_action,,0.0,0.18,0.065303,0.046912,0.19712,0.0,1.378701,neutral,neutral,,,0,0,0,0.0,0.0,0.0
train,with_mine,mine best intruder 1200,1200,50,0,attacker,attack,unknown,unknown,0.115852,1.0,chosen_action,,0.0,0.18,0.060741,0.0,0.0,0.0,1.0,neutral,neutral,,,0,0,0,0.0,0.0,0.0
train,with_mine,mine best intruder 1200,mine,60,0,feeder,attack,neutral,Q3_NE,0.171682,1.759974,chosen_action,,0.0,0.18,0.034548,0.136926,0.31952,0.0,1.759974,pressured,concentrated_inbound,8,Q0_SE,2,2,96,52.0,1.8462,1.396
train,with_mine,mine best intruder 1200,intruder,60,1,expander,attack,unknown,unknown,0.465982,1.0,chosen_action,,0.0,0.18,0.174018,0.0,0.0,0.0,1.0,neutral,neutral,,,0,0,0,0.0,0.0,0.0
train,with_mine,mine best intruder 1200,mine,70,0,anchor,attack,friendly,Q0_SE,0.193191,1.551604,chosen_action,,0.0,0.078291,0.068427,0.120823,0.1938,0.0,1.551604,neutral,neutral,,,0,0,0,0.0,0.0,0.0
train,with_mine,mine best intruder 1200,1200,70,0,feeder,attack,friendly,Q2_NW,0.275631,1.586169,chosen_action,,0.0,0.0,0.0,0.12623,0.209791,0.0,1.586169,pressured,concentrated_inbound,11,Q2_NW,3,3,71,19.0,3.7368,6.682
train,with_mine,mine best intruder 1200,intruder,80,1,expander,attack,enemy,Q2_NW,0.893068,1.56226,chosen_action,,0.0,0.18,0.0,0.095023,0.24756,0.0,1.56226,neutral,neutral,,,0,0,0,0.0,0.0,0.0
train,with_mine,mine best intruder 1200,1200,80,0,anchor,initiation,enemy,Q1_SW,0.265349,2.498211,chosen_action,,0.0,0.18,0.077164,0.249011,0.148582,0.333333,2.498211,chasing_leader,leader_target,,,0,0,0,0.0,0.0,0.0
train,with_mine,mine best intruder 1200,intruder,90,1,expander,attack,enemy,Q1_SW,0.971524,2.935065,chosen_action,,0.0,0.18,0.100468,0.300872,0.454053,0.0,2.935065,cash_in,cash_in,,,0,0,0,0.0,0.0,0.0
train,with_mine,mine best intruder 1200,intruder,90,1,expander,established,neutral,Q2_NW,0.497722,1.390179,chosen_action,,0.0,0.084258,0.132269,0.049332,0.20132,0.0,1.390179,neutral,neutral,,,0,0,0,0.0,0.0,0.0
train,with_mine,mine best intruder 1200,best,100,0,attacker,attack,enemy,Q2_NW,0.488625,3.563466,chosen_action,,0.0,0.18,0.021248,0.479374,0.305902,0.0,3.563466,chasing_leader,leader_target,,,0,0,0,0.0,0.0,0.0
train,with_mine,mine best intruder 1200,best,110,0,anchor,attack,friendly,Q1_SW,0.281692,1.724436,chosen_action,,0.0,0.0,0.020375,0.151588,0.267129,0.0,1.724436,neutral,neutral,,,0,0,0,0.0,0.0,0.0
train,with_mine,mine best intruder 1200,intruder,110,1,expander,attack,enemy,Q1_SW,1.0,2.24616,chosen_action,,0.0,0.0,0.0,0.162111,0.19044,0.0,2.24616,chasing_leader,leader_target,,,0,0,0,0.0,0.0,0.0
train,with_mine,mine best intruder 1039,1039,0,0,anchor,initiation,neutral,Q2_NW,0.18195,1.856789,chosen_action,,0.0,0.18,0.189025,0.124188,0.41388,0.0,1.856789,neutral,neutral,,,0,0,0,0.0,0.0,0.0
train,with_mine,mine best intruder 1039,intruder,10,0,anchor,expansion,neutral,Q2_NW,0.243242,1.901902,chosen_action,,0.0,0.075426,0.0,0.132572,0.432391,0.0,1.901902,neutral,neutral,,,0,0,0,0.0,0.0,0.0
train,with_mine,mine best intruder 1039,1039,20,0,anchor,initiation,neutral,Q2_NW,0.319536,1.923042,chosen_action,,0.0,0.0,0.0,0.176836,0.36936,0.0,1.923042,cash_in,cash_in,,,0,0,0,0.0,0.0,0.0
train,with_mine,mine best intruder 1039,mine,40,0,anchor,attack,friendly,Q0_SE,0.347959,2.192431,chosen_action,,0.0,0.0,0.0,0.218261,0.27304,0.333333,2.192431,neutral,neutral,,,0,0,0,0.0,0.0,0.0
train,with_mine,mine best intruder 1039,best,40,1,sweeper,attack,friendly,Q2_NW,1.0,1.625007,chosen_action,,0.0,0.0,0.0,0.108252,0.27052,0.0,1.625007,neutral,neutral,,,0,0,0,0.0,0.0,0.0
train,with_mine,mine best intruder 1039,best,40,1,attacker,attack,friendly,Q2_NW,1.0,1.61812,chosen_action,,0.0,0.0,0.0,0.1068,0.268,0.0,1.61812,neutral,neutral,,,0,0,0,0.0,0.0,0.0
train,with_mine,mine best intruder 1039,intruder,40,0,anchor,attack,friendly,Q3_NE,0.357257,2.451664,chosen_action,,0.0,0.023641,0.0,0.374888,0.40884,0.0,2.451664,cash_in,cash_in,,,0,0,0,0.0,0.0,0.0
train,with_mine,mine best intruder 1039,mine,50,0,sweeper,attack,friendly,Q0_SE,0.250787,2.374601,chosen_action,,0.0,0.18,0.142725,0.264083,0.32652,0.333333,2.374601,pressured,concentrated_inbound,16,Q0_SE,2,2,131,137.0,0.9562,0.758
train,with_mine,mine best intruder 1039,mine,50,0,feeder,attack,friendly,Q3_NE,0.317148,2.40172,chosen_action,,0.0,0.068699,0.0,0.257723,0.357916,0.333333,2.40172,pressured,concentrated_inbound,16,Q0_SE,2,2,131,137.0,0.9562,0.758
train,with_mine,mine best intruder 1039,intruder,50,0,anchor,attack,friendly,Q3_NE,0.353688,2.26298,chosen_action,,0.0,0.0,0.0,0.321627,0.36376,0.0,2.26298,pressured,concentrated_inbound,11,Q2_NW,2,2,100,80.0,1.25,2.033
train,with_mine,mine best intruder 1039,best,60,1,expander,attack,enemy,Q2_NW,0.756217,2.522397,chosen_action,,0.0,0.162362,0.0,0.220352,0.29152,0.0,2.522397,chasing_leader,leader_target,,,0,0,0,0.0,0.0,0.0
train,with_mine,mine best intruder 1039,best,60,1,expander,attack,friendly,Q2_NW,1.0,1.768864,chosen_action,,0.0,0.0,0.0,0.138583,0.32316,0.0,1.768864,neutral,neutral,,,0,0,0,0.0,0.0,0.0
train,with_mine,mine best intruder 1039,intruder,80,0,anchor,attack,friendly,Q3_NE,0.288079,1.911394,chosen_action,,0.0,0.023641,0.000957,0.222382,0.27976,0.0,1.911394,pressured,concentrated_inbound,23,Q3_NE,2,2,87,60.0,1.45,6.095
train,with_mine,mine best intruder 1039,mine,90,0,anchor,attack,friendly,Q0_SE,0.311581,2.03878,chosen_action,,0.0,0.012855,0.0,0.24538,0.333236,0.0,2.03878,neutral,neutral,,,0,0,0,0.0,0.0,0.0
train,with_mine,mine best intruder 1039,best,90,1,expander,established,friendly,Q0_SE,1.0,1.631894,chosen_action,,0.0,0.0,0.0,0.109704,0.27304,0.0,1.631894,neutral,neutral,,,0,0,0,0.0,0.0,0.0
train,with_mine,mine best intruder 1039,mine,100,0,anchor,expansion,enemy,Q0_SE,0.549098,3.735565,chosen_action,,0.0,0.0,0.0,0.51985,0.361427,0.0,3.735565,pressured,concentrated_inbound,0,Q0_SE,2,2,111,47.0,2.3617,0.128
train,with_mine,mine best intruder 1039,intruder,110,0,anchor,expansion,friendly,Q0_SE,0.325551,2.041936,chosen_action,,0.0,0.0,0.00049,0.232068,0.35924,0.0,2.041936,cash_in,cash_in,,,0,0,0,0.0,0.0,0.0
train,with_mine,mine intruder,mine,10,0,expander,expansion,neutral,Q3_NE,0.386843,3.184225,chosen_action,,0.0,0.18,0.208114,0.338219,0.35,1.0,3.184225,neutral,neutral,,,0,0,0,0.0,0.0,0.0
train,with_mine,mine intruder,mine,30,0,expander,expansion,friendly,Q1_SW,0.255842,1.889513,chosen_action,,0.0,0.18,0.108692,0.251088,0.21252,0.0,1.889513,neutral,neutral,,,0,0,0,0.0,0.0,0.0
train,with_mine,mine intruder,mine,30,0,expander,expansion,friendly,Q0_SE,0.291072,1.952798,chosen_action,,0.0,0.026927,0.126016,0.268952,0.22764,0.0,1.952798,neutral,neutral,,,0,0,0,0.0,0.0,0.0
train,with_mine,mine intruder,intruder,30,1,expander,expansion,enemy,Q1_SW,0.194536,2.49444,chosen_action,,0.95,0.18,0.045821,0.236141,0.242742,0.0,2.49444,chasing_leader,leader_target,,,0,0,0,0.0,0.0,0.0
train,with_mine,mine intruder,intruder,40,1,expander,expansion,friendly,Q2_NW,1.0,1.693271,chosen_action,,0.0,0.026927,0.0,0.146168,0.25368,0.0,1.693271,neutral,neutral,,,0,0,0,0.0,0.0,0.0
train,with_mine,mine intruder,mine,50,0,anchor,expansion,neutral,Q0_SE,0.292734,1.809363,chosen_action,,0.0,0.0,0.029427,0.144747,0.3422,0.0,1.809363,neutral,neutral,,,0,0,0,0.0,0.0,0.0
train,with_mine,mine intruder,intruder,50,1,expander,expansion,enemy,Q1_SW,1.0,2.783954,chosen_action,,0.0,0.0,0.0,0.273934,0.390009,0.0,2.783954,cash_in,cash_in,,,0,0,0,0.0,0.0,0.0
train,with_mine,mine intruder,intruder,50,1,expander,expansion,neutral,Q2_NW,1.0,1.660898,chosen_action,,0.0,0.071049,0.014235,0.082887,0.3422,0.0,1.660898,neutral,neutral,,,0,0,0,0.0,0.0,0.0
train,with_mine,mine intruder,intruder,50,1,expander,expansion,friendly,Q3_NE,0.836805,1.587674,chosen_action,,0.0,0.18,0.059074,0.123904,0.21504,0.0,1.587674,neutral,neutral,,,0,0,0,0.0,0.0,0.0
train,with_mine,mine intruder,intruder,50,1,expander,expansion,enemy,Q0_SE,0.976616,2.644079,chosen_action,,0.0,0.18,0.057322,0.263665,0.304653,0.0,2.644079,chasing_leader,leader_target,,,0,0,0,0.0,0.0,0.0
train,with_mine,mine intruder,mine,60,0,expander,expansion,friendly,Q0_SE,0.313478,1.888252,chosen_action,,0.0,0.0,0.0,0.247802,0.217427,0.0,1.888252,neutral,neutral,,,0,0,0,0.0,0.0,0.0
train,with_mine,mine intruder,mine,70,0,feeder,attack,friendly,Q0_SE,0.355732,2.237531,chosen_action,,0.0,0.0,0.0,0.313733,0.358942,0.0,2.237531,cash_in,cash_in,,,0,0,0,0.0,0.0,0.0
train,with_mine,mine intruder,mine,70,0,anchor,attack,friendly,Q0_SE,0.353887,2.237531,chosen_action,,0.0,0.0,0.0,0.313733,0.358942,0.0,2.237531,cash_in,cash_in,,,0,0,0,0.0,0.0,0.0
train,with_mine,mine intruder,intruder,70,1,expander,expansion,enemy,Q0_SE,0.853119,2.257638,chosen_action,,0.0,0.052334,0.258942,0.164531,0.19464,0.0,2.257638,pressured,concentrated_inbound,5,Q1_SW,2,2,76,165.0,0.4606,1.709
train,with_mine,mine intruder,intruder,80,1,expander,attack,friendly,Q0_SE,0.985265,1.410751,chosen_action,,0.0,0.0,0.06824,0.063079,0.19212,0.0,1.410751,neutral,neutral,,,0,0,0,0.0,0.0,0.0
train,with_mine,mine best intruder 1200,mine,0,0,expander,initiation,neutral,Q0_SE,0.221686,1.9702,chosen_action,,0.0,0.121207,0.4,0.171623,0.41356,0.0,1.9702,neutral,neutral,,,0,0,0,0.0,0.0,0.0
train,with_mine,mine best intruder 1200,best,0,1,expander,initiation,neutral,Q1_SW,0.60472,1.9702,chosen_action,,0.0,0.121207,0.4,0.171623,0.41356,0.0,1.9702,neutral,neutral,,,0,0,0,0.0,0.0,0.0
train,with_mine,mine best intruder 1200,intruder,0,0,expander,initiation,neutral,Q3_NE,0.221686,1.9702,chosen_action,,0.0,0.121207,0.4,0.171623,0.41356,0.0,1.9702,neutral,neutral,,,0,0,0,0.0,0.0,0.0
train,with_mine,mine best intruder 1200,best,10,1,expander,expansion,neutral,Q1_SW,1.0,2.64968,chosen_action,,0.0,0.053263,0.0,0.260259,0.53708,0.333333,2.64968,cash_in,cash_in,,,0,0,0,0.0,0.0,0.0
train,with_mine,mine best intruder 1200,1200,10,0,expander,expansion,neutral,Q2_NW,0.45497,3.818938,chosen_action,,0.0,0.06584,0.388858,0.49745,0.53708,1.0,3.818938,cash_in,cash_in,,,0,0,0,0.0,0.0,0.0
train,with_mine,mine best intruder 1200,best,20,1,expander,expansion,neutral,Q2_NW,0.869325,2.257754,chosen_action,,0.0,0.18,0.114201,0.208727,0.5606,0.0,2.257754,cash_in,cash_in,,,0,0,0,0.0,0.0,0.0
train,with_mine,mine best intruder 1200,best,20,1,expander,expansion,enemy,Q0_SE,0.823794,2.849524,chosen_action,,0.0,0.18,0.236682,0.30636,0.380933,0.0,2.849524,cash_in,cash_in,,,0,0,0,0.0,0.0,0.0
train,with_mine,mine best intruder 1200,intruder,20,0,expander,expansion,friendly,Q0_SE,0.436578,2.933072,chosen_action,,0.0,0.0,0.0,0.391559,0.291356,0.666667,2.933072,neutral,neutral,,,0,0,0,0.0,0.0,0.0
train,with_mine,mine best intruder 1200,intruder,20,0,expander,expansion,friendly,Q3_NE,0.418923,3.109383,chosen_action,,0.0,0.18,0.024323,0.406497,0.3954,0.666667,3.109383,cash_in,cash_in,,,0,0,0,0.0,0.0,0.0
train,with_mine,mine best intruder 1200,best,30,1,expander,expansion,enemy,Q1_SW,1.0,2.613403,chosen_action,,0.0,0.0,0.0,0.262189,0.284556,0.0,2.613403,chasing_leader,leader_target,,,0,0,0,0.0,0.0,0.0
train,with_mine,mine best intruder 1200,best,30,1,expander,expansion,friendly,Q2_NW,1.0,1.850902,chosen_action,,0.0,0.0,0.1,0.179403,0.31136,0.0,1.850902,neutral,neutral,,,0,0,0,0.0,0.0,0.0
train,with_mine,mine best intruder 1200,best,30,1,anchor,expansion,neutral,Q0_SE,0.288379,1.647045,chosen_action,,0.0,0.18,0.095952,0.097072,0.30672,0.0,1.647045,neutral,neutral,,,0,0,0,0.0,0.0,0.0
train,with_mine,mine best intruder 1200,intruder,30,0,expander,expansion,neutral,Q3_NE,0.340908,3.081518,chosen_action,,0.0,0.18,0.4,0.364697,0.449071,0.666667,3.081518,pressured,concentrated_inbound,6,Q3_NE,2,2,18,35.0,0.5143,1.233
train,with_mine,mine best intruder 1200,intruder,30,0,anchor,expansion,enemy,Q2_NW,0.49566,4.622671,chosen_action,,0.0,0.18,0.09288,0.606014,0.420916,0.666667,4.622671,pressured,concentrated_inbound,6,Q3_NE,2,2,18,35.0,0.5143,1.233
train,with_mine,mine best intruder 1200,1200,30,0,expander,expansion,enemy,Q3_NE,0.446843,3.882563,chosen_action,,0.0,0.149999,0.4,0.541639,0.431578,0.666667,3.882563,pressured,concentrated_inbound,15,Q3_NE,2,2,104,72.0,1.4444,5.691
train,with_mine,mine best intruder 1200,1200,30,0,expander,expansion,friendly,Q2_NW,0.467966,3.199385,chosen_action,,0.0,0.015855,0.0,0.439038,0.404218,0.666667,3.199385,pressured,concentrated_inbound,15,Q3_NE,2,2,104,72.0,1.4444,5.691
train,with_mine,mine best intruder 1200,best,60,1,expander,expansion,enemy,Q0_SE,0.710887,2.695343,chosen_action,,0.0,0.18,0.04961,0.277418,0.318178,0.0,2.695343,chasing_leader,leader_target,,,0,0,0,0.0,0.0,0.0
train,with_mine,mine best intruder 1200,intruder,60,0,expander,expansion,unknown,unknown,0.080354,1.0,chosen_action,,0.0,0.18,0.238228,0.0,0.0,0.0,1.0,neutral,neutral,,,0,0,0,0.0,0.0,0.0
train,with_mine,mine best intruder 1200,intruder,60,0,expander,expansion,enemy,Q2_NW,0.573126,4.654951,chosen_action,,0.0,0.18,0.293968,0.803697,0.537836,0.0,4.654951,overtake_window,overtake_window,,,0,0,0,0.0,0.0,0.0
train,with_mine,mine best intruder 1200,best,70,1,expander,expansion,neutral,Q1_SW,0.988135,1.390179,chosen_action,,0.0,0.0,0.054514,0.049332,0.20132,0.0,1.390179,neutral,neutral,,,0,0,0,0.0,0.0,0.0
train,with_mine,mine best intruder 1200,intruder,70,0,expander,expansion,enemy,Q0_SE,0.586833,4.027384,chosen_action,,0.0,0.0,0.0,0.674221,0.303151,0.0,4.027384,overtake_window,overtake_window,,,0,0,0,0.0,0.0,0.0
train,with_mine,mine best intruder smith,best,20,0,expander,expansion,neutral,Q1_SW,0.301046,2.135694,chosen_action,,0.0,0.160066,0.042832,0.156663,0.34052,0.333333,2.135694,neutral,neutral,,,0,0,0,0.0,0.0,0.0
train,with_mine,mine best intruder smith,smith,20,0,anchor,expansion,friendly,Q2_NW,0.157693,1.55512,chosen_action,,0.0,0.06382,0.29582,0.121815,0.19464,0.0,1.55512,neutral,neutral,,,0,0,0,0.0,0.0,0.0
train,with_mine,mine best intruder smith,mine,30,0,expander,expansion,enemy,Q2_NW,0.474669,3.593382,chosen_action,,0.0,0.18,0.044726,0.475159,0.335556,0.666667,3.593382,pressured,concentrated_inbound,1,Q1_SW,2,4,50,41.0,1.2195,4.106
train,with_mine,mine best intruder smith,intruder,30,1,expander,expansion,unknown,unknown,0.58613,1.0,chosen_action,,0.0,0.18,0.05387,0.0,0.0,0.0,1.0,neutral,neutral,,,0,0,0,0.0,0.0,0.0
train,with_mine,mine best intruder smith,intruder,30,1,expander,expansion,friendly,Q0_SE,1.0,1.775148,chosen_action,,0.0,0.058671,0.0,0.163431,0.28364,0.0,1.775148,neutral,neutral,,,0,0,0,0.0,0.0,0.0
train,with_mine,mine best intruder smith,mine,40,0,expander,expansion,enemy,Q1_SW,0.425653,2.816808,chosen_action,,0.0,0.0,0.0,0.329392,0.24168,0.333333,2.816808,pressured,concentrated_inbound,24,Q0_SE,2,2,112,10.0,11.2,0.971
train,with_mine,mine best intruder smith,best,40,0,expander,expansion,enemy,Q1_SW,0.301571,2.212406,chosen_action,,0.0,0.110228,0.134218,0.226387,0.273391,0.333333,2.212406,neutral,neutral,,,0,0,0,0.0,0.0,0.0
train,with_mine,mine best intruder smith,best,40,0,expander,expansion,enemy,Q0_SE,0.172378,2.377656,chosen_action,,0.95,0.18,0.126894,0.232138,0.385573,0.333333,2.377656,cash_in,cash_in,,,0,0,0,0.0,0.0,0.0
train,with_mine,mine best intruder smith,intruder,40,1,expander,expansion,enemy,Q2_NW,0.208436,2.597932,chosen_action,,0.95,0.18,0.123171,0.231103,0.32836,0.0,2.597932,chasing_leader,leader_target,,,0,0,0,0.0,0.0,0.0
train,with_mine,mine best intruder smith,smith,40,0,anchor,expansion,neutral,Q1_SW,0.225498,2.788474,chosen_action,,0.95,0.18,0.265649,0.314948,0.542667,0.333333,2.788474,cash_in,cash_in,,,0,0,0,0.0,0.0,0.0
train,with_mine,mine best intruder smith,mine,50,0,expander,expansion,enemy,Q2_NW,0.365543,3.630786,chosen_action,,0.0,0.18,0.342184,0.472927,0.367231,0.0,3.630786,cash_in,cash_in,,,0,0,0,0.0,0.0,0.0
train,with_mine,mine best intruder smith,mine,50,0,expander,expansion,enemy,Q0_SE,0.338006,2.602275,chosen_action,,0.0,0.015893,0.210798,0.31102,0.337649,0.0,2.602275,chasing_leader,leader_target,,,0,0,0,0.0,0.0,0.0
train,with_mine,mine best intruder smith,best,50,0,expander,expansion,enemy,Q0_SE,0.233754,2.796934,chosen_action,,0.95,0.18,0.060283,0.291845,0.367782,0.0,2.796934,cash_in,cash_in,,,0,0,0,0.0,0.0,0.0
train,with_mine,mine best intruder smith,intruder,50,1,expander,expansion,friendly,Q0_SE,1.0,2.212384,chosen_action,,0.0,0.0,0.01552,0.26487,0.20496,0.333333,2.212384,neutral,neutral,,,0,0,0,0.0,0.0,0.0
train,with_mine,mine best intruder smith,intruder,50,1,expander,expansion,neutral,Q0_SE,0.979847,2.668974,chosen_action,,0.0,0.18,0.049922,0.304681,0.4724,0.333333,2.668974,cash_in,cash_in,,,0,0,0,0.0,0.0,0.0
train,with_mine,mine best intruder smith,intruder,50,1,expander,expansion,friendly,Q0_SE,1.0,2.558254,chosen_action,,0.0,0.112842,0.0,0.337793,0.33152,0.333333,2.558254,neutral,neutral,,,0,0,0,0.0,0.0,0.0
train,with_mine,mine best intruder smith,mine,60,0,expander,expansion,friendly,Q1_SW,0.238268,1.667628,chosen_action,,0.0,0.18,0.058387,0.153573,0.22152,0.0,1.667628,pressured,concentrated_inbound,1,Q1_SW,2,2,94,90.0,1.0444,7.272
train,with_mine,mine best intruder smith,best,60,0,expander,expansion,neutral,Q1_SW,0.142296,2.092456,chosen_action,,0.95,0.18,0.100669,0.168217,0.510173,0.0,2.092456,cash_in,cash_in,,,0,0,0,0.0,0.0,0.0
train,with_mine,mine best intruder smith,intruder,60,1,anchor,expansion,friendly,Q0_SE,0.673886,1.674659,chosen_action,,0.0,0.015893,0.29337,0.155558,0.2232,0.0,1.674659,neutral,neutral,,,0,0,0,0.0,0.0,0.0
train,with_mine,mine best intruder smith,intruder,60,1,expander,expansion,neutral,Q3_NE,0.098035,1.756045,chosen_action,,0.95,0.18,0.103058,0.138569,0.313689,0.0,1.756045,neutral,neutral,,,0,0,0,0.0,0.0,0.0
train,with_mine,mine best intruder smith,best,70,0,expander,expansion,enemy,Q1_SW,0.47707,3.562547,chosen_action,,0.0,0.18,0.081609,0.447391,0.36208,0.0,3.562547,cash_in,cash_in,,,0,0,0,0.0,0.0,0.0
train,with_mine,mine best intruder smith,best,70,0,expander,expansion,neutral,Q2_NW,0.307462,2.123446,chosen_action,,0.0,0.18,0.008315,0.233405,0.41724,0.0,2.123446,cash_in,cash_in,,,0,0,0,0.0,0.0,0.0
train,with_mine,mine best intruder smith,best,70,0,expander,expansion,friendly,Q2_NW,0.335755,2.239927,chosen_action,,0.0,0.112842,0.0,0.350001,0.29624,0.0,2.239927,neutral,neutral,,,0,0,0,0.0,0.0,0.0
train,with_mine,mine best intruder smith,intruder,70,1,expander,expansion,enemy,Q2_NW,1.0,2.925782,chosen_action,,0.0,0.18,0.063533,0.322024,0.409573,0.0,2.925782,cash_in,cash_in,,,0,0,0,0.0,0.0,0.0
train,with_mine,mine best intruder smith,best,80,0,expander,expansion,neutral,Q1_SW,0.31172,2.297452,chosen_action,,0.0,0.18,0.099792,0.265745,0.48864,0.0,2.297452,cash_in,cash_in,,,0,0,0,0.0,0.0,0.0
train,with_mine,mine best intruder smith,best,80,0,expander,expansion,enemy,Q0_SE,0.379459,4.003161,chosen_action,,0.95,0.18,0.106877,0.548103,0.287196,0.333333,4.003161,chasing_leader,leader_target,,,0,0,0,0.0,0.0,0.0
train,with_mine,mine best intruder smith,intruder,80,1,expander,expansion,friendly,Q1_SW,0.129435,1.615221,chosen_action,,0.95,0.0,0.0,0.129712,0.22512,0.0,1.615221,neutral,neutral,,,0,0,0,0.0,0.0,0.0
train,with_mine,mine best intruder smith,intruder,80,1,expander,expansion,friendly,Q0_SE,0.127064,1.596856,chosen_action,,0.95,0.0,0.0,0.12584,0.2184,0.0,1.596856,neutral,neutral,,,0,0,0,0.0,0.0,0.0
train,with_mine,mine best intruder smith,best,90,0,expander,expansion,friendly,Q2_NW,0.316482,1.94225,chosen_action,,0.0,0.0,0.019158,0.265974,0.22512,0.0,1.94225,neutral,neutral,,,0,0,0,0.0,0.0,0.0
train,with_mine,mine best intruder smith,best,90,0,expander,expansion,neutral,Q2_NW,0.145125,2.123446,chosen_action,,0.95,0.18,0.044949,0.233405,0.41724,0.0,2.123446,cash_in,cash_in,,,0,0,0,0.0,0.0,0.0
train,with_mine,mine best intruder smith,intruder,90,1,expander,expansion,neutral,Q0_SE,0.11294,1.865972,chosen_action,,0.95,0.18,0.063416,0.126124,0.41724,0.0,1.865972,cash_in,cash_in,,,0,0,0,0.0,0.0,0.0
train,with_mine,mine best intruder smith,intruder,90,1,expander,expansion,friendly,Q1_SW,1.0,1.654246,chosen_action,,0.0,0.0,0.033132,0.13794,0.2394,0.0,1.654246,neutral,neutral,,,0,0,0,0.0,0.0,0.0
train,with_mine,mine best intruder smith,intruder,90,1,expander,expansion,neutral,Q3_NE,0.132272,2.01512,chosen_action,,0.95,0.18,0.063416,0.153844,0.47844,0.0,2.01512,cash_in,cash_in,,,0,0,0,0.0,0.0,0.0
train,with_mine,mine best intruder smith,best,100,0,expander,expansion,unknown,unknown,0.119731,1.0,chosen_action,,0.0,0.18,0.041345,0.0,0.0,0.0,1.0,neutral,neutral,,,0,0,0,0.0,0.0,0.0
train,with_mine,mine best intruder smith,intruder,100,1,expander,expansion,enemy,Q2_NW,0.918495,2.374477,chosen_action,,0.0,0.165833,0.095195,0.187049,0.241156,0.0,2.374477,chasing_leader,leader_target,,,0,0,0,0.0,0.0,0.0
train,with_mine,mine best intruder smith,intruder,100,1,expander,expansion,friendly,Q0_SE,0.684802,1.456663,chosen_action,,0.0,0.0,0.31267,0.072759,0.20892,0.0,1.456663,neutral,neutral,,,0,0,0,0.0,0.0,0.0
train,with_mine,mine best intruder smith,best,110,0,expander,expansion,enemy,Q2_NW,0.528075,3.67669,chosen_action,,0.0,0.0,0.07014,0.572796,0.223689,0.0,3.67669,overtake_window,overtake_window,,,0,0,0,0.0,0.0,0.0
train,with_mine,mine best intruder smith,best,110,0,expander,expansion,friendly,Q2_NW,0.259787,1.800056,chosen_action,,0.0,0.18,0.035463,0.189712,0.255369,0.0,1.800056,neutral,neutral,,,0,0,0,0.0,0.0,0.0
train,with_mine,mine best intruder smith,best,110,0,expander,expansion,enemy,Q1_SW,0.36351,3.842209,chosen_action,,0.95,0.18,0.089869,0.605872,0.287493,0.0,3.842209,overtake_window,overtake_window,,,0,0,0,0.0,0.0,0.0
train,with_mine,mine best intruder smith,intruder,110,1,expander,expansion,enemy,Q0_SE,1.0,2.626626,chosen_action,,0.0,0.0,0.0,0.265851,0.28784,0.0,2.626626,chasing_leader,leader_target,,,0,0,0,0.0,0.0,0.0
train,with_mine,mine best intruder smith,intruder,110,1,expander,expansion,friendly,Q1_SW,0.713237,1.610468,chosen_action,,0.0,0.0,0.317278,0.105187,0.2652,0.0,1.610468,neutral,neutral,,,0,0,0,0.0,0.0,0.0
train,with_mine,mine best intruder smith,intruder,110,1,expander,expansion,friendly,Q1_SW,0.863958,1.610468,chosen_action,,0.0,0.177457,0.037877,0.105187,0.2652,0.0,1.610468,neutral,neutral,,,0,0,0,0.0,0.0,0.0
train,with_mine,mine best intruder smith,best,120,0,expander,expansion,friendly,Q2_NW,0.271142,1.85787,chosen_action,,0.0,0.162157,0.029833,0.242156,0.20496,0.0,1.85787,neutral,neutral,,,0,0,0,0.0,0.0,0.0
train,with_mine,mine best intruder smith,best,120,0,expander,expansion,enemy,Q1_SW,0.421369,4.294572,chosen_action,,0.95,0.18,0.081213,0.728699,0.404218,0.0,4.294572,overtake_window,overtake_window,,,0,0,0,0.0,0.0,0.0
train,with_mine,mine best intruder smith,best,120,0,expander,expansion,enemy,Q0_SE,0.389301,4.04288,chosen_action,,0.95,0.18,0.312276,0.654158,0.350298,0.0,4.04288,overtake_window,overtake_window,,,0,0,0,0.0,0.0,0.0
train,with_mine,mine best intruder smith,intruder,120,1,expander,expansion,enemy,Q2_NW,1.0,2.511454,chosen_action,,0.0,0.098854,0.042779,0.239475,0.249418,0.0,2.511454,pressured,concentrated_inbound,27,Q2_NW,2,2,47,8.0,5.875,0.117
train,with_mine,mine best intruder smith,intruder,120,1,expander,expansion,friendly,Q0_SE,0.124693,1.578491,chosen_action,,0.95,0.0,0.0,0.121968,0.21168,0.0,1.578491,pressured,concentrated_inbound,27,Q2_NW,2,2,47,8.0,5.875,0.117
train,with_mine,mine best intruder smith,best,130,0,expander,expansion,friendly,Q2_NW,0.261905,1.935219,chosen_action,,0.0,0.0,0.287557,0.263989,0.22344,0.0,1.935219,neutral,neutral,,,0,0,0,0.0,0.0,0.0
train,with_mine,mine best intruder smith,best,130,0,expander,expansion,enemy,Q2_NW,0.479241,3.479802,chosen_action,,0.0,0.0,0.148686,0.473079,0.25512,0.0,3.479802,chasing_leader,leader_target,,,0,0,0,0.0,0.0,0.0
train,with_mine,mine best intruder smith,best,130,0,expander,expansion,enemy,Q0_SE,0.453103,3.481328,chosen_action,,0.0,0.18,0.148578,0.43461,0.32464,0.0,3.481328,chasing_leader,leader_target,,,0,0,0,0.0,0.0,0.0
train,with_mine,mine best intruder smith,intruder,130,1,expander,expansion,neutral,Q3_NE,0.623531,2.067353,chosen_action,,0.0,0.115436,0.4,0.167318,0.493178,0.0,2.067353,cash_in,cash_in,,,0,0,0,0.0,0.0,0.0
train,with_mine,mine best intruder smith,intruder,130,1,expander,expansion,friendly,Q1_SW,1.0,1.587674,chosen_action,,0.0,0.0,0.0,0.123904,0.21504,0.0,1.587674,neutral,neutral,,,0,0,0,0.0,0.0,0.0
train,with_mine,mine best intruder smith,intruder,130,1,expander,expansion,neutral,Q2_NW,0.905361,1.903719,chosen_action,,0.0,0.18,0.032472,0.13314,0.432729,0.0,1.903719,cash_in,cash_in,,,0,0,0,0.0,0.0,0.0
train,with_mine,mine best intruder smith,intruder,130,1,expander,expansion,friendly,Q0_SE,0.86477,1.555374,chosen_action,,0.0,0.18,0.027408,0.093571,0.24504,0.0,1.555374,neutral,neutral,,,0,0,0,0.0,0.0,0.0
train,with_mine,mine best intruder smith,intruder,140,1,expander,expansion,friendly,Q2_NW,1.0,1.795808,chosen_action,,0.0,0.0,0.0,0.167787,0.2912,0.0,1.795808,neutral,neutral,,,0,0,0,0.0,0.0,0.0
train,with_mine,mine best,mine,0,0,expander,initiation,neutral,Q0_SE,0.30359,1.989934,chosen_action,,0.0,0.126782,0.0,0.15226,0.4626,0.0,1.989934,neutral,neutral,,,0,0,0,0.0,0.0,0.0
train,with_mine,mine best,best,0,1,expander,initiation,neutral,Q2_NW,1.0,1.989934,chosen_action,,0.0,0.126782,0.0,0.15226,0.4626,0.0,1.989934,neutral,neutral,,,0,0,0,0.0,0.0,0.0
train,with_mine,mine best,mine,10,0,expander,expansion,neutral,Q3_NE,0.442051,3.425452,chosen_action,,0.0,0.18,0.090434,0.362793,0.485,1.0,3.425452,cash_in,cash_in,,,0,0,0,0.0,0.0,0.0
train,with_mine,mine best,mine,20,0,anchor,established,neutral,Q3_NE,0.360905,3.522402,chosen_action,,0.0,0.18,0.136052,0.410263,0.472422,1.0,3.522402,cash_in,cash_in,,,0,0,0,0.0,0.0,0.0
train,with_mine,mine best,mine,30,0,feeder,established,neutral,Q0_SE,0.216883,1.91874,chosen_action,,0.0,0.18,0.047029,0.210503,0.30632,0.0,1.91874,neutral,neutral,,,0,0,0,0.0,0.0,0.0
train,with_mine,mine best,best,30,1,expander,established,neutral,Q0_SE,0.836319,2.187744,chosen_action,,0.0,0.18,0.138241,0.190286,0.541524,0.0,2.187744,cash_in,cash_in,,,0,0,0,0.0,0.0,0.0
train,with_mine,mine best,mine,60,0,expander,attack,friendly,Q2_NW,0.415754,2.702138,chosen_action,,0.0,0.015662,0.0,0.403247,0.54396,0.0,2.702138,pressured,concentrated_inbound,7,Q2_NW,2,2,166,168.0,0.9881,5.543
train,with_mine,mine best,mine,60,0,expander,attack,friendly,Q0_SE,0.343631,2.138584,chosen_action,,0.0,0.012338,0.0,0.285625,0.335618,0.0,2.138584,pressured,concentrated_inbound,7,Q2_NW,2,2,166,168.0,0.9881,5.543
train,with_mine,mine best,mine,60,0,feeder,attack,enemy,Q3_NE,0.335719,3.097329,chosen_action,,0.0,0.18,0.00674,0.362163,0.168991,0.0,3.097329,pressured,concentrated_inbound,7,Q2_NW,2,2,166,168.0,0.9881,5.543
train,with_mine,mine best,best,60,1,expander,attack,enemy,Q0_SE,1.0,2.632586,chosen_action,,0.0,0.0,0.0,0.243584,0.33184,0.0,2.632586,pressured,concentrated_inbound,12,Q2_NW,2,2,36,21.0,1.7143,2.876
train,with_mine,mine best,best,60,1,expander,attack,enemy,Q2_NW,1.0,2.719818,chosen_action,,0.0,0.0,0.0,0.261976,0.36376,0.0,2.719818,pressured,concentrated_inbound,12,Q2_NW,2,2,36,21.0,1.7143,2.876
train,with_mine,mine best,best,60,1,expander,attack,friendly,Q0_SE,1.0,1.853802,chosen_action,,0.0,0.035043,0.0,0.156491,0.35424,0.0,1.853802,pressured,concentrated_inbound,12,Q2_NW,2,2,36,21.0,1.7143,2.876
train,with_mine,mine best,best,60,1,expander,attack,friendly,Q2_NW,1.0,1.853802,chosen_action,,0.0,0.0,0.0,0.156491,0.35424,0.0,1.853802,pressured,concentrated_inbound,12,Q2_NW,2,2,36,21.0,1.7143,2.876
train,with_mine,mine best,mine,70,0,expander,attack,friendly,Q1_SW,0.334967,2.087187,chosen_action,,0.0,0.022757,0.0,0.272005,0.32176,0.0,2.087187,neutral,neutral,,,0,0,0,0.0,0.0,0.0
train,with_mine,mine best,best,70,1,expander,attack,friendly,Q0_SE,1.0,1.440755,chosen_action,,0.0,0.0,0.0,0.092928,0.16128,0.0,1.440755,neutral,neutral,,,0,0,0,0.0,0.0,0.0
train,with_mine,mine best,best,70,1,expander,attack,enemy,Q1_SW,0.630926,2.813627,chosen_action,,0.0,0.18,0.005015,0.2938,0.376671,0.0,2.813627,cash_in,cash_in,,,0,0,0,0.0,0.0,0.0
train,with_mine,mine best,mine,80,0,expander,attack,friendly,Q1_SW,0.255668,1.435967,chosen_action,,0.0,0.0,0.0,0.123063,0.10416,0.0,1.435967,neutral,neutral,,,0,0,0,0.0,0.0,0.0
train,with_mine,mine best,mine,80,0,feeder,attack,friendly,Q3_NE,0.263615,2.206809,chosen_action,,0.0,0.18,0.00077,0.256947,0.437138,0.0,2.206809,cash_in,cash_in,,,0,0,0,0.0,0.0,0.0
train,with_mine,mine best,mine,80,0,expander,attack,friendly,Q1_SW,0.261853,1.478943,chosen_action,,0.0,0.0,0.0,0.100312,0.17644,0.0,1.478943,neutral,neutral,,,0,0,0,0.0,0.0,0.0
train,with_mine,mine best,mine,80,0,expander,attack,friendly,Q1_SW,0.327157,2.379003,chosen_action,,0.0,0.056018,0.0,0.354377,0.39148,0.0,2.379003,cash_in,cash_in,,,0,0,0,0.0,0.0,0.0
train,with_mine,mine best,mine,80,0,anchor,attack,friendly,Q1_SW,0.362988,2.379003,chosen_action,,0.0,0.0,0.0,0.354377,0.39148,0.0,2.379003,cash_in,cash_in,,,0,0,0,0.0,0.0,0.0
train,with_mine,mine best,best,80,1,expander,attack,friendly,Q3_NE,1.0,1.829315,chosen_action,,0.0,0.0,0.0,0.151328,0.34528,0.0,1.829315,neutral,neutral,,,0,0,0,0.0,0.0,0.0
train,with_mine,mine best,mine,90,0,feeder,attack,friendly,Q1_SW,0.347727,2.259707,chosen_action,,0.0,0.0,0.0,0.31582,0.371658,0.0,2.259707,pressured,concentrated_inbound,25,Q1_SW,2,2,246,266.0,0.9248,5.288
train,with_mine,mine best,mine,90,0,expander,attack,friendly,Q1_SW,0.264027,1.500667,chosen_action,,0.0,0.0,0.0,0.136444,0.128298,0.0,1.500667,pressured,concentrated_inbound,25,Q1_SW,2,2,246,266.0,0.9248,5.288
train,with_mine,mine best,mine,90,0,attacker,attack,friendly,Q1_SW,0.327936,2.259707,chosen_action,,0.0,0.152859,0.015684,0.31582,0.371658,0.0,2.259707,pressured,concentrated_inbound,25,Q1_SW,2,2,246,266.0,0.9248,5.288
train,with_mine,mine best,best,100,1,expander,attack,enemy,Q1_SW,1.0,2.675437,chosen_action,,0.0,0.0,0.0,0.252619,0.34752,0.0,2.675437,chasing_leader,leader_target,,,0,0,0,0.0,0.0,0.0
train,with_mine,mine best intruder 1039,mine,0,0,anchor,initiation,neutral,Q0_SE,0.147066,1.913414,chosen_action,,0.0,0.18,0.4,0.136127,0.4346,0.0,1.913414,neutral,neutral,,,0,0,0,0.0,0.0,0.0
train,with_mine,mine best intruder 1039,best,0,1,anchor,initiation,neutral,Q1_SW,0.259066,1.913414,chosen_action,,0.0,0.18,0.4,0.136127,0.4346,0.0,1.913414,neutral,neutral,,,0,0,0,0.0,0.0,0.0
train,with_mine,mine best intruder 1039,1039,0,0,anchor,initiation,enemy,Q0_SE,0.236735,2.817825,chosen_action,,0.95,0.18,0.3736,0.282064,0.400644,0.0,2.817825,chasing_leader,leader_target,,,0,0,0,0.0,0.0,0.0
train,with_mine,mine best intruder 1039,intruder,10,0,anchor,expansion,neutral,Q2_NW,0.134319,1.95895,chosen_action,,0.0,0.18,0.4,0.14373,0.232591,0.333333,1.95895,neutral,neutral,,,0,0,0,0.0,0.0,0.0
train,with_mine,mine best intruder 1039,1039,10,0,anchor,expansion,neutral,Q2_NW,0.309171,3.310251,chosen_action,,0.0,0.18,0.4,0.343142,0.4346,1.0,3.310251,cash_in,cash_in,,,0,0,0,0.0,0.0,0.0
train,with_mine,mine best intruder 1039,mine,20,0,anchor,attack,enemy,Q3_NE,0.347655,3.316458,chosen_action,,0.0,0.18,0.108745,0.472874,0.356711,0.333333,3.316458,cash_in,cash_in,,,0,0,0,0.0,0.0,0.0
train,with_mine,mine best intruder 1039,mine,20,0,expander,attack,friendly,Q0_SE,0.433005,2.859016,chosen_action,,0.0,0.0,0.0,0.409853,0.4262,0.333333,2.859016,cash_in,cash_in,,,0,0,0,0.0,0.0,0.0
train,with_mine,mine best intruder 1039,best,20,1,expander,attack,neutral,Q1_SW,0.938516,1.647286,chosen_action,,0.0,0.145718,0.0,0.10354,0.2954,0.0,1.647286,neutral,neutral,,,0,0,0,0.0,0.0,0.0
train,with_mine,mine best intruder 1039,best,30,1,feeder,attack,friendly,Q1_SW,0.65254,1.782034,chosen_action,,0.0,0.168433,0.0,0.164883,0.28616,0.0,1.782034,neutral,neutral,,,0,0,0,0.0,0.0,0.0
train,with_mine,mine best intruder 1039,best,30,1,expander,attack,friendly,Q1_SW,1.0,1.782034,chosen_action,,0.0,0.0,0.0,0.164883,0.28616,0.0,1.782034,neutral,neutral,,,0,0,0,0.0,0.0,0.0
train,with_mine,mine best intruder 1039,best,40,1,expander,attack,enemy,Q0_SE,0.652827,2.480613,chosen_action,,0.0,0.18,0.0,0.229384,0.244511,0.0,2.480613,pressured,concentrated_inbound,0,Q0_SE,2,4,117,86.0,1.3605,3.163
train,with_mine,mine best intruder 1039,intruder,40,0,expander,attack,neutral,Q2_NW,0.08726,1.672765,chosen_action,,0.95,0.110843,0.4,0.122074,0.281324,0.0,1.672765,pressured,concentrated_inbound,18,Q0_SE,2,2,120,33.0,3.6364,4.703
train,with_mine,mine best intruder 1039,mine,50,0,feeder,attack,neutral,Q1_SW,0.165443,2.153203,chosen_action,,0.0,0.18,0.4,0.215884,0.470431,0.0,2.153203,pressured,concentrated_inbound,0,Q0_SE,2,2,102,99.0,1.0303,3.394
train,with_mine,mine best intruder 1039,best,50,1,expander,attack,friendly,Q1_SW,0.244234,1.807286,chosen_action,,0.0,0.18,0.4,0.170207,0.2954,0.0,1.807286,neutral,neutral,,,0,0,0,0.0,0.0,0.0
train,with_mine,mine best intruder 1039,best,50,1,expander,attack,enemy,Q0_SE,1.0,1.706883,chosen_action,,0.0,0.0,0.0,0.125515,0.30048,0.0,1.706883,neutral,neutral,,,0,0,0,0.0,0.0,0.0
train,with_mine,mine best intruder 1039,best,50,1,expander,attack,friendly,Q0_SE,1.0,2.169829,chosen_action,,0.0,0.0,0.10892,0.223121,0.46988,0.0,2.169829,cash_in,cash_in,,,0,0,0,0.0,0.0,0.0
train,with_mine,mine best intruder 1039,intruder,50,0,expander,attack,enemy,Q0_SE,0.319533,2.348893,chosen_action,,0.0,0.18,0.090389,0.312056,0.444413,0.0,2.348893,pressured,concentrated_inbound,3,Q2_NW,2,2,95,77.0,1.2338,0.461
train,with_mine,mine best intruder 1039,1039,50,0,feeder,attack,friendly,Q2_NW,0.433228,2.85543,chosen_action,,0.0,0.0,0.0,0.374808,0.485844,0.333333,2.85543,cash_in,cash_in,,,0,0,0,0.0,0.0,0.0
train,with_mine,mine best intruder 1039,best,60,1,expander,attack,enemy,Q0_SE,0.932295,2.429969,chosen_action,,0.0,0.017305,0.129857,0.224388,0.21588,0.0,2.429969,chasing_leader,leader_target,,,0,0,0,0.0,0.0,0.0
train,with_mine,mine best intruder 1039,best,60,1,attacker,attack,enemy,Q2_NW,0.672996,1.727544,chosen_action,,0.0,0.176375,0.245037,0.129871,0.30804,0.0,1.727544,neutral,neutral,,,0,0,0,0.0,0.0,0.0
train,with_mine,mine best intruder 1039,intruder,60,0,expander,attack,friendly,Q2_NW,0.416399,2.688718,chosen_action,,0.0,0.0,0.0,0.438157,0.471956,0.0,2.688718,cash_in,cash_in,,,0,0,0,0.0,0.0,0.0
train,with_mine,mine best intruder 1039,1039,60,0,feeder,attack,friendly,Q2_NW,0.281542,2.256245,chosen_action,,0.0,0.0,0.4,0.297888,0.400973,0.0,2.256245,pressured,concentrated_inbound,23,Q2_NW,2,2,130,85.0,1.5294,0.0
train,with_mine,mine best intruder 1039,best,70,1,expander,attack,neutral,Q0_SE,0.878484,2.13573,chosen_action,,0.0,0.18,0.089306,0.182033,0.517667,0.0,2.13573,cash_in,cash_in,,,0,0,0,0.0,0.0,0.0
train,with_mine,mine best intruder 1039,intruder,70,0,expander,attack,friendly,Q3_NE,0.37663,2.377831,chosen_action,,0.0,0.0,0.0,0.354046,0.3912,0.0,2.377831,cash_in,cash_in,,,0,0,0,0.0,0.0,0.0
train,with_mine,mine best intruder 1039,intruder,70,0,expander,attack,friendly,Q3_NE,0.342854,2.169609,chosen_action,,0.0,0.032453,0.0,0.330152,0.27944,0.0,2.169609,neutral,neutral,,,0,0,0,0.0,0.0,0.0
train,with_mine,mine best intruder 1039,1039,70,0,anchor,initiation,enemy,Q2_NW,0.527653,3.574215,chosen_action,,0.0,0.0,0.0,0.612098,0.522356,0.0,3.574215,pressured,concentrated_inbound,11,Q2_NW,4,4,144,108.0,1.3333,0.583
train,with_mine,mine best intruder 1039,best,80,1,expander,attack,enemy,Q2_NW,1.0,2.539996,chosen_action,,0.0,0.0,0.100301,0.224063,0.29796,0.0,2.539996,chasing_leader,leader_target,,,0,0,0,0.0,0.0,0.0
train,with_mine,mine best intruder 1039,best,80,1,expander,attack,friendly,Q2_NW,1.0,2.073414,chosen_action,,0.0,0.0,0.0,0.202793,0.4346,0.0,2.073414,cash_in,cash_in,,,0,0,0,0.0,0.0,0.0
train,with_mine,mine best intruder 1039,intruder,80,0,expander,attack,friendly,Q3_NE,0.386357,2.454008,chosen_action,,0.0,0.0,0.0,0.375549,0.4094,0.0,2.454008,cash_in,cash_in,,,0,0,0,0.0,0.0,0.0
train,with_mine,mine best intruder 1039,best,100,1,anchor,attack,enemy,Q3_NE,0.668081,3.060655,chosen_action,,0.0,0.18,0.0,0.333676,0.488764,0.0,3.060655,cash_in,cash_in,,,0,0,0,0.0,0.0,0.0
train,with_mine,mine best intruder 1039,intruder,100,0,attacker,attack,friendly,Q0_SE,0.357775,2.388895,chosen_action,,0.0,0.0,0.1,0.370569,0.370022,0.0,2.388895,pressured,concentrated_inbound,2,Q3_NE,3,3,275,227.0,1.2115,4.848
train,with_mine,mine best intruder 1039,intruder,100,0,feeder,attack,friendly,Q3_NE,0.370731,2.545421,chosen_action,,0.0,0.021264,0.0,0.401353,0.43124,0.0,2.545421,pressured,concentrated_inbound,2,Q3_NE,3,3,275,227.0,1.2115,4.848
train,with_mine,mine best intruder 1039,best,110,1,expander,established,friendly,Q3_NE,0.954129,1.997659,chosen_action,,0.0,0.175155,0.0,0.186821,0.40688,0.0,1.997659,cash_in,cash_in,,,0,0,0,0.0,0.0,0.0
train,with_mine,mine best intruder 1039,best,110,1,expander,established,friendly,Q2_NW,1.0,1.475189,chosen_action,,0.0,0.0,0.002728,0.100188,0.17388,0.0,1.475189,neutral,neutral,,,0,0,0,0.0,0.0,0.0
train,with_mine,mine intruder,mine,0,0,expander,initiation,neutral,Q0_SE,0.322452,2.053446,chosen_action,,0.0,0.073474,0.0,0.165651,0.48584,0.0,2.053446,neutral,neutral,,,0,0,0,0.0,0.0,0.0
train,with_mine,mine intruder,intruder,0,1,expander,initiation,neutral,Q2_NW,1.0,2.053446,chosen_action,,0.0,0.073474,0.0,0.165651,0.48584,0.0,2.053446,neutral,neutral,,,0,0,0,0.0,0.0,0.0
train,with_mine,mine intruder,mine,10,0,expander,established,neutral,Q1_SW,0.447691,3.386666,chosen_action,,0.0,0.18,0.038038,0.346159,0.48584,1.0,3.386666,cash_in,cash_in,,,0,0,0,0.0,0.0,0.0
train,with_mine,mine intruder,mine,20,0,feeder,established,neutral,Q3_NE,0.201741,1.989363,chosen_action,,0.0,0.18,0.035842,0.1503,0.465662,0.0,1.989363,cash_in,cash_in,,,0,0,0,0.0,0.0,0.0
train,with_mine,mine intruder,intruder,30,1,anchor,established,friendly,Q2_NW,1.0,3.124792,chosen_action,,0.0,0.026898,0.0,0.345563,0.29292,1.0,3.124792,neutral,neutral,,,0,0,0,0.0,0.0,0.0
train,with_mine,mine intruder,mine,40,0,feeder,attack,friendly,Q0_SE,0.337278,2.1493,chosen_action,,0.0,0.0,0.0,0.289538,0.3366,0.0,2.1493,neutral,neutral,,,0,0,0,0.0,0.0,0.0
train,with_mine,mine intruder,mine,50,0,expander,attack,neutral,Q0_SE,0.285138,1.733186,chosen_action,,0.0,0.0,0.0,0.123244,0.324,0.0,1.733186,neutral,neutral,,,0,0,0,0.0,0.0,0.0
train,with_mine,mine intruder,mine,50,0,sweeper,attack,neutral,Q3_NE,0.302931,1.886851,chosen_action,,0.0,0.030447,0.031123,0.150109,0.390067,0.0,1.886851,cash_in,cash_in,,,0,0,0,0.0,0.0,0.0
train,with_mine,mine intruder,mine,50,0,expander,attack,friendly,Q1_SW,0.459622,3.15039,chosen_action,,0.0,0.0,0.0,0.354811,0.29544,1.0,3.15039,neutral,neutral,,,0,0,0,0.0,0.0,0.0
train,with_mine,mine intruder,mine,50,0,expander,attack,neutral,Q0_SE,0.268636,1.539027,chosen_action,,0.0,0.0,0.00584,0.10332,0.2156,0.0,1.539027,neutral,neutral,,,0,0,0,0.0,0.0,0.0
train,with_mine,mine intruder,intruder,50,1,expander,attack,friendly,Q1_SW,1.0,1.537462,chosen_action,,0.0,0.0,0.018561,0.110557,0.201573,0.0,1.537462,neutral,neutral,,,0,0,0,0.0,0.0,0.0
train,with_mine,mine intruder,intruder,50,1,expander,attack,enemy,Q1_SW,0.548196,2.377462,chosen_action,,0.0,0.18,0.031255,0.210557,0.201573,0.0,2.377462,chasing_leader,leader_target,,,0,0,0,0.0,0.0,0.0
train,with_mine,mine intruder,intruder,50,1,expander,attack,friendly,Q3_NE,1.0,1.69311,chosen_action,,0.0,0.020061,0.0,0.122611,0.29544,0.0,1.69311,neutral,neutral,,,0,0,0,0.0,0.0,0.0
train,with_mine,mine intruder,intruder,50,1,feeder,attack,enemy,Q0_SE,0.239819,2.841157,chosen_action,,0.95,0.18,0.037673,0.283419,0.41552,0.0,2.841157,cash_in,cash_in,,,0,0,0,0.0,0.0,0.0
train,with_mine,mine intruder,mine,60,0,expander,established,friendly,Q1_SW,0.231645,1.363308,chosen_action,,0.0,0.057781,0.020894,0.053076,0.17476,0.0,1.363308,neutral,neutral,,,0,0,0,0.0,0.0,0.0
train,with_mine,mine intruder,mine,60,0,expander,established,friendly,Q0_SE,0.239236,1.358717,chosen_action,,0.0,0.0,0.0,0.052108,0.17308,0.0,1.358717,neutral,neutral,,,0,0,0,0.0,0.0,0.0
train,with_mine,mine intruder,intruder,60,1,anchor,established,friendly,Q3_NE,0.223137,2.870811,chosen_action,,0.95,0.067171,0.0,0.315202,0.15876,1.0,2.870811,neutral,neutral,,,0,0,0,0.0,0.0,0.0
train,with_mine,mine intruder,mine,70,0,expander,expansion,enemy,Q0_SE,0.549473,3.962429,chosen_action,,0.0,0.025063,0.0,0.624089,0.34416,0.0,3.962429,overtake_window,overtake_window,,,0,0,0,0.0,0.0,0.0
train,with_mine,mine intruder,mine,70,0,sweeper,expansion,neutral,Q1_SW,0.195191,1.539027,chosen_action,,0.0,0.061977,0.105486,0.10332,0.2156,0.0,1.539027,neutral,neutral,,,0,0,0,0.0,0.0,0.0
train,with_mine,mine intruder,mine,70,0,anchor,expansion,friendly,Q0_SE,0.157944,1.443785,chosen_action,,0.0,0.034783,0.317615,0.090388,0.16804,0.0,1.443785,neutral,neutral,,,0,0,0,0.0,0.0,0.0
train,with_mine,mine intruder,mine,70,0,expander,expansion,friendly,Q0_SE,0.27646,1.987571,chosen_action,,0.0,0.18,0.071692,0.243885,0.29796,0.0,1.987571,neutral,neutral,,,0,0,0,0.0,0.0,0.0
train,with_mine,mine intruder,intruder,70,1,expander,attack,friendly,Q2_NW,1.0,1.686223,chosen_action,,0.0,0.0,0.0,0.121159,0.29292,0.0,1.686223,neutral,neutral,,,0,0,0,0.0,0.0,0.0
train,with_mine,mine intruder,intruder,70,1,expander,attack,friendly,Q2_NW,1.0,1.339749,chosen_action,,0.0,0.0,0.023477,0.071632,0.12432,0.0,1.339749,neutral,neutral,,,0,0,0,0.0,0.0,0.0
train,with_mine,mine intruder,intruder,70,1,feeder,attack,neutral,Q3_NE,0.056076,1.429204,chosen_action,,0.95,0.10445,0.0,0.05756,0.2156,0.0,1.429204,neutral,neutral,,,0,0,0,0.0,0.0,0.0
train,with_mine,mine intruder,mine,80,0,expander,expansion,enemy,Q1_SW,0.445047,3.071543,chosen_action,,0.0,0.0,0.104592,0.345339,0.1798,0.0,3.071543,chasing_leader,leader_target,,,0,0,0,0.0,0.0,0.0
train,with_mine,mine intruder,intruder,80,1,expander,attack,friendly,Q0_SE,1.0,1.69311,chosen_action,,0.0,0.0,0.0,0.122611,0.29544,0.0,1.69311,pressured,concentrated_inbound,0,Q0_SE,2,2,90,21.0,4.2857,3.629
train,with_mine,mine intruder,intruder,80,1,expander,attack,enemy,Q0_SE,0.815379,2.205604,chosen_action,,0.0,0.18,0.162297,0.15356,0.1756,0.0,2.205604,pressured,concentrated_inbound,0,Q0_SE,2,2,90,21.0,4.2857,3.629
train,with_mine,mine intruder,mine,90,0,expander,expansion,enemy,Q1_SW,0.5379,3.684691,chosen_action,,0.0,0.0,0.0,0.537187,0.29292,0.0,3.684691,chasing_leader,leader_target,,,0,0,0,0.0,0.0,0.0
train,with_mine,mine best intruder smith,best,20,0,attacker,attack,unknown,unknown,0.072554,1.0,chosen_action,,0.0,0.18,0.27723,0.0,0.0,0.0,1.0,neutral,neutral,,,0,0,0,0.0,0.0,0.0
train,with_mine,mine best intruder smith,mine,30,0,expander,attack,friendly,Q0_SE,0.367254,2.890751,chosen_action,,0.0,0.078475,0.0,0.356823,0.32176,0.666667,2.890751,neutral,neutral,,,0,0,0,0.0,0.0,0.0
train,with_mine,mine best intruder smith,best,30,0,expander,attack,friendly,Q1_SW,0.390094,2.776737,chosen_action,,0.0,0.104218,0.033245,0.298922,0.34024,0.666667,2.776737,neutral,neutral,,,0,0,0,0.0,0.0,0.0
train,with_mine,mine best intruder smith,intruder,30,1,attacker,attack,enemy,Q0_SE,0.630421,1.933793,chosen_action,,0.0,0.18,0.310667,0.170918,0.387844,0.0,1.933793,cash_in,cash_in,,,0,0,0,0.0,0.0,0.0
train,with_mine,mine best intruder smith,mine,40,0,expander,attack,friendly,Q0_SE,0.195489,1.693411,chosen_action,,0.0,0.18,0.008742,0.160851,0.22768,0.0,1.693411,neutral,neutral,,,0,0,0,0.0,0.0,0.0
train,with_mine,mine best intruder smith,best,40,0,anchor,attack,friendly,Q1_SW,0.286487,1.75318,chosen_action,,0.0,0.0,0.0,0.177723,0.24196,0.0,1.75318,pressured,concentrated_inbound,1,Q1_SW,2,2,78,104.0,0.75,0.447
train,with_mine,mine best intruder smith,intruder,40,1,attacker,attack,enemy,Q0_SE,0.670024,1.53371,chosen_action,,0.0,0.18,0.21937,0.088359,0.238258,0.0,1.53371,neutral,neutral,,,0,0,0,0.0,0.0,0.0
train,with_mine,mine best intruder smith,mine,50,0,feeder,attack,friendly,Q0_SE,0.345302,2.236842,chosen_action,,0.0,0.0,0.0,0.302531,0.378347,0.0,2.236842,cash_in,cash_in,,,0,0,0,0.0,0.0,0.0
train,with_mine,mine best intruder smith,mine,50,0,anchor,attack,friendly,Q0_SE,0.279756,1.811423,chosen_action,,0.0,0.010006,0.022724,0.182445,0.276707,0.0,1.811423,neutral,neutral,,,0,0,0,0.0,0.0,0.0
train,with_mine,mine best intruder smith,best,50,0,anchor,attack,friendly,Q1_SW,0.300836,2.418475,chosen_action,,0.0,0.100622,0.0,0.275119,0.3394,0.333333,2.418475,pressured,concentrated_inbound,1,Q1_SW,2,2,78,78.0,1.0,0.447
train,with_mine,mine best intruder smith,intruder,50,1,sweeper,attack,enemy,Q1_SW,0.051663,1.399169,chosen_action,,0.95,0.18,0.351434,0.077973,0.157062,0.0,1.399169,neutral,neutral,,,0,0,0,0.0,0.0,0.0
train,with_mine,mine best intruder smith,intruder,50,1,expander,attack,neutral,Q2_NW,0.505079,1.726234,chosen_action,,0.0,0.141692,0.027827,0.111675,0.339418,0.0,1.726234,neutral,neutral,,,0,0,0,0.0,0.0,0.0
train,with_mine,mine best intruder smith,intruder,50,1,expander,attack,friendly,Q3_NE,0.991477,2.004546,chosen_action,,0.0,0.021963,0.0,0.188273,0.4094,0.0,2.004546,cash_in,cash_in,,,0,0,0,0.0,0.0,0.0
train,with_mine,mine best intruder smith,smith,50,0,attacker,attack,friendly,Q2_NW,0.284726,2.273528,chosen_action,,0.0,0.016222,0.376706,0.324604,0.36628,0.0,2.273528,cash_in,cash_in,,,0,0,0,0.0,0.0,0.0
train,with_mine,mine best intruder smith,smith,50,0,expander,attack,enemy,Q1_SW,0.185882,1.891062,chosen_action,,0.0,0.18,0.041868,0.227646,0.255342,0.0,1.891062,neutral,neutral,,,0,0,0,0.0,0.0,0.0
train,with_mine,mine best intruder smith,mine,60,0,anchor,attack,neutral,Q3_NE,0.150606,1.926201,chosen_action,,0.0,0.18,0.147387,0.170532,0.382907,0.0,1.926201,cash_in,cash_in,,,0,0,0,0.0,0.0,0.0
train,with_mine,mine best intruder smith,best,60,0,expander,attack,friendly,Q1_SW,0.33892,2.164536,chosen_action,,0.0,0.0,0.0,0.293838,0.34024,0.0,2.164536,neutral,neutral,,,0,0,0,0.0,0.0,0.0
train,with_mine,mine best intruder smith,best,60,0,expander,attack,friendly,Q1_SW,0.349395,2.164536,chosen_action,,0.0,0.0,0.0,0.293838,0.34024,0.0,2.164536,neutral,neutral,,,0,0,0,0.0,0.0,0.0
train,with_mine,mine best intruder smith,best,60,0,expander,attack,friendly,Q1_SW,0.216297,1.256658,chosen_action,,0.0,0.0,0.082375,0.072448,0.06132,0.0,1.256658,neutral,neutral,,,0,0,0,0.0,0.0,0.0
train,with_mine,mine best intruder smith,smith,60,0,anchor,attack,enemy,Q1_SW,0.341569,3.335695,chosen_action,,0.0,0.18,0.156601,0.426829,0.452818,0.333333,3.335695,cash_in,cash_in,,,0,0,0,0.0,0.0,0.0
train,with_mine,mine best intruder smith,smith,60,0,attacker,attack,enemy,Q2_NW,0.448517,2.992664,chosen_action,,0.0,0.0,0.0,0.358565,0.32008,0.333333,2.992664,chasing_leader,leader_target,,,0,0,0,0.0,0.0,0.0
train,with_mine,mine best intruder smith,best,70,0,expander,attack,enemy,Q0_SE,0.493857,3.681038,chosen_action,,0.0,0.18,0.071324,0.50084,0.354831,0.0,3.681038,cash_in,cash_in,,,0,0,0,0.0,0.0,0.0
train,with_mine,mine best intruder smith,best,70,0,expander,attack,enemy,Q0_SE,0.41295,3.681038,chosen_action,,0.0,0.18,0.055859,0.50084,0.354831,0.0,3.681038,cash_in,cash_in,,,0,0,0,0.0,0.0,0.0
train,with_mine,mine best intruder smith,best,70,0,feeder,attack,friendly,Q1_SW,0.346906,2.238369,chosen_action,,0.0,0.0,0.0,0.31468,0.35788,0.0,2.238369,cash_in,cash_in,,,0,0,0,0.0,0.0,0.0
train,with_mine,mine best intruder smith,best,70,0,expander,attack,friendly,Q1_SW,0.232391,1.281269,chosen_action,,0.0,0.0,0.01762,0.079395,0.0672,0.0,1.281269,neutral,neutral,,,0,0,0,0.0,0.0,0.0
train,with_mine,mine best intruder smith,intruder,70,1,expander,attack,enemy,Q2_NW,0.778544,2.031038,chosen_action,,0.0,0.045872,0.0,0.187902,0.429684,0.0,2.031038,cash_in,cash_in,,,0,0,0,0.0,0.0,0.0
train,with_mine,mine best intruder smith,intruder,70,1,anchor,attack,friendly,Q3_NE,0.967616,1.923435,chosen_action,,0.0,0.02619,0.0,0.171172,0.37972,0.0,1.923435,cash_in,cash_in,,,0,0,0,0.0,0.0,0.0
train,with_mine,mine best intruder smith,best,80,0,expander,attack,neutral,Q2_NW,0.314395,1.892223,chosen_action,,0.0,0.0,0.00625,0.165912,0.365951,0.0,1.892223,cash_in,cash_in,,,0,0,0,0.0,0.0,0.0
train,with_mine,mine best intruder smith,best,80,0,attacker,attack,enemy,Q3_NE,0.346023,3.701132,chosen_action,,0.95,0.18,0.054424,0.539743,0.300556,0.0,3.701132,chasing_leader,leader_target,,,0,0,0,0.0,0.0,0.0
train,with_mine,mine best intruder smith,intruder,80,1,expander,attack,enemy,Q1_SW,0.427881,3.296841,chosen_action,,0.0,0.18,0.170878,0.374342,0.591422,0.0,3.296841,pressured,concentrated_inbound,8,Q0_SE,2,3,96,133.0,0.7218,7.0
train,with_mine,mine best intruder smith,intruder,80,1,feeder,established,friendly,Q0_SE,0.851213,1.433868,chosen_action,,0.0,0.042663,0.0,0.091476,0.15876,0.0,1.433868,pressured,concentrated_inbound,8,Q0_SE,2,3,96,133.0,0.7218,7.0
train,with_mine,mine best intruder smith,intruder,80,1,expander,established,friendly,Q0_SE,1.0,1.433868,chosen_action,,0.0,0.0,0.0,0.091476,0.15876,0.0,1.433868,pressured,concentrated_inbound,8,Q0_SE,2,3,96,133.0,0.7218,7.0
train,with_mine,mine best intruder smith,intruder,80,1,expander,established,friendly,Q3_NE,0.972062,1.957869,chosen_action,,0.0,0.02619,0.0,0.178432,0.39232,0.0,1.957869,pressured,concentrated_inbound,8,Q0_SE,2,3,96,133.0,0.7218,7.0
train,with_mine,mine best intruder smith,best,100,0,anchor,attack,enemy,Q2_NW,0.189356,1.976203,chosen_action,,0.0,0.18,0.158457,0.255674,0.268582,0.0,1.976203,neutral,neutral,,,0,0,0,0.0,0.0,0.0
train,with_mine,mine best intruder smith,intruder,100,1,expander,established,friendly,Q0_SE,0.064912,1.502736,chosen_action,,0.95,0.0,0.0,0.105996,0.18396,0.0,1.502736,neutral,neutral,,,0,0,0,0.0,0.0,0.0
train,with_mine,mine best intruder smith,best,110,0,feeder,attack,friendly,Q1_SW,0.378794,2.485398,chosen_action,,0.0,0.0,0.0,0.383078,0.419267,0.0,2.485398,cash_in,cash_in,,,0,0,0,0.0,0.0,0.0
train,with_mine,mine best intruder smith,intruder,110,1,expander,attack,enemy,Q2_NW,0.625759,2.848724,chosen_action,,0.0,0.18,0.015021,0.285819,0.416858,0.0,2.848724,pressured,concentrated_inbound,8,Q0_SE,2,2,38,50.0,0.76,0.557
train,with_mine,mine best intruder smith,smith,110,0,feeder,attack,enemy,Q2_NW,0.513026,3.43815,chosen_action,,0.0,0.0,0.0,0.436374,0.28952,0.0,3.43815,chasing_leader,leader_target,,,0,0,0,0.0,0.0,0.0
train,with_mine,mine best intruder smith,intruder,130,1,expander,attack,enemy,Q2_NW,0.602678,2.039717,chosen_action,,0.0,0.136398,0.036711,0.142108,0.07308,0.0,2.039717,chasing_leader,leader_target,,,0,0,0,0.0,0.0,0.0
train,with_mine,mine best intruder smith,intruder,140,1,expander,attack,enemy,Q2_NW,1.0,2.641768,chosen_action,,0.0,0.0,0.0,0.24552,0.3352,0.0,2.641768,chasing_leader,leader_target,,,0,0,0,0.0,0.0,0.0
train,with_mine,mine best,mine,0,0,anchor,initiation,neutral,Q0_SE,0.26824,1.642533,chosen_action,,0.0,0.0,0.016494,0.079015,0.33548,0.0,1.642533,neutral,neutral,,,0,0,0,0.0,0.0,0.0
train,with_mine,mine best,best,0,1,anchor,initiation,neutral,Q2_NW,1.0,1.642533,chosen_action,,0.0,0.0,0.016494,0.079015,0.33548,0.0,1.642533,neutral,neutral,,,0,0,0,0.0,0.0,0.0
train,with_mine,mine best,mine,30,0,feeder,established,neutral,Q3_NE,0.276687,2.719126,chosen_action,,0.0,0.18,0.119513,0.231367,0.19544,1.0,2.719126,neutral,neutral,,,0,0,0,0.0,0.0,0.0
train,with_mine,mine best,mine,80,0,expander,established,friendly,Q3_NE,0.417126,2.817603,chosen_action,,0.0,0.0,0.0,0.261037,0.21564,1.0,2.817603,neutral,neutral,,,0,0,0,0.0,0.0,0.0
train,with_mine,mine best,mine,80,0,expander,established,friendly,Q3_NE,0.417126,2.817603,chosen_action,,0.0,0.0,0.0,0.261037,0.21564,1.0,2.817603,neutral,neutral,,,0,0,0,0.0,0.0,0.0
train,with_mine,mine best,best,80,1,attacker,attack,friendly,Q2_NW,0.980184,1.512522,chosen_action,,0.0,0.080404,0.006057,0.084536,0.22936,0.0,1.512522,pressured,concentrated_inbound,11,Q2_NW,2,2,82,50.0,1.64,4.54
train,with_mine,mine best,best,80,1,expander,attack,friendly,Q1_SW,1.0,1.810185,chosen_action,,0.0,0.0,0.0,0.147295,0.33828,0.0,1.810185,pressured,concentrated_inbound,11,Q2_NW,2,2,82,50.0,1.64,4.54
train,with_mine,mine best,best,80,1,expander,attack,friendly,Q1_SW,1.0,1.810185,chosen_action,,0.0,0.0,0.0,0.147295,0.33828,0.0,1.810185,pressured,concentrated_inbound,11,Q2_NW,2,2,82,50.0,1.64,4.54
train,with_mine,mine best,best,80,1,expander,attack,friendly,Q1_SW,1.0,1.514053,chosen_action,,0.0,0.0,0.034408,0.084859,0.22992,0.0,1.514053,pressured,concentrated_inbound,11,Q2_NW,2,2,82,50.0,1.64,4.54
train,with_mine,mine best,mine,90,0,expander,attack,enemy,Q3_NE,0.509901,3.41708,chosen_action,,0.0,0.0,0.0,0.452168,0.245836,0.0,3.41708,chasing_leader,leader_target,,,0,0,0,0.0,0.0,0.0
train,with_mine,mine best,mine,90,0,expander,attack,enemy,Q1_SW,0.556679,4.959142,chosen_action,,0.0,0.18,0.072113,0.672513,0.329711,1.0,4.959142,overtake_window,overtake_window,,,0,0,0,0.0,0.0,0.0
train,with_mine,mine best,mine,90,0,expander,attack,friendly,Q0_SE,0.233601,1.978195,chosen_action,,0.0,0.18,0.0,0.241239,0.29572,0.0,1.978195,neutral,neutral,,,0,0,0,0.0,0.0,0.0
train,with_mine,mine best,mine,90,0,expander,attack,friendly,Q0_SE,0.244984,1.780135,chosen_action,,0.0,0.064742,0.0,0.185331,0.2484,0.0,1.780135,neutral,neutral,,,0,0,0,0.0,0.0,0.0
train,with_mine,mine best,best,90,1,expander,established,friendly,Q2_NW,0.531059,1.627302,chosen_action,,0.0,0.17823,0.092177,0.108736,0.27136,0.0,1.627302,neutral,neutral,,,0,0,0,0.0,0.0,0.0
train,with_mine,mine best,best,90,1,expander,established,friendly,Q1_SW,1.0,1.50487,chosen_action,,0.0,0.0,0.019681,0.082923,0.22656,0.0,1.50487,neutral,neutral,,,0,0,0,0.0,0.0,0.0
train,with_mine,mine best,mine,100,0,feeder,attack,neutral,Q1_SW,0.16789,1.562872,chosen_action,,0.0,0.18,0.005566,0.102327,0.235027,0.0,1.562872,pressured,concentrated_inbound,11,Q2_NW,2,2,43,20.0,2.15,3.423
train,with_mine,mine best,mine,100,0,expander,attack,neutral,Q0_SE,0.190874,1.521448,chosen_action,,0.0,0.103428,0.0,0.098358,0.2114,0.0,1.521448,pressured,concentrated_inbound,11,Q2_NW,2,2,43,20.0,2.15,3.423
train,with_mine,mine best,best,100,1,expander,attack,friendly,Q2_NW,1.0,1.546191,chosen_action,,0.0,0.0,0.0,0.091635,0.24168,0.0,1.546191,pressured,concentrated_inbound,5,Q1_SW,2,2,79,78.0,1.0128,6.826
train,with_mine,mine best,best,100,1,expander,attack,friendly,Q1_SW,1.0,1.706883,chosen_action,,0.0,0.0,0.0,0.125515,0.30048,0.0,1.706883,pressured,concentrated_inbound,5,Q1_SW,2,2,79,78.0,1.0128,6.826
train,with_mine,mine best,mine,110,0,expander,attack,friendly,Q0_SE,0.242025,1.658252,chosen_action,,0.0,0.045391,0.0,0.150927,0.21928,0.0,1.658252,neutral,neutral,,,0,0,0,0.0,0.0,0.0
train,with_mine,mine best,best,110,1,expander,established,friendly,Q1_SW,0.891687,1.79182,chosen_action,,0.0,0.18,0.03102,0.143423,0.33156,0.0,1.79182,neutral,neutral,,,0,0,0,0.0,0.0,0.0
train,with_mine,mine best,mine,120,0,expander,attack,enemy,Q0_SE,0.546196,3.702903,chosen_action,,0.0,0.0,0.0,0.542885,0.29628,0.0,3.702903,chasing_leader,leader_target,,,0,0,0,0.0,0.0,0.0
train,with_mine,mine best,best,120,1,sweeper,attack,enemy,Q0_SE,1.0,2.426688,chosen_action,,0.0,0.0,0.0,0.199276,0.258093,0.0,2.426688,pressured,concentrated_inbound,0,Q0_SE,2,2,35,25.0,1.4,0.685
train,with_mine,mine best,mine,130,0,anchor,attack,friendly,Q0_SE,0.2979,1.790243,chosen_action,,0.0,0.0,0.0,0.176023,0.272436,0.0,1.790243,neutral,neutral,,,0,0,0,0.0,0.0,0.0
train,with_mine,mine best,best,130,1,expander,attack,enemy,Q0_SE,0.710205,2.328801,chosen_action,,0.0,0.103377,0.0,0.179535,0.22068,0.0,2.328801,chasing_leader,leader_target,,,0,0,0,0.0,0.0,0.0
train,with_mine,mine best intruder 1200,mine,20,0,anchor,expansion,friendly,Q0_SE,0.303097,2.051761,chosen_action,,0.0,0.0,0.0842,0.171146,0.2526,0.333333,2.051761,neutral,neutral,,,0,0,0,0.0,0.0,0.0
train,with_mine,mine best intruder 1200,intruder,20,0,expander,expansion,enemy,Q2_NW,0.049018,1.381528,chosen_action,,0.95,0.18,0.4,0.092605,0.117982,0.0,1.381528,neutral,neutral,,,0,0,0,0.0,0.0,0.0
train,with_mine,mine best intruder 1200,best,30,1,expander,expansion,enemy,Q2_NW,0.394434,1.496453,chosen_action,,0.0,0.108574,0.281562,0.081148,0.22348,0.0,1.496453,neutral,neutral,,,0,0,0,0.0,0.0,0.0
train,with_mine,mine best intruder 1200,best,30,1,sweeper,expansion,friendly,Q2_NW,1.0,2.061936,chosen_action,,0.0,0.0,0.0,0.200373,0.4304,0.0,2.061936,cash_in,cash_in,,,0,0,0,0.0,0.0,0.0
train,with_mine,mine best intruder 1200,best,30,1,expander,expansion,friendly,Q1_SW,1.0,2.03898,chosen_action,,0.0,0.0,0.0,0.195533,0.422,0.0,2.03898,cash_in,cash_in,,,0,0,0,0.0,0.0,0.0
train,with_mine,mine best intruder 1200,intruder,30,0,expander,expansion,enemy,Q0_SE,0.341744,2.801103,chosen_action,,0.0,0.011473,0.4,0.305423,0.272658,0.333333,2.801103,chasing_leader,leader_target,,,0,0,0,0.0,0.0,0.0
train,with_mine,mine best intruder 1200,mine,50,0,anchor,expansion,friendly,Q0_SE,0.334253,2.085608,chosen_action,,0.0,0.0,0.0,0.191392,0.24168,0.333333,2.085608,neutral,neutral,,,0,0,0,0.0,0.0,0.0
train,with_mine,mine best intruder 1200,best,50,1,expander,expansion,enemy,Q3_NE,0.301511,2.651827,chosen_action,,0.0,0.17383,0.4,0.245134,0.343338,0.0,2.651827,chasing_leader,leader_target,,,0,0,0,0.0,0.0,0.0
train,with_mine,mine best intruder 1200,best,50,1,expander,expansion,enemy,Q0_SE,1.0,1.456819,chosen_action,,0.0,0.0,0.0,0.092014,0.174804,0.0,1.456819,neutral,neutral,,,0,0,0,0.0,0.0,0.0
train,with_mine,mine best intruder 1200,intruder,50,0,anchor,expansion,friendly,Q3_NE,0.299439,2.00515,chosen_action,,0.0,0.0,0.096978,0.248848,0.30216,0.0,2.00515,pressured,concentrated_inbound,10,Q3_NE,2,2,130,112.0,1.1607,4.035
train,with_mine,mine best intruder 1200,mine,60,0,sweeper,expansion,neutral,Q0_SE,0.313925,2.196617,chosen_action,,0.0,0.02038,0.043351,0.177323,0.34892,0.333333,2.196617,neutral,neutral,,,0,0,0,0.0,0.0,0.0
train,with_mine,mine best intruder 1200,best,60,1,expander,expansion,enemy,Q0_SE,0.82319,2.478256,chosen_action,,0.0,0.18,0.189321,0.229463,0.242627,0.0,2.478256,chasing_leader,leader_target,,,0,0,0,0.0,0.0,0.0
train,with_mine,mine best intruder 1200,intruder,60,0,expander,expansion,enemy,Q0_SE,0.301216,2.360059,chosen_action,,0.0,0.18,0.187177,0.334471,0.412836,0.0,2.360059,cash_in,cash_in,,,0,0,0,0.0,0.0,0.0
train,with_mine,mine best intruder 1200,mine,70,0,sweeper,attack,friendly,Q0_SE,0.396894,2.555968,chosen_action,,0.0,0.0,0.0,0.40433,0.43376,0.0,2.555968,cash_in,cash_in,,,0,0,0,0.0,0.0,0.0
train,with_mine,mine best intruder 1200,mine,80,0,anchor,attack,neutral,Q3_NE,0.210159,1.919629,chosen_action,,0.0,0.18,0.023088,0.192024,0.339831,0.0,1.919629,pressured,concentrated_inbound,4,Q0_SE,2,2,56,66.0,0.8485,3.24
train,with_mine,mine best intruder 1200,mine,80,0,expander,attack,friendly,Q0_SE,0.383806,2.534873,chosen_action,,0.0,0.0,0.0,0.398375,0.42872,0.0,2.534873,pressured,concentrated_inbound,4,Q0_SE,2,2,56,66.0,0.8485,3.24
train,with_mine,mine best intruder 1200,best,110,1,expander,attack,enemy,Q0_SE,1.0,2.707575,chosen_action,,0.0,0.072344,0.0,0.259395,0.35928,0.0,2.707575,cash_in,cash_in,,,0,0,0,0.0,0.0,0.0
train,with_mine,mine best,mine,0,0,expander,initiation,neutral,Q0_SE,0.246656,1.637942,chosen_action,,0.0,0.114815,0.069394,0.078047,0.3338,0.0,1.637942,neutral,neutral,,,0,0,0,0.0,0.0,0.0
train,with_mine,mine best,best,0,1,expander,initiation,neutral,Q2_NW,0.89929,1.637942,chosen_action,,0.0,0.114815,0.069394,0.078047,0.3338,0.0,1.637942,neutral,neutral,,,0,0,0,0.0,0.0,0.0
train,with_mine,mine best,best,20,1,expander,established,neutral,Q2_NW,1.0,1.927953,chosen_action,,0.0,0.0,0.0,0.139192,0.43992,0.0,1.927953,cash_in,cash_in,,,0,0,0,0.0,0.0,0.0
train,with_mine,mine best,best,30,1,feeder,attack,neutral,Q3_NE,0.448607,1.399361,chosen_action,,0.0,0.18,0.003616,0.051268,0.20468,0.0,1.399361,neutral,neutral,,,0,0,0,0.0,0.0,0.0
train,with_mine,mine best,best,40,1,expander,attack,friendly,Q1_SW,0.831423,1.487584,chosen_action,,0.0,0.175308,0.056725,0.07776,0.222933,0.0,1.487584,neutral,neutral,,,0,0,0,0.0,0.0,0.0
train,with_mine,mine best,mine,50,0,expander,attack,enemy,Q3_NE,0.449769,3.325267,chosen_action,,0.0,0.18,0.064628,0.400399,0.269858,0.0,3.325267,pressured,concentrated_inbound,2,Q3_NE,3,3,85,24.0,3.5417,5.198
train,with_mine,mine best,best,50,1,sweeper,attack,neutral,Q1_SW,1.0,2.00903,chosen_action,,0.0,0.0,0.0,0.155159,0.471591,0.0,2.00903,cash_in,cash_in,,,0,0,0,0.0,0.0,0.0
train,with_mine,mine best,mine,60,0,sweeper,attack,enemy,Q1_SW,0.545617,3.69835,chosen_action,,0.0,0.0,0.0,0.541461,0.29544,0.0,3.69835,chasing_leader,leader_target,,,0,0,0,0.0,0.0,0.0
train,with_mine,mine best,mine,60,0,expander,attack,enemy,Q1_SW,0.425294,2.757738,chosen_action,,0.0,0.0,0.0,0.286902,0.05124,0.0,2.757738,chasing_leader,leader_target,,,0,0,0,0.0,0.0,0.0
train,with_mine,mine best,best,60,1,expander,attack,enemy,Q1_SW,0.928151,2.501632,chosen_action,,0.0,0.18,0.087786,0.214065,0.287316,0.0,2.501632,pressured,concentrated_inbound,6,Q3_NE,2,2,59,69.0,0.8551,5.659
train,with_mine,mine best,mine,70,0,expander,attack,enemy,Q1_SW,0.41354,2.998717,chosen_action,,0.0,0.18,0.033611,0.344992,0.126471,0.0,2.998717,chasing_leader,leader_target,,,0,0,0,0.0,0.0,0.0
train,with_mine,mine best,mine,80,0,anchor,attack,friendly,Q0_SE,0.303401,1.836389,chosen_action,,0.0,0.0,0.0,0.20121,0.26184,0.0,1.836389,neutral,neutral,,,0,0,0,0.0,0.0,0.0
train,with_mine,mine best,best,80,1,expander,attack,enemy,Q0_SE,1.0,2.641666,chosen_action,,0.0,0.0,0.008613,0.242117,0.341173,0.0,2.641666,chasing_leader,leader_target,,,0,0,0,0.0,0.0,0.0
train,with_mine,mine best,mine,90,0,anchor,attack,friendly,Q0_SE,0.300995,1.871548,chosen_action,,0.0,0.0,0.0,0.211135,0.27024,0.0,1.871548,neutral,neutral,,,0,0,0,0.0,0.0,0.0
train,with_mine,mine best,best,90,1,attacker,attack,friendly,Q0_SE,1.0,1.836711,chosen_action,,0.0,0.0,0.0,0.17602,0.306862,0.0,1.836711,pressured,concentrated_inbound,14,Q0_SE,2,2,83,61.0,1.3607,0.572
train,with_mine,mine best,best,90,1,expander,attack,enemy,Q0_SE,1.0,2.479893,chosen_action,,0.0,0.126687,0.0,0.211,0.276662,0.0,2.479893,pressured,concentrated_inbound,14,Q0_SE,2,2,83,61.0,1.3607,0.572
train,with_mine,mine best,mine,100,0,anchor,attack,friendly,Q0_SE,0.290206,1.870675,chosen_action,,0.0,0.0,0.064881,0.190294,0.306644,0.0,1.870675,neutral,neutral,,,0,0,0,0.0,0.0,0.0
train,with_mine,mine best,best,100,1,expander,attack,enemy,Q0_SE,0.664001,2.32421,chosen_action,,0.0,0.0,0.4,0.178567,0.219,0.0,2.32421,chasing_leader,leader_target,,,0,0,0,0.0,0.0,0.0
train,with_mine,mine best intruder 1039,mine,10,0,feeder,attack,neutral,Q1_SW,0.151362,1.723653,chosen_action,,0.0,0.18,0.193804,0.118192,0.32592,0.0,1.723653,neutral,neutral,,,0,0,0,0.0,0.0,0.0
train,with_mine,mine best intruder 1039,intruder,10,1,feeder,attack,neutral,Q2_NW,0.384394,1.723653,chosen_action,,0.0,0.18,0.189729,0.118192,0.32592,0.0,1.723653,neutral,neutral,,,0,0,0,0.0,0.0,0.0
train,with_mine,mine best intruder 1039,mine,20,0,anchor,attack,neutral,Q0_SE,0.27584,2.26995,chosen_action,,0.0,0.073444,0.109959,0.188821,0.3828,0.333333,2.26995,cash_in,cash_in,,,0,0,0,0.0,0.0,0.0
train,with_mine,mine best intruder 1039,mine,20,0,feeder,attack,friendly,Q0_SE,0.20465,2.076589,chosen_action,,0.0,0.18,0.18069,0.204509,0.21168,0.333333,2.076589,neutral,neutral,,,0,0,0,0.0,0.0,0.0
train,with_mine,mine best intruder 1039,best,20,0,feeder,attack,neutral,Q1_SW,0.202811,1.835525,chosen_action,,0.0,0.091162,0.164627,0.143228,0.36428,0.0,1.835525,cash_in,cash_in,,,0,0,0,0.0,0.0,0.0
train,with_mine,mine best intruder 1039,intruder,20,1,anchor,attack,friendly,Q3_NE,1.0,3.377855,chosen_action,,0.0,0.0,0.0,0.405173,0.3744,1.0,3.377855,neutral,neutral,,,0,0,0,0.0,0.0,0.0
train,with_mine,mine best intruder 1039,1039,20,0,attacker,attack,neutral,Q2_NW,0.415662,2.759181,chosen_action,,0.0,0.0,0.0,0.278084,0.36428,0.666667,2.759181,cash_in,cash_in,,,0,0,0,0.0,0.0,0.0
train,with_mine,mine best intruder 1039,1039,20,0,feeder,attack,enemy,Q2_NW,0.428982,3.88114,chosen_action,,0.0,0.18,0.188966,0.435528,0.17472,0.666667,3.88114,chasing_leader,leader_target,,,0,0,0,0.0,0.0,0.0
train,with_mine,mine best intruder 1039,best,30,0,expander,attack,neutral,Q1_SW,0.324932,2.260595,chosen_action,,0.0,0.055557,0.108352,0.184923,0.3828,0.333333,2.260595,cash_in,cash_in,,,0,0,0,0.0,0.0,0.0
train,with_mine,mine best intruder 1039,intruder,30,1,attacker,attack,friendly,Q3_NE,1.0,2.607287,chosen_action,,0.0,0.035199,0.09605,0.296853,0.2184,0.666667,2.607287,neutral,neutral,,,0,0,0,0.0,0.0,0.0
train,with_mine,mine best intruder 1039,mine,40,0,sweeper,attack,friendly,Q0_SE,0.35149,2.180943,chosen_action,,0.0,0.0,0.0,0.29847,0.34416,0.0,2.180943,neutral,neutral,,,0,0,0,0.0,0.0,0.0
train,with_mine,mine best intruder 1039,best,40,0,expander,attack,enemy,Q0_SE,0.370628,2.366677,chosen_action,,0.0,0.0,0.0,0.246469,0.351964,0.333333,2.366677,pressured,concentrated_inbound,16,Q1_SW,2,2,31,62.0,0.5,7.289
train,with_mine,mine best intruder 1039,mine,50,0,sweeper,attack,friendly,Q0_SE,0.356877,2.223134,chosen_action,,0.0,0.0,0.0,0.310379,0.35424,0.0,2.223134,cash_in,cash_in,,,0,0,0,0.0,0.0,0.0
train,with_mine,mine best intruder 1039,mine,50,0,anchor,attack,friendly,Q0_SE,0.331449,2.223134,chosen_action,,0.0,0.018297,0.0,0.310379,0.35424,0.0,2.223134,cash_in,cash_in,,,0,0,0,0.0,0.0,0.0
train,with_mine,mine best intruder 1039,best,50,0,expander,attack,enemy,Q2_NW,0.358752,2.459231,chosen_action,,0.0,0.0,0.156327,0.22736,0.232271,0.0,2.459231,chasing_leader,leader_target,,,0,0,0,0.0,0.0,0.0
train,with_mine,mine best intruder 1039,best,50,0,attacker,attack,friendly,Q0_SE,0.301536,1.797573,chosen_action,,0.0,0.007732,0.0,0.16303,0.300964,0.0,1.797573,neutral,neutral,,,0,0,0,0.0,0.0,0.0
train,with_mine,mine best intruder 1039,mine,60,0,sweeper,attack,enemy,Q0_SE,0.396251,2.687054,chosen_action,,0.0,0.0,0.0,0.279215,0.234769,0.333333,2.687054,pressured,concentrated_inbound,10,Q3_NE,3,3,40,29.0,1.3793,3.006
train,with_mine,mine best intruder 1039,best,60,0,expander,attack,friendly,Q0_SE,0.273044,1.719353,chosen_action,,0.0,0.035199,0.064334,0.148148,0.26948,0.0,1.719353,neutral,neutral,,,0,0,0,0.0,0.0,0.0
train,with_mine,mine best intruder 1039,intruder,60,1,feeder,attack,friendly,Q2_NW,0.469379,2.080344,chosen_action,,0.0,0.18,0.208908,0.287911,0.288413,0.0,2.080344,neutral,neutral,,,0,0,0,0.0,0.0,0.0
train,with_mine,mine best intruder 1039,intruder,60,1,anchor,attack,friendly,Q3_NE,1.0,2.363768,chosen_action,,0.0,0.018297,0.000257,0.350077,0.38784,0.0,2.363768,cash_in,cash_in,,,0,0,0,0.0,0.0,0.0
train,with_mine,mine best intruder 1039,1039,60,0,feeder,attack,enemy,Q1_SW,0.44237,3.768897,chosen_action,,0.0,0.18,0.042122,0.552945,0.32728,0.0,3.768897,pressured,concentrated_inbound,3,Q2_NW,2,2,101,33.0,3.0606,3.263
train,with_mine,mine best intruder 1039,1039,60,0,anchor,attack,enemy,Q2_NW,0.43924,3.337897,chosen_action,,0.0,0.073444,0.0,0.404692,0.271582,0.0,3.337897,pressured,concentrated_inbound,3,Q2_NW,2,2,101,33.0,3.0606,3.263
train,with_mine,mine best intruder 1039,mine,70,0,anchor,expansion,enemy,Q3_NE,0.335188,2.70083,chosen_action,,0.0,0.0,0.4,0.399058,0.254142,0.0,2.70083,chasing_leader,leader_target,,,0,0,0,0.0,0.0,0.0
train,with_mine,mine best intruder 1039,mine,70,0,expander,expansion,enemy,Q0_SE,0.539602,3.748433,chosen_action,,0.0,0.0,0.0,0.520891,0.369107,0.0,3.748433,cash_in,cash_in,,,0,0,0,0.0,0.0,0.0
train,with_mine,mine best intruder 1039,best,70,0,shield,attack,friendly,Q0_SE,0.299628,1.767684,chosen_action,,0.0,0.0,0.0,0.136471,0.32604,0.0,1.767684,pressured,concentrated_inbound,0,Q0_SE,2,2,34,29.0,1.1724,1.88
train,with_mine,mine best intruder 1039,best,80,0,feeder,attack,friendly,Q0_SE,0.190028,1.835437,chosen_action,,0.0,0.18,0.131555,0.152619,0.34752,0.0,1.835437,neutral,neutral,,,0,0,0,0.0,0.0,0.0
train,with_mine,mine best intruder 1039,best,80,0,attacker,attack,friendly,Q0_SE,0.264988,1.571604,chosen_action,,0.0,0.019002,0.025078,0.120516,0.20916,0.0,1.571604,neutral,neutral,,,0,0,0,0.0,0.0,0.0
train,with_mine,mine best intruder 1039,intruder,80,1,battery,attack,enemy,Q2_NW,1.0,3.678807,chosen_action,,0.0,0.035108,0.0,0.438401,0.24196,0.333333,3.678807,chasing_leader,leader_target,,,0,0,0,0.0,0.0,0.0
train,with_mine,mine best intruder 1039,intruder,80,1,expander,attack,friendly,Q2_NW,1.0,2.22116,chosen_action,,0.0,0.0,0.0,0.266637,0.20832,0.333333,2.22116,neutral,neutral,,,0,0,0,0.0,0.0,0.0
train,with_mine,mine best intruder 1039,mine,90,0,anchor,expansion,enemy,Q0_SE,0.544933,3.723469,chosen_action,,0.0,0.0,0.0,0.642175,0.579444,0.0,3.723469,overtake_window,overtake_window,,,0,0,0,0.0,0.0,0.0
train,with_mine,mine best intruder 1039,best,100,0,anchor,attack,friendly,Q1_SW,0.340601,2.289935,chosen_action,,0.0,0.0,0.057288,0.329235,0.3702,0.0,2.289935,cash_in,cash_in,,,0,0,0,0.0,0.0,0.0
train,with_mine,mine best intruder 1039,best,110,0,expander,attack,enemy,Q3_NE,0.377347,3.935946,chosen_action,,0.0,0.18,0.33792,0.538962,0.47588,0.0,3.935946,cash_in,cash_in,,,0,0,0,0.0,0.0,0.0
train,with_mine,mine best intruder 1039,best,110,0,expander,established,friendly,Q0_SE,0.318518,1.928187,chosen_action,,0.0,0.0,0.0,0.262005,0.22176,0.0,1.928187,neutral,neutral,,,0,0,0,0.0,0.0,0.0
train,with_mine,mine best intruder 1039,intruder,110,1,attacker,attack,enemy,Q0_SE,0.795012,2.630037,chosen_action,,0.0,0.106208,0.311383,0.236744,0.342111,0.0,2.630037,chasing_leader,leader_target,,,0,0,0,0.0,0.0,0.0
train,with_mine,mine best intruder 1039,intruder,110,1,shield,attack,enemy,Q1_SW,0.611109,2.654109,chosen_action,,0.0,0.18,0.00411,0.266447,0.307138,0.0,2.654109,chasing_leader,leader_target,,,0,0,0,0.0,0.0,0.0
train,with_mine,mine best intruder 1039,intruder,110,1,sweeper,attack,enemy,Q0_SE,0.274353,3.108287,chosen_action,,0.95,0.18,0.001931,0.337578,0.517111,0.0,3.108287,cash_in,cash_in,,,0,0,0,0.0,0.0,0.0
train,with_mine,mine best intruder 1039,intruder,110,1,expander,established,friendly,Q2_NW,1.0,1.596856,chosen_action,,0.0,0.0,0.0,0.12584,0.2184,0.0,1.596856,neutral,neutral,,,0,0,0,0.0,0.0,0.0
train,with_mine,mine best intruder 1039,best,120,0,attacker,attack,enemy,Q0_SE,0.54991,3.735496,chosen_action,,0.0,0.0,0.0,0.574471,0.264271,0.0,3.735496,overtake_window,overtake_window,,,0,0,0,0.0,0.0,0.0
train,with_mine,mine best intruder 1039,best,120,0,shield,attack,enemy,Q0_SE,0.511008,3.430082,chosen_action,,0.0,0.0,0.0,0.43916,0.278591,0.0,3.430082,chasing_leader,leader_target,,,0,0,0,0.0,0.0,0.0
train,with_mine,mine best intruder 1039,intruder,120,1,shield,attack,enemy,Q1_SW,0.654993,2.976446,chosen_action,,0.0,0.18,0.002352,0.309022,0.470218,0.0,2.976446,pressured,concentrated_inbound,11,Q2_NW,3,3,148,101.0,1.4653,5.119
train,with_mine,mine best intruder 1039,best,130,0,anchor,attack,enemy,Q1_SW,0.579175,3.962429,chosen_action,,0.0,0.0,0.0,0.624089,0.34416,0.0,3.962429,pressured,concentrated_inbound,16,Q0_SE,2,2,159,7.0,22.7143,0.0
train,with_mine,mine best intruder 1039,best,130,0,expander,attack,friendly,Q0_SE,0.331055,2.078329,chosen_action,,0.0,0.035199,0.0,0.284146,0.293613,0.0,2.078329,pressured,concentrated_inbound,16,Q0_SE,2,2,159,7.0,22.7143,0.0
train,with_mine,mine best intruder 1039,intruder,130,1,expander,attack,enemy,Q0_SE,1.0,2.666254,chosen_action,,0.0,0.0,0.0,0.250683,0.34416,0.0,2.666254,chasing_leader,leader_target,,,0,0,0,0.0,0.0,0.0
train,with_mine,mine best intruder 1039,intruder,130,1,expander,established,friendly,Q1_SW,1.0,1.659304,chosen_action,,0.0,0.0,0.0,0.138937,0.241373,0.0,1.659304,neutral,neutral,,,0,0,0,0.0,0.0,0.0
train,with_mine,mine best intruder 1039,intruder,140,1,expander,established,friendly,Q0_SE,1.0,1.71377,chosen_action,,0.0,0.0,0.0,0.126967,0.303,0.0,1.71377,neutral,neutral,,,0,0,0,0.0,0.0,0.0
train,with_mine,mine best intruder 1039,intruder,140,1,battery,established,neutral,Q1_SW,1.0,2.03049,chosen_action,,0.0,0.125526,0.0,0.160811,0.47744,0.0,2.03049,cash_in,cash_in,,,0,0,0,0.0,0.0,0.0
train,with_mine,mine intruder,mine,0,0,expander,initiation,neutral,Q0_SE,0.262696,1.647124,chosen_action,,0.0,0.004912,0.105027,0.079983,0.33716,0.0,1.647124,neutral,neutral,,,0,0,0,0.0,0.0,0.0
train,with_mine,mine intruder,intruder,0,1,expander,initiation,neutral,Q2_NW,0.974745,1.647124,chosen_action,,0.0,0.004912,0.105027,0.079983,0.33716,0.0,1.647124,neutral,neutral,,,0,0,0,0.0,0.0,0.0
train,with_mine,mine intruder,mine,40,0,expander,expansion,neutral,Q3_NE,0.465475,3.552538,chosen_action,,0.0,0.18,0.054861,0.394552,0.522676,1.0,3.552538,cash_in,cash_in,,,0,0,0,0.0,0.0,0.0
train,with_mine,mine intruder,intruder,40,1,expander,expansion,enemy,Q0_SE,0.92579,2.588118,chosen_action,,0.0,0.18,0.100844,0.255731,0.277307,0.0,2.588118,chasing_leader,leader_target,,,0,0,0,0.0,0.0,0.0
train,with_mine,mine intruder,intruder,40,1,expander,expansion,neutral,Q1_SW,0.143112,2.099384,chosen_action,,0.95,0.18,0.179696,0.173634,0.505676,0.0,2.099384,cash_in,cash_in,,,0,0,0,0.0,0.0,0.0
train,with_mine,mine intruder,intruder,50,1,expander,expansion,neutral,Q3_NE,0.95104,1.695332,chosen_action,,0.0,0.093618,0.046251,0.090147,0.3548,0.0,1.695332,cash_in,cash_in,,,0,0,0,0.0,0.0,0.0
train,with_mine,mine intruder,intruder,60,1,expander,expansion,neutral,Q2_NW,1.0,2.031255,chosen_action,,0.0,0.0358,0.020904,0.160972,0.47772,0.0,2.031255,cash_in,cash_in,,,0,0,0,0.0,0.0,0.0
train,with_mine,mine intruder,intruder,60,1,anchor,expansion,neutral,Q2_NW,0.232579,1.390179,chosen_action,,0.0,0.18,0.298458,0.049332,0.20132,0.0,1.390179,neutral,neutral,,,0,0,0,0.0,0.0,0.0
train,with_mine,mine intruder,mine,70,0,expander,expansion,neutral,Q2_NW,0.276851,1.814718,chosen_action,,0.0,0.100747,0.043658,0.144838,0.346004,0.0,1.814718,neutral,neutral,,,0,0,0,0.0,0.0,0.0
train,with_mine,mine intruder,intruder,70,1,expander,expansion,enemy,Q1_SW,0.212891,2.528099,chosen_action,,0.0,0.18,0.286018,0.24188,0.257471,0.0,2.528099,chasing_leader,leader_target,,,0,0,0,0.0,0.0,0.0
train,with_mine,mine intruder,intruder,70,1,expander,expansion,neutral,Q0_SE,0.881616,1.695332,chosen_action,,0.0,0.18,0.029292,0.090147,0.3548,0.0,1.695332,cash_in,cash_in,,,0,0,0,0.0,0.0,0.0
train,with_mine,mine intruder,intruder,70,1,expander,expansion,neutral,Q1_SW,0.171518,2.319154,chosen_action,,0.95,0.18,0.07383,0.218475,0.588751,0.0,2.319154,cash_in,cash_in,,,0,0,0,0.0,0.0,0.0
train,with_mine,mine intruder,intruder,80,1,expander,expansion,enemy,Q2_NW,0.916737,2.255342,chosen_action,,0.0,0.18,0.067361,0.164047,0.1938,0.0,2.255342,chasing_leader,leader_target,,,0,0,0,0.0,0.0,0.0
train,with_mine,mine intruder,intruder,80,1,expander,expansion,neutral,Q0_SE,1.0,2.031255,chosen_action,,0.0,0.081635,0.004122,0.160972,0.47772,0.0,2.031255,cash_in,cash_in,,,0,0,0,0.0,0.0,0.0
train,with_mine,mine intruder,intruder,80,1,expander,expansion,friendly,Q0_SE,1.0,1.679498,chosen_action,,0.0,0.0,0.0,0.143264,0.24864,0.0,1.679498,neutral,neutral,,,0,0,0,0.0,0.0,0.0
train,with_mine,mine intruder,intruder,80,1,anchor,expansion,neutral,Q2_NW,0.301726,1.654776,chosen_action,,0.0,0.18,0.263945,0.081596,0.33996,0.0,1.654776,neutral,neutral,,,0,0,0,0.0,0.0,0.0
train,with_mine,mine intruder,intruder,80,1,expander,expansion,friendly,Q3_NE,0.730502,1.234151,chosen_action,,0.0,0.144415,0.155317,0.049368,0.08568,0.0,1.234151,neutral,neutral,,,0,0,0,0.0,0.0,0.0
train,with_mine,mine intruder,intruder,80,1,expander,expansion,neutral,Q3_NE,0.871486,1.654776,chosen_action,,0.0,0.18,0.034186,0.081596,0.33996,0.0,1.654776,neutral,neutral,,,0,0,0,0.0,0.0,0.0
train,with_mine,mine intruder,intruder,100,1,expander,expansion,neutral,Q1_SW,0.896245,2.031255,chosen_action,,0.0,0.18,0.058036,0.160972,0.47772,0.0,2.031255,cash_in,cash_in,,,0,0,0,0.0,0.0,0.0
train,with_mine,mine intruder,mine,110,0,expander,attack,enemy,Q0_SE,0.324675,3.030639,chosen_action,,0.0,0.18,0.07828,0.354396,0.1334,0.0,3.030639,chasing_leader,leader_target,,,0,0,0,0.0,0.0,0.0
train,with_mine,mine intruder,intruder,110,1,expander,expansion,friendly,Q1_SW,1.0,1.587674,chosen_action,,0.0,0.0,0.03371,0.123904,0.21504,0.0,1.587674,neutral,neutral,,,0,0,0,0.0,0.0,0.0
train,with_mine,mine intruder,intruder,120,1,expander,expansion,friendly,Q1_SW,0.895623,1.557669,chosen_action,,0.0,0.0,0.176851,0.094055,0.24588,0.0,1.557669,neutral,neutral,,,0,0,0,0.0,0.0,0.0
train,with_mine,mine best intruder smith,mine,10,0,expander,initiation,neutral,Q3_NE,0.447669,3.734282,chosen_action,,0.0,0.18,0.257775,0.467337,0.527907,1.0,3.734282,neutral,neutral,,,0,0,0,0.0,0.0,0.0
train,with_mine,mine best intruder smith,intruder,10,1,expander,expansion,neutral,Q1_SW,0.5709,2.159692,chosen_action,,0.0,0.18,0.4,0.186257,0.527907,0.0,2.159692,neutral,neutral,,,0,0,0,0.0,0.0,0.0
train,with_mine,mine best intruder smith,best,20,0,expander,expansion,enemy,Q1_SW,0.474769,3.758693,chosen_action,,0.0,0.18,0.120611,0.480079,0.22704,1.0,3.758693,chasing_leader,leader_target,,,0,0,0,0.0,0.0,0.0
train,with_mine,mine best intruder smith,intruder,20,1,expander,expansion,neutral,Q1_SW,1.0,3.33541,chosen_action,,0.0,0.18,0.070774,0.40289,0.56924,0.666667,3.33541,cash_in,cash_in,,,0,0,0,0.0,0.0,0.0
train,with_mine,mine best intruder smith,best,30,0,expander,expansion,friendly,Q2_NW,0.358248,2.427181,chosen_action,,0.0,0.0,0.1,0.268816,0.357053,0.333333,2.427181,cash_in,cash_in,,,0,0,0,0.0,0.0,0.0
train,with_mine,mine best intruder smith,best,40,0,anchor,expansion,neutral,Q0_SE,0.142729,2.100294,chosen_action,,0.95,0.18,0.3341,0.198818,0.461578,0.0,2.100294,cash_in,cash_in,,,0,0,0,0.0,0.0,0.0
train,with_mine,mine best intruder smith,mine,50,0,expander,expansion,neutral,Q1_SW,0.235425,1.809363,chosen_action,,0.0,0.18,0.167975,0.144747,0.3422,0.0,1.809363,neutral,neutral,,,0,0,0,0.0,0.0,0.0
train,with_mine,mine best intruder smith,mine,50,0,anchor,expansion,neutral,Q1_SW,0.30502,1.809363,chosen_action,,0.0,0.0,0.0,0.144747,0.3422,0.0,1.809363,neutral,neutral,,,0,0,0,0.0,0.0,0.0
train,with_mine,mine best intruder smith,mine,60,0,attacker,attack,enemy,Q2_NW,0.362531,2.266232,chosen_action,,0.0,0.0,0.0,0.314999,0.377951,0.0,2.266232,cash_in,cash_in,,,0,0,0,0.0,0.0,0.0
train,with_mine,mine best intruder smith,best,60,0,expander,expansion,enemy,Q1_SW,0.514638,4.36244,chosen_action,,0.0,0.18,0.378848,0.59587,0.468409,0.333333,4.36244,overtake_window,overtake_window,,,0,0,0,0.0,0.0,0.0
train,with_mine,mine best intruder smith,mine,80,0,feeder,attack,friendly,Q2_NW,0.270794,1.993504,chosen_action,,0.0,0.0,0.25866,0.16375,0.222596,0.333333,1.993504,pressured,concentrated_inbound,23,Q2_NW,2,3,70,52.0,1.3462,5.099
train,with_mine,mine best intruder smith,mine,90,0,feeder,attack,friendly,Q2_NW,0.265066,1.909837,chosen_action,,0.0,0.0,0.261944,0.192826,0.331151,0.0,1.909837,neutral,neutral,,,0,0,0,0.0,0.0,0.0
train,with_mine,mine best intruder 1200,mine,0,0,expander,initiation,neutral,Q0_SE,0.284234,1.647286,chosen_action,,0.0,0.0,0.0,0.10354,0.2954,0.0,1.647286,neutral,neutral,,,0,0,0,0.0,0.0,0.0
train,with_mine,mine best intruder 1200,best,0,1,expander,initiation,neutral,Q1_SW,1.0,1.647286,chosen_action,,0.0,0.0,0.0,0.10354,0.2954,0.0,1.647286,neutral,neutral,,,0,0,0,0.0,0.0,0.0
train,with_mine,mine best intruder 1200,intruder,0,0,expander,initiation,neutral,Q3_NE,0.284234,1.647286,chosen_action,,0.0,0.0,0.0,0.10354,0.2954,0.0,1.647286,neutral,neutral,,,0,0,0,0.0,0.0,0.0
train,with_mine,mine best intruder 1200,mine,10,0,expander,expansion,neutral,Q1_SW,0.300112,1.985585,chosen_action,,0.0,0.098949,0.042645,0.149043,0.465098,0.0,1.985585,neutral,neutral,,,0,0,0,0.0,0.0,0.0
train,with_mine,mine best intruder 1200,best,10,1,expander,expansion,neutral,Q1_SW,0.895629,2.121982,chosen_action,,0.0,0.18,0.064302,0.150005,0.3422,0.333333,2.121982,neutral,neutral,,,0,0,0,0.0,0.0,0.0
train,with_mine,mine best intruder 1200,intruder,20,0,expander,expansion,enemy,Q1_SW,0.400365,3.934224,chosen_action,,0.0,0.18,0.157606,0.467209,0.379942,0.333333,3.934224,cash_in,cash_in,,,0,0,0,0.0,0.0,0.0
train,with_mine,mine best intruder 1200,1200,20,0,expander,expansion,unknown,unknown,0.079517,1.0,chosen_action,,0.0,0.18,0.242417,0.0,0.0,0.0,1.0,neutral,neutral,,,0,0,0,0.0,0.0,0.0
train,with_mine,mine best intruder 1200,best,30,1,expander,attack,enemy,Q1_SW,0.910358,1.69617,chosen_action,,0.0,0.18,0.0,0.123256,0.29656,0.0,1.69617,neutral,neutral,,,0,0,0,0.0,0.0,0.0
train,with_mine,mine best intruder 1200,intruder,30,0,expander,attack,enemy,Q1_SW,0.30169,2.190703,chosen_action,,0.0,0.18,0.077243,0.281074,0.382316,0.0,2.190703,cash_in,cash_in,,,0,0,0,0.0,0.0,0.0
train,with_mine,mine best intruder 1200,1200,40,0,anchor,expansion,enemy,Q0_SE,0.337559,2.954117,chosen_action,,0.0,0.18,0.03466,0.436241,0.375658,0.0,2.954117,pressured,concentrated_inbound,2,Q3_NE,3,4,156,60.0,2.6,6.737
train,with_mine,mine best intruder 1200,best,50,1,sweeper,attack,enemy,Q0_SE,0.241312,2.852304,chosen_action,,0.95,0.18,0.037969,0.283101,0.424342,0.0,2.852304,cash_in,cash_in,,,0,0,0,0.0,0.0,0.0
train,with_mine,mine best intruder 1200,best,50,1,expander,established,friendly,Q1_SW,1.0,1.497984,chosen_action,,0.0,0.0,0.004327,0.081471,0.22404,0.0,1.497984,neutral,neutral,,,0,0,0,0.0,0.0,0.0
train,with_mine,mine best intruder 1200,intruder,50,0,expander,attack,friendly,Q3_NE,0.336726,2.332427,chosen_action,,0.0,0.032589,0.0,0.321878,0.414756,0.0,2.332427,cash_in,cash_in,,,0,0,0,0.0,0.0,0.0
train,with_mine,mine best intruder 1200,1200,50,0,expander,expansion,enemy,Q3_NE,0.463447,3.502291,chosen_action,,0.0,0.18,0.10753,0.467645,0.28144,0.0,3.502291,chasing_leader,leader_target,,,0,0,0,0.0,0.0,0.0
train,with_mine,mine best intruder 1200,1200,60,0,expander,expansion,enemy,Q0_SE,0.299566,2.25019,chosen_action,,0.0,0.18,0.114451,0.245116,0.194009,0.0,2.25019,chasing_leader,leader_target,,,0,0,0,0.0,0.0,0.0
train,with_mine,mine best intruder 1200,best,70,1,expander,attack,friendly,Q3_NE,0.915989,1.739787,chosen_action,,0.0,0.18,0.0,0.132452,0.31252,0.0,1.739787,neutral,neutral,,,0,0,0,0.0,0.0,0.0
train,with_mine,mine best intruder 1200,best,70,1,feeder,attack,enemy,Q3_NE,0.694637,2.551474,chosen_action,,0.0,0.147697,0.0,0.226483,0.30216,0.0,2.551474,chasing_leader,leader_target,,,0,0,0,0.0,0.0,0.0
train,with_mine,mine best intruder 1200,best,70,1,expander,attack,friendly,Q1_SW,0.494212,1.647963,chosen_action,,0.0,0.18,0.129921,0.113092,0.27892,0.0,1.647963,neutral,neutral,,,0,0,0,0.0,0.0,0.0
train,with_mine,mine best intruder 1200,1200,70,0,expander,expansion,enemy,Q1_SW,0.454996,4.024885,chosen_action,,0.0,0.18,0.144382,0.60562,0.423258,0.0,4.024885,pressured,concentrated_inbound,0,Q0_SE,2,2,91,27.0,3.3704,5.706
train,with_mine,mine best intruder 1200,best,80,1,expander,attack,enemy,Q0_SE,1.0,1.794861,chosen_action,,0.0,0.017396,0.0,0.14135,0.337498,0.0,1.794861,neutral,neutral,,,0,0,0,0.0,0.0,0.0
train,with_mine,mine best intruder 1200,best,80,1,expander,attack,enemy,Q0_SE,0.520012,1.793331,chosen_action,,0.0,0.162945,0.0,0.141027,0.336938,0.0,1.793331,neutral,neutral,,,0,0,0,0.0,0.0,0.0
train,with_mine,mine best intruder 1200,best,90,1,expander,attack,enemy,Q0_SE,1.0,1.511757,chosen_action,,0.0,0.0,0.0,0.084375,0.22908,0.0,1.511757,neutral,neutral,,,0,0,0,0.0,0.0,0.0
train,with_mine,mine best,mine,0,0,anchor,initiation,neutral,Q0_SE,0.188898,1.714462,chosen_action,,0.0,0.18,0.062398,0.09418,0.3618,0.0,1.714462,neutral,neutral,,,0,0,0,0.0,0.0,0.0
train,with_mine,mine best,best,10,1,expander,expansion,neutral,Q2_NW,0.771764,1.714462,chosen_action,,0.0,0.084805,0.236809,0.09418,0.3618,0.0,1.714462,neutral,neutral,,,0,0,0,0.0,0.0,0.0
train,with_mine,mine best,mine,40,0,expander,established,neutral,Q0_SE,0.327464,1.978456,chosen_action,,0.0,0.0,0.0,0.14984,0.4584,0.0,1.978456,cash_in,cash_in,,,0,0,0,0.0,0.0,0.0
train,with_mine,mine best,mine,40,0,expander,attack,enemy,Q3_NE,0.283388,2.858119,chosen_action,,0.0,0.18,0.190868,0.309391,0.381911,0.0,2.858119,cash_in,cash_in,,,0,0,0,0.0,0.0,0.0
train,with_mine,mine best,mine,40,0,expander,established,neutral,Q3_NE,0.269471,1.860253,chosen_action,,0.0,0.18,0.034181,0.119651,0.424511,0.0,1.860253,cash_in,cash_in,,,0,0,0,0.0,0.0,0.0
train,with_mine,mine best,best,40,1,sweeper,attack,friendly,Q3_NE,0.749986,3.337375,chosen_action,,0.0,0.101114,0.151896,0.432744,0.2954,1.0,3.337375,neutral,neutral,,,0,0,0,0.0,0.0,0.0
train,with_mine,mine best,best,40,1,expander,attack,friendly,Q2_NW,0.921989,1.700442,chosen_action,,0.0,0.157506,0.01064,0.162836,0.22936,0.0,1.700442,neutral,neutral,,,0,0,0,0.0,0.0,0.0
train,with_mine,mine best,mine,50,0,expander,attack,neutral,Q2_NW,0.253845,2.522208,chosen_action,,0.0,0.18,0.113168,0.324128,0.551333,0.0,2.522208,cash_in,cash_in,,,0,0,0,0.0,0.0,0.0
train,with_mine,mine best,best,50,1,attacker,attack,enemy,Q1_SW,1.0,2.577548,chosen_action,,0.0,0.0,0.004546,0.253594,0.273276,0.0,2.577548,chasing_leader,leader_target,,,0,0,0,0.0,0.0,0.0
train,with_mine,mine best,best,50,1,expander,established,friendly,Q2_NW,1.0,1.558434,chosen_action,,0.0,0.022576,0.047054,0.094216,0.24616,0.0,1.558434,neutral,neutral,,,0,0,0,0.0,0.0,0.0
train,with_mine,mine best,best,60,1,expander,attack,enemy,Q0_SE,1.0,2.638019,chosen_action,,0.0,0.046938,0.145378,0.241096,0.340289,0.0,2.638019,chasing_leader,leader_target,,,0,0,0,0.0,0.0,0.0
train,with_mine,mine best,mine,70,0,expander,attack,friendly,Q1_SW,0.202432,1.659173,chosen_action,,0.0,0.132176,0.0,0.151098,0.219658,0.0,1.659173,neutral,neutral,,,0,0,0,0.0,0.0,0.0
train,with_mine,mine best,best,70,1,expander,established,friendly,Q0_SE,1.0,1.714535,chosen_action,,0.0,0.0,0.0,0.127128,0.30328,0.0,1.714535,neutral,neutral,,,0,0,0,0.0,0.0,0.0
train,with_mine,mine best,best,70,1,attacker,attack,enemy,Q1_SW,0.812025,2.324975,chosen_action,,0.0,0.0,0.361063,0.178728,0.21928,0.0,2.324975,chasing_leader,leader_target,,,0,0,0,0.0,0.0,0.0
train,with_mine,mine best,mine,80,0,feeder,attack,enemy,Q1_SW,0.482307,3.386566,chosen_action,,0.0,0.0,0.120161,0.426831,0.268276,0.0,3.386566,chasing_leader,leader_target,,,0,0,0,0.0,0.0,0.0
train,with_mine,mine best,best,80,1,expander,attack,enemy,Q1_SW,1.0,2.262229,chosen_action,,0.0,0.0,0.0,0.165499,0.19632,0.0,2.262229,chasing_leader,leader_target,,,0,0,0,0.0,0.0,0.0
train,with_mine,mine best,best,80,1,expander,attack,enemy,Q1_SW,0.982817,2.407617,chosen_action,,0.0,0.171291,0.029651,0.196152,0.24952,0.0,2.407617,chasing_leader,leader_target,,,0,0,0,0.0,0.0,0.0
train,with_mine,mine best intruder 1039,mine,0,0,expander,initiation,neutral,Q0_SE,0.337146,2.053446,chosen_action,,0.0,0.0,0.0,0.165651,0.48584,0.0,2.053446,neutral,neutral,,,0,0,0,0.0,0.0,0.0
train,with_mine,mine best intruder 1039,best,0,1,expander,initiation,neutral,Q1_SW,1.0,2.053446,chosen_action,,0.0,0.0,0.0,0.165651,0.48584,0.0,2.053446,neutral,neutral,,,0,0,0,0.0,0.0,0.0
train,with_mine,mine best intruder 1039,intruder,0,0,expander,initiation,neutral,Q3_NE,0.337146,2.053446,chosen_action,,0.0,0.0,0.0,0.165651,0.48584,0.0,2.053446,neutral,neutral,,,0,0,0,0.0,0.0,0.0
train,with_mine,mine best intruder 1039,1039,0,0,expander,initiation,neutral,Q2_NW,0.337146,2.053446,chosen_action,,0.0,0.0,0.0,0.165651,0.48584,0.0,2.053446,neutral,neutral,,,0,0,0,0.0,0.0,0.0
train,with_mine,mine best intruder 1039,mine,20,0,anchor,attack,neutral,Q2_NW,0.260712,2.715855,chosen_action,,0.0,0.18,0.08004,0.2697,0.569316,0.333333,2.715855,cash_in,cash_in,,,0,0,0,0.0,0.0,0.0
train,with_mine,mine best intruder 1039,mine,30,0,anchor,attack,friendly,Q0_SE,0.363124,2.479416,chosen_action,,0.0,0.012042,0.0,0.297833,0.34416,0.333333,2.479416,neutral,neutral,,,0,0,0,0.0,0.0,0.0
train,with_mine,mine best intruder 1039,best,30,1,attacker,attack,unknown,unknown,0.500341,1.0,chosen_action,,0.0,0.18,0.139659,0.0,0.0,0.0,1.0,neutral,neutral,,,0,0,0,0.0,0.0,0.0
train,with_mine,mine best intruder 1039,1039,30,0,expander,attack,neutral,Q3_NE,0.186722,1.858531,chosen_action,,0.0,0.18,0.100611,0.181346,0.313556,0.0,1.858531,neutral,neutral,,,0,0,0,0.0,0.0,0.0
train,with_mine,mine best intruder 1039,best,40,1,expander,attack,enemy,Q2_NW,1.0,2.126995,chosen_action,,0.0,0.0,0.0,0.211031,0.459644,0.0,2.126995,cash_in,cash_in,,,0,0,0,0.0,0.0,0.0
train,with_mine,mine best intruder 1039,intruder,40,0,expander,attack,friendly,Q3_NE,0.385002,2.483485,chosen_action,,0.0,0.0,0.0,0.306459,0.33184,0.333333,2.483485,neutral,neutral,,,0,0,0,0.0,0.0,0.0
train,with_mine,mine best intruder 1039,intruder,40,0,expander,attack,friendly,Q3_NE,0.357702,2.483485,chosen_action,,0.0,0.021267,0.0,0.306459,0.33184,0.333333,2.483485,neutral,neutral,,,0,0,0,0.0,0.0,0.0
train,with_mine,mine best intruder 1039,1039,40,0,feeder,attack,enemy,Q1_SW,0.415527,3.82859,chosen_action,,0.0,0.18,0.214809,0.566153,0.348018,0.0,3.82859,overtake_window,overtake_window,,,0,0,0,0.0,0.0,0.0
train,with_mine,mine best intruder 1039,mine,50,0,feeder,attack,enemy,Q0_SE,0.452843,3.039671,chosen_action,,0.0,0.0,0.0,0.482991,0.35592,0.0,3.039671,cash_in,cash_in,,,0,0,0,0.0,0.0,0.0
train,with_mine,mine best intruder 1039,intruder,50,0,expander,attack,friendly,Q2_NW,0.316088,2.402589,chosen_action,,0.0,0.18,0.110718,0.305702,0.273262,0.333333,2.402589,pressured,concentrated_inbound,0,Q0_SE,2,2,45,34.0,1.3235,2.401
train,with_mine,mine best intruder 1039,intruder,50,0,expander,attack,enemy,Q2_NW,0.411958,2.938832,chosen_action,,0.0,0.097593,0.062314,0.395239,0.511302,0.333333,2.938832,pressured,concentrated_inbound,0,Q0_SE,2,2,45,34.0,1.3235,2.401
train,with_mine,mine best intruder 1039,1039,50,0,anchor,attack,enemy,Q2_NW,0.577482,3.942391,chosen_action,,0.0,0.0,0.0,0.575152,0.416316,0.0,3.942391,pressured,concentrated_inbound,7,Q2_NW,2,3,102,72.0,1.4167,5.734
train,with_mine,mine best intruder 1039,intruder,60,0,expander,attack,enemy,Q2_NW,0.614672,4.238962,chosen_action,,0.0,0.0,0.0,0.692836,0.426782,0.0,4.238962,pressured,concentrated_inbound,17,Q3_NE,2,2,98,6.0,16.3333,0.549
train,with_mine,mine best intruder 1039,intruder,60,0,feeder,attack,enemy,Q2_NW,0.398079,3.380306,chosen_action,,0.0,0.18,0.013415,0.46392,0.197702,0.0,3.380306,pressured,concentrated_inbound,17,Q3_NE,2,2,98,6.0,16.3333,0.549
train,with_mine,mine best intruder 1039,intruder,60,0,expander,attack,enemy,Q1_SW,0.575159,4.237218,chosen_action,,0.0,0.18,0.019016,0.666676,0.471996,0.0,4.237218,pressured,concentrated_inbound,17,Q3_NE,2,2,98,6.0,16.3333,0.549
train,with_mine,mine best intruder 1039,mine,70,0,feeder,attack,enemy,Q3_NE,0.281343,2.743003,chosen_action,,0.0,0.18,0.178723,0.39895,0.285573,0.0,2.743003,chasing_leader,leader_target,,,0,0,0,0.0,0.0,0.0
train,with_mine,mine best intruder 1039,best,70,1,expander,attack,enemy,Q0_SE,1.0,2.271049,chosen_action,,0.0,0.138647,0.0,0.238091,0.518244,0.0,2.271049,cash_in,cash_in,,,0,0,0,0.0,0.0,0.0
train,with_mine,mine best intruder 1039,intruder,70,0,attacker,attack,enemy,Q0_SE,0.377862,2.384411,chosen_action,,0.0,0.0,0.0,0.336285,0.427649,0.0,2.384411,cash_in,cash_in,,,0,0,0,0.0,0.0,0.0
train,with_mine,mine best intruder 1039,intruder,70,0,feeder,attack,neutral,Q0_SE,0.203974,2.128854,chosen_action,,0.0,0.18,0.01117,0.215313,0.453409,0.0,2.128854,cash_in,cash_in,,,0,0,0,0.0,0.0,0.0
train,with_mine,mine best intruder 1039,intruder,70,0,expander,attack,friendly,Q3_NE,0.327037,2.185631,chosen_action,,0.0,0.086016,0.039242,0.299793,0.34528,0.0,2.185631,neutral,neutral,,,0,0,0,0.0,0.0,0.0
train,with_mine,mine best intruder 1039,intruder,70,0,expander,attack,friendly,Q3_NE,0.330639,2.023115,chosen_action,,0.0,0.0,0.0,0.2888,0.24444,0.0,2.023115,neutral,neutral,,,0,0,0,0.0,0.0,0.0
train,with_mine,mine best intruder 1039,intruder,70,0,expander,attack,neutral,Q3_NE,0.175225,1.52848,chosen_action,,0.0,0.18,0.006163,0.100342,0.21308,0.0,1.52848,neutral,neutral,,,0,0,0,0.0,0.0,0.0
train,with_mine,mine best intruder 1039,best,80,1,expander,attack,enemy,Q0_SE,1.0,1.858478,chosen_action,,0.0,0.0,0.0,0.156672,0.357382,0.0,1.858478,cash_in,cash_in,,,0,0,0,0.0,0.0,0.0
train,with_mine,mine best intruder 1039,best,80,1,expander,established,neutral,Q0_SE,1.0,1.454541,chosen_action,,0.0,0.0,0.0,0.062097,0.226302,0.0,1.454541,neutral,neutral,,,0,0,0,0.0,0.0,0.0
train,with_mine,mine best intruder 1039,best,80,1,expander,established,friendly,Q2_NW,1.0,1.436164,chosen_action,,0.0,0.0,0.0,0.09196,0.1596,0.0,1.436164,neutral,neutral,,,0,0,0,0.0,0.0,0.0
train,with_mine,mine best intruder 1039,intruder,80,0,attacker,attack,neutral,Q1_SW,0.2388,2.195142,chosen_action,,0.0,0.18,0.4,0.227633,0.480609,0.0,2.195142,pressured,concentrated_inbound,23,Q0_SE,2,2,78,37.0,2.1081,0.225
train,with_mine,mine best intruder 1039,best,90,1,expander,attack,enemy,Q3_NE,0.583454,2.408322,chosen_action,,0.0,0.18,0.0,0.216121,0.214542,0.0,2.408322,chasing_leader,leader_target,,,0,0,0,0.0,0.0,0.0
train,with_mine,mine best intruder 1039,best,90,1,expander,established,friendly,Q2_NW,1.0,1.596856,chosen_action,,0.0,0.0,0.0,0.12584,0.2184,0.0,1.596856,neutral,neutral,,,0,0,0,0.0,0.0,0.0
train,with_mine,mine best intruder 1039,best,90,1,expander,established,friendly,Q0_SE,1.0,1.298428,chosen_action,,0.0,0.0,0.0,0.06292,0.1092,0.0,1.298428,neutral,neutral,,,0,0,0,0.0,0.0,0.0
train,with_mine,mine best intruder 1039,best,90,1,expander,established,friendly,Q3_NE,1.0,2.037228,chosen_action,,0.0,0.0,0.0,0.191461,0.427942,0.0,2.037228,cash_in,cash_in,,,0,0,0,0.0,0.0,0.0
train,with_mine,mine best intruder 1039,best,100,1,expander,attack,enemy,Q3_NE,1.0,2.418491,chosen_action,,0.0,0.0,0.0,0.221968,0.21168,0.0,2.418491,chasing_leader,leader_target,,,0,0,0,0.0,0.0,0.0
train,with_mine,mine best intruder 1039,intruder,100,0,expander,attack,friendly,Q0_SE,0.268986,2.227382,chosen_action,,0.0,0.0,0.4,0.299417,0.376876,0.0,2.227382,cash_in,cash_in,,,0,0,0,0.0,0.0,0.0
train,with_mine,mine best intruder 1039,intruder,100,0,sweeper,attack,enemy,Q3_NE,0.420448,3.6404,chosen_action,,0.0,0.18,0.066433,0.549278,0.238618,0.0,3.6404,chasing_leader,leader_target,,,0,0,0,0.0,0.0,0.0
train,with_mine,mine best intruder 1039,intruder,110,0,expander,expansion,friendly,Q0_SE,0.287347,1.882695,chosen_action,,0.0,0.0,0.128918,0.228125,0.248293,0.0,1.882695,pressured,concentrated_inbound,21,Q0_SE,2,2,89,67.0,1.3284,0.0
train,with_mine,mine best intruder 1039,best,120,1,expander,established,friendly,Q0_SE,1.0,1.945626,chosen_action,,0.0,0.019151,0.0,0.175851,0.38784,0.0,1.945626,cash_in,cash_in,,,0,0,0,0.0,0.0,0.0
train,with_mine,mine intruder,mine,0,0,anchor,initiation,neutral,Q0_SE,0.29139,1.782565,chosen_action,,0.0,0.0,0.046974,0.108539,0.38672,0.0,1.782565,neutral,neutral,,,0,0,0,0.0,0.0,0.0
train,with_mine,mine intruder,intruder,0,1,anchor,initiation,neutral,Q2_NW,1.0,1.782565,chosen_action,,0.0,0.0,0.046974,0.108539,0.38672,0.0,1.782565,neutral,neutral,,,0,0,0,0.0,0.0,0.0
train,with_mine,mine intruder,intruder,50,1,expander,attack,friendly,Q3_NE,1.0,1.772852,chosen_action,,0.0,0.0,0.0,0.162947,0.2828,0.0,1.772852,neutral,neutral,,,0,0,0,0.0,0.0,0.0
train,with_mine,mine intruder,intruder,50,1,attacker,attack,neutral,Q3_NE,0.915023,1.940961,chosen_action,,0.0,0.18,0.0276,0.141935,0.44468,0.0,1.940961,cash_in,cash_in,,,0,0,0,0.0,0.0,0.0
train,with_mine,mine intruder,mine,60,0,expander,attack,friendly,Q3_NE,0.257189,1.956396,chosen_action,,0.0,0.044219,0.120285,0.215378,0.325547,0.0,1.956396,neutral,neutral,,,0,0,0,0.0,0.0,0.0
train,with_mine,mine intruder,mine,60,0,expander,attack,friendly,Q3_NE,0.323212,1.956396,chosen_action,,0.0,0.0,0.0,0.215378,0.325547,0.0,1.956396,neutral,neutral,,,0,0,0,0.0,0.0,0.0
train,with_mine,mine intruder,mine,60,0,expander,attack,neutral,Q0_SE,0.349265,2.161335,chosen_action,,0.0,0.0,0.0,0.278982,0.36428,0.0,2.161335,cash_in,cash_in,,,0,0,0,0.0,0.0,0.0
train,with_mine,mine intruder,intruder,60,1,expander,attack,neutral,Q1_SW,0.942028,2.028959,chosen_action,,0.0,0.18,0.011956,0.160488,0.47688,0.0,2.028959,cash_in,cash_in,,,0,0,0,0.0,0.0,0.0
train,with_mine,mine intruder,intruder,60,1,expander,attack,enemy,Q3_NE,0.939885,2.386191,chosen_action,,0.0,0.18,0.061108,0.191635,0.24168,0.0,2.386191,chasing_leader,leader_target,,,0,0,0,0.0,0.0,0.0
train,with_mine,mine intruder,intruder,70,1,expander,attack,enemy,Q0_SE,0.631311,2.796261,chosen_action,,0.0,0.18,0.002316,0.293727,0.363938,0.0,2.796261,cash_in,cash_in,,,0,0,0,0.0,0.0,0.0
train,with_mine,mine intruder,intruder,80,1,expander,established,neutral,Q0_SE,0.746544,1.519121,chosen_action,,0.0,0.18,0.141215,0.072838,0.255044,0.0,1.519121,pressured,concentrated_inbound,25,Q1_SW,2,2,63,22.0,2.8636,0.658
train,with_mine,mine intruder,intruder,80,1,expander,attack,enemy,Q0_SE,1.0,2.737203,chosen_action,,0.0,0.152171,0.005706,0.285484,0.334844,0.0,2.737203,pressured,concentrated_inbound,25,Q1_SW,2,2,63,22.0,2.8636,0.658
train,with_mine,mine intruder,intruder,80,1,expander,established,unknown,unknown,0.621414,1.0,chosen_action,,0.0,0.18,0.018586,0.0,0.0,0.0,1.0,pressured,concentrated_inbound,25,Q1_SW,2,2,63,22.0,2.8636,0.658
train,with_mine,mine intruder,intruder,80,1,feeder,established,friendly,Q3_NE,0.795564,1.601286,chosen_action,,0.0,0.066541,0.0,0.103251,0.26184,0.0,1.601286,pressured,concentrated_inbound,25,Q1_SW,2,2,63,22.0,2.8636,0.658
train,with_mine,mine intruder,mine,90,0,anchor,attack,friendly,Q1_SW,0.323644,1.960252,chosen_action,,0.0,0.0,0.0,0.219485,0.321102,0.0,1.960252,neutral,neutral,,,0,0,0,0.0,0.0,0.0
train,with_mine,mine intruder,intruder,90,1,expander,established,friendly,Q2_NW,0.893029,1.835437,chosen_action,,0.0,0.18,0.03531,0.152619,0.34752,0.0,1.835437,neutral,neutral,,,0,0,0,0.0,0.0,0.0
train,with_mine,mine intruder,intruder,90,1,expander,attack,enemy,Q1_SW,0.617252,2.66702,chosen_action,,0.0,0.18,0.0,0.250844,0.34444,0.0,2.66702,chasing_leader,leader_target,,,0,0,0,0.0,0.0,0.0
train,with_mine,mine intruder,intruder,90,1,expander,established,friendly,Q1_SW,1.0,1.560126,chosen_action,,0.0,0.0,0.0,0.118096,0.20496,0.0,1.560126,neutral,neutral,,,0,0,0,0.0,0.0,0.0
train,with_mine,mine intruder,intruder,90,1,expander,established,friendly,Q2_NW,0.970138,1.876154,chosen_action,,0.0,0.142988,0.0,0.184727,0.3206,0.0,1.876154,neutral,neutral,,,0,0,0,0.0,0.0,0.0
train,with_mine,mine intruder,intruder,100,1,attacker,attack,enemy,Q0_SE,1.0,2.537701,chosen_action,,0.0,0.088525,0.0,0.223579,0.29712,0.0,2.537701,pressured,concentrated_inbound,9,Q1_SW,3,4,56,105.0,0.5333,4.36
train,with_mine,mine intruder,intruder,100,1,expander,attack,friendly,Q1_SW,0.713818,1.537009,chosen_action,,0.0,0.0,0.35599,0.089699,0.23832,0.0,1.537009,pressured,concentrated_inbound,9,Q1_SW,3,4,56,105.0,0.5333,4.36
train,with_mine,mine intruder,intruder,100,1,expander,attack,friendly,Q1_SW,0.968696,1.537009,chosen_action,,0.0,0.0,0.038192,0.089699,0.23832,0.0,1.537009,pressured,concentrated_inbound,9,Q1_SW,3,4,56,105.0,0.5333,4.36
train,with_mine,mine best intruder smith,best,20,0,anchor,expansion,enemy,Q1_SW,0.127762,1.587674,chosen_action,,0.0,0.18,0.280582,0.123904,0.21504,0.0,1.587674,neutral,neutral,,,0,0,0,0.0,0.0,0.0
train,with_mine,mine best intruder smith,intruder,20,1,anchor,expansion,neutral,Q3_NE,1.0,2.737078,chosen_action,,0.0,0.029046,0.0,0.277932,0.5704,0.333333,2.737078,neutral,neutral,,,0,0,0,0.0,0.0,0.0
train,with_mine,mine best intruder smith,intruder,20,1,expander,expansion,neutral,Q0_SE,0.706144,1.896967,chosen_action,,0.0,0.15618,0.248132,0.123661,0.222356,0.333333,1.896967,neutral,neutral,,,0,0,0,0.0,0.0,0.0
train,with_mine,mine best intruder smith,best,30,0,anchor,expansion,neutral,Q1_SW,0.34044,2.351203,chosen_action,,0.0,0.02413,0.0,0.197161,0.42816,0.333333,2.351203,pressured,concentrated_inbound,21,Q2_NW,2,2,82,80.0,1.025,0.121
train,with_mine,mine best intruder smith,intruder,30,1,anchor,expansion,enemy,Q3_NE,1.0,4.157589,chosen_action,,0.0,0.02413,0.0,0.496355,0.27136,0.666667,4.157589,chasing_leader,leader_target,,,0,0,0,0.0,0.0,0.0
train,with_mine,mine best intruder smith,mine,40,0,anchor,initiation,enemy,Q0_SE,0.416635,2.965733,chosen_action,,0.0,0.031338,0.0,0.421764,0.41,0.0,2.965733,cash_in,cash_in,,,0,0,0,0.0,0.0,0.0
train,with_mine,mine best intruder smith,best,40,0,expander,expansion,enemy,Q0_SE,0.253133,2.943747,chosen_action,,0.95,0.18,0.103238,0.301644,0.459111,0.0,2.943747,cash_in,cash_in,,,0,0,0,0.0,0.0,0.0
train,with_mine,mine best intruder smith,best,40,0,expander,expansion,friendly,Q1_SW,0.16414,1.645064,chosen_action,,0.0,0.18,0.135742,0.136004,0.23604,0.0,1.645064,neutral,neutral,,,0,0,0,0.0,0.0,0.0
train,with_mine,mine best intruder smith,best,40,0,expander,expansion,neutral,Q1_SW,0.249536,1.417726,chosen_action,,0.0,0.0,0.025292,0.05514,0.2114,0.0,1.417726,neutral,neutral,,,0,0,0,0.0,0.0,0.0
train,with_mine,mine best intruder smith,best,40,0,expander,expansion,enemy,Q0_SE,0.296393,2.729652,chosen_action,,0.0,0.18,0.123133,0.280028,0.338951,0.0,2.729652,chasing_leader,leader_target,,,0,0,0,0.0,0.0,0.0
train,with_mine,mine best intruder smith,best,50,0,expander,expansion,neutral,Q1_SW,0.267559,1.521448,chosen_action,,0.0,0.0,0.0,0.098358,0.2114,0.0,1.521448,neutral,neutral,,,0,0,0,0.0,0.0,0.0
train,with_mine,mine best intruder smith,best,50,0,expander,expansion,enemy,Q3_NE,0.261553,3.03757,chosen_action,,0.95,0.18,0.101042,0.339488,0.165036,0.0,3.03757,chasing_leader,leader_target,,,0,0,0,0.0,0.0,0.0
train,with_mine,mine best intruder smith,intruder,50,1,expander,expansion,friendly,Q0_SE,1.0,1.849976,chosen_action,,0.0,0.005224,0.020683,0.155684,0.35284,0.0,1.849976,pressured,concentrated_inbound,8,Q0_SE,2,2,67,53.0,1.2642,1.729
train,with_mine,mine best intruder smith,intruder,50,1,sweeper,expansion,friendly,Q3_NE,0.970491,2.016024,chosen_action,,0.0,0.029046,0.0,0.190693,0.4136,0.0,2.016024,pressured,concentrated_inbound,8,Q0_SE,2,2,67,53.0,1.2642,1.729
train,with_mine,mine best intruder smith,best,60,0,expander,expansion,neutral,Q0_SE,0.287205,2.340893,chosen_action,,0.0,0.18,0.250433,0.274723,0.504858,0.0,2.340893,cash_in,cash_in,,,0,0,0,0.0,0.0,0.0
train,with_mine,mine best intruder smith,intruder,60,1,expander,expansion,neutral,Q2_NW,0.846942,2.198009,chosen_action,,0.0,0.18,0.129033,0.187988,0.553213,0.0,2.198009,cash_in,cash_in,,,0,0,0,0.0,0.0,0.0
train,with_mine,mine best intruder smith,intruder,60,1,expander,expansion,neutral,Q2_NW,0.299192,1.729868,chosen_action,,0.0,0.18,0.095867,0.112809,0.340093,0.0,1.729868,neutral,neutral,,,0,0,0,0.0,0.0,0.0
train,with_mine,mine best intruder smith,best,70,0,expander,expansion,friendly,Q2_NW,0.141375,1.256658,chosen_action,,0.0,0.081799,0.124094,0.072448,0.06132,0.0,1.256658,neutral,neutral,,,0,0,0,0.0,0.0,0.0
train,with_mine,mine best intruder smith,best,70,0,expander,expansion,neutral,Q1_SW,0.250351,1.521448,chosen_action,,0.0,0.0,0.086041,0.098358,0.2114,0.0,1.521448,neutral,neutral,,,0,0,0,0.0,0.0,0.0
train,with_mine,mine best intruder smith,best,70,0,expander,expansion,neutral,Q1_SW,0.210854,1.521448,chosen_action,,0.0,0.04133,0.083019,0.098358,0.2114,0.0,1.521448,neutral,neutral,,,0,0,0,0.0,0.0,0.0
train,with_mine,mine best intruder smith,intruder,70,1,expander,expansion,enemy,Q2_NW,0.679151,2.784362,chosen_action,,0.0,0.108741,0.104562,0.273054,0.391876,0.0,2.784362,pressured,concentrated_inbound,22,Q0_SE,3,3,137,140.0,0.9786,5.241
train,with_mine,mine best intruder smith,intruder,70,1,expander,expansion,friendly,Q0_SE,0.626772,1.257107,chosen_action,,0.0,0.067112,0.12201,0.054208,0.09408,0.0,1.257107,pressured,concentrated_inbound,22,Q0_SE,3,3,137,140.0,0.9786,5.241
train,with_mine,mine best intruder smith,best,80,0,expander,expansion,enemy,Q2_NW,0.563746,3.841013,chosen_action,,0.0,0.0,0.0,0.586099,0.32176,0.0,3.841013,pressured,concentrated_inbound,21,Q3_NE,2,2,84,26.0,3.2308,1.577
train,with_mine,mine best intruder smith,intruder,80,1,expander,expansion,neutral,Q0_SE,0.694769,1.417726,chosen_action,,0.0,0.0,0.359825,0.05514,0.2114,0.0,1.417726,pressured,concentrated_inbound,22,Q1_SW,2,2,90,103.0,0.8738,3.632
train,with_mine,mine best intruder smith,best,90,0,expander,expansion,enemy,Q2_NW,0.516775,3.563275,chosen_action,,0.0,0.058387,0.0,0.499197,0.27052,0.0,3.563275,chasing_leader,leader_target,,,0,0,0,0.0,0.0,0.0
train,with_mine,mine best intruder smith,best,90,0,anchor,expansion,friendly,Q1_SW,0.121547,1.256658,chosen_action,,0.0,0.18,0.096124,0.072448,0.06132,0.0,1.256658,neutral,neutral,,,0,0,0,0.0,0.0,0.0
train,with_mine,mine best intruder smith,intruder,90,1,expander,expansion,enemy,Q2_NW,1.0,2.680987,chosen_action,,0.0,0.0,0.0,0.251949,0.352822,0.0,2.680987,cash_in,cash_in,,,0,0,0,0.0,0.0,0.0
train,with_mine,mine best intruder smith,intruder,90,1,expander,expansion,friendly,Q2_NW,0.861916,1.69866,chosen_action,,0.0,0.028798,0.068424,0.121941,0.300742,0.0,1.69866,neutral,neutral,,,0,0,0,0.0,0.0,0.0
train,with_mine,mine best intruder smith,best,100,0,expander,expansion,neutral,Q1_SW,0.067732,1.521448,chosen_action,,0.0,0.18,0.299134,0.098358,0.2114,0.0,1.521448,neutral,neutral,,,0,0,0,0.0,0.0,0.0
train,with_mine,mine best intruder smith,best,100,0,anchor,expansion,friendly,Q1_SW,0.28613,1.964132,chosen_action,,0.0,0.02413,0.042823,0.237269,0.29236,0.0,1.964132,neutral,neutral,,,0,0,0,0.0,0.0,0.0
train,with_mine,mine best intruder smith,best,100,0,expander,expansion,neutral,Q1_SW,0.232139,1.521448,chosen_action,,0.0,0.0,0.177099,0.098358,0.2114,0.0,1.521448,neutral,neutral,,,0,0,0,0.0,0.0,0.0
train,with_mine,mine best intruder smith,intruder,100,1,expander,expansion,enemy,Q1_SW,0.640093,3.08871,chosen_action,,0.0,0.18,0.111677,0.336233,0.505,0.0,3.08871,cash_in,cash_in,,,0,0,0,0.0,0.0,0.0
train,with_mine,mine best intruder smith,intruder,100,1,expander,expansion,friendly,Q0_SE,0.994303,1.932617,chosen_action,,0.0,0.026584,0.1,0.173108,0.38308,0.0,1.932617,cash_in,cash_in,,,0,0,0,0.0,0.0,0.0
train,with_mine,mine best intruder smith,intruder,100,1,expander,expansion,neutral,Q1_SW,0.131989,2.012955,chosen_action,,0.95,0.18,0.128572,0.153595,0.47728,0.0,2.012955,cash_in,cash_in,,,0,0,0,0.0,0.0,0.0
train,with_mine,mine best intruder smith,best,110,0,expander,expansion,friendly,Q1_SW,0.381122,2.454008,chosen_action,,0.0,0.026172,0.0,0.375549,0.4094,0.0,2.454008,cash_in,cash_in,,,0,0,0,0.0,0.0,0.0
train,with_mine,mine best intruder smith,best,110,0,expander,expansion,neutral,Q1_SW,0.257507,1.521448,chosen_action,,0.0,0.0,0.05026,0.098358,0.2114,0.0,1.521448,neutral,neutral,,,0,0,0,0.0,0.0,0.0
train,with_mine,mine best intruder smith,intruder,110,1,expander,expansion,friendly,Q0_SE,0.968621,1.774221,chosen_action,,0.0,0.017867,0.006028,0.139712,0.32512,0.0,1.774221,neutral,neutral,,,0,0,0,0.0,0.0,0.0
train,with_mine,mine best intruder smith,best,120,0,expander,expansion,enemy,Q2_NW,0.479655,3.957689,chosen_action,,0.0,0.147617,0.011349,0.578864,0.421049,0.0,3.957689,overtake_window,overtake_window,,,0,0,0,0.0,0.0,0.0
train,with_mine,mine best intruder 1200,mine,0,0,expander,initiation,neutral,Q0_SE,0.254921,1.852198,chosen_action,,0.0,0.18,0.101204,0.12322,0.4122,0.0,1.852198,neutral,neutral,,,0,0,0,0.0,0.0,0.0
train,with_mine,mine best intruder 1200,1200,0,0,expander,initiation,neutral,Q2_NW,0.254921,1.852198,chosen_action,,0.0,0.18,0.101204,0.12322,0.4122,0.0,1.852198,neutral,neutral,,,0,0,0,0.0,0.0,0.0
train,with_mine,mine best intruder 1200,best,20,1,anchor,expansion,neutral,Q1_SW,1.0,2.568487,chosen_action,,0.0,0.0,0.0,0.248164,0.49844,0.333333,2.568487,cash_in,cash_in,,,0,0,0,0.0,0.0,0.0
train,with_mine,mine best intruder 1200,best,20,1,expander,expansion,neutral,Q2_NW,1.0,2.568487,chosen_action,,0.0,0.18,0.012556,0.248164,0.49844,0.333333,2.568487,cash_in,cash_in,,,0,0,0,0.0,0.0,0.0
train,with_mine,mine best intruder 1200,intruder,20,0,expander,expansion,neutral,Q2_NW,0.247974,1.730576,chosen_action,,0.0,0.18,0.055251,0.119307,0.329067,0.0,1.730576,neutral,neutral,,,0,0,0,0.0,0.0,0.0
train,with_mine,mine best intruder 1200,intruder,30,0,expander,attack,enemy,Q2_NW,0.294349,2.418449,chosen_action,,0.0,0.18,0.272089,0.218003,0.218698,0.0,2.418449,pressured,concentrated_inbound,22,Q3_NE,2,2,28,54.0,0.5185,0.378
train,with_mine,mine best intruder 1200,intruder,50,0,attacker,attack,friendly,Q3_NE,0.285551,2.069884,chosen_action,,0.0,0.18,0.048876,0.2329,0.15624,0.333333,2.069884,neutral,neutral,,,0,0,0,0.0,0.0,0.0
train,with_mine,mine best intruder 1200,best,60,1,expander,attack,enemy,Q0_SE,1.0,2.785305,chosen_action,,0.0,0.0,0.0,0.274472,0.390053,0.0,2.785305,pressured,concentrated_inbound,17,Q3_NE,2,2,134,69.0,1.942,4.51
train,with_mine,mine best intruder 1200,best,60,1,attacker,attack,enemy,Q3_NE,1.0,2.889056,chosen_action,,0.0,0.143051,0.0,0.292092,0.435582,0.0,2.889056,pressured,concentrated_inbound,17,Q3_NE,2,2,134,69.0,1.942,4.51
train,with_mine,mine best intruder 1200,intruder,60,0,expander,attack,neutral,Q0_SE,0.262621,1.482774,chosen_action,,0.0,0.0,0.0,0.087441,0.20216,0.0,1.482774,neutral,neutral,,,0,0,0,0.0,0.0,0.0
train,with_mine,mine best intruder 1200,best,70,1,expander,attack,neutral,Q2_NW,0.140506,2.079462,chosen_action,,0.95,0.18,0.004952,0.171136,0.49536,0.0,2.079462,cash_in,cash_in,,,0,0,0,0.0,0.0,0.0
train,with_mine,mine best intruder 1200,best,70,1,expander,attack,neutral,Q0_SE,0.096215,1.392474,chosen_action,,0.0,0.18,0.255118,0.049816,0.20216,0.0,1.392474,neutral,neutral,,,0,0,0,0.0,0.0,0.0
train,with_mine,mine best intruder 1200,intruder,70,0,attacker,attack,enemy,Q0_SE,0.496941,3.630132,chosen_action,,0.0,0.18,0.020482,0.515672,0.290756,0.0,3.630132,chasing_leader,leader_target,,,0,0,0,0.0,0.0,0.0
train,with_mine,mine intruder,mine,0,0,expander,initiation,neutral,Q0_SE,0.325335,1.965609,chosen_action,,0.0,0.0,0.0,0.170655,0.41188,0.0,1.965609,neutral,neutral,,,0,0,0,0.0,0.0,0.0
train,with_mine,mine intruder,intruder,0,1,expander,initiation,neutral,Q2_NW,1.0,1.965609,chosen_action,,0.0,0.0,0.0,0.170655,0.41188,0.0,1.965609,neutral,neutral,,,0,0,0,0.0,0.0,0.0
train,with_mine,mine intruder,mine,30,0,expander,expansion,neutral,Q1_SW,0.307437,2.463313,chosen_action,,0.0,0.18,0.225424,0.329341,0.49844,0.0,2.463313,cash_in,cash_in,,,0,0,0,0.0,0.0,0.0
train,with_mine,mine intruder,mine,30,0,anchor,expansion,neutral,Q0_SE,0.282598,2.042582,chosen_action,,0.0,0.0,0.218309,0.210579,0.39792,0.0,2.042582,cash_in,cash_in,,,0,0,0,0.0,0.0,0.0
train,with_mine,mine intruder,intruder,30,1,expander,expansion,enemy,Q0_SE,0.186915,2.435021,chosen_action,,0.95,0.18,0.4,0.221083,0.225498,0.0,2.435021,chasing_leader,leader_target,,,0,0,0,0.0,0.0,0.0
train,with_mine,mine intruder,intruder,30,1,expander,expansion,friendly,Q3_NE,0.591372,1.633586,chosen_action,,0.0,0.18,0.310434,0.133584,0.23184,0.0,1.633586,neutral,neutral,,,0,0,0,0.0,0.0,0.0
train,with_mine,mine intruder,intruder,40,1,expander,expansion,enemy,Q0_SE,0.671858,2.544581,chosen_action,,0.0,0.129257,0.4,0.241445,0.270453,0.0,2.544581,pressured,concentrated_inbound,20,Q0_SE,4,4,195,48.0,4.0625,5.091
train,with_mine,mine intruder,intruder,40,1,expander,expansion,friendly,Q2_NW,0.08477,1.656542,chosen_action,,0.95,0.0,0.4,0.138424,0.24024,0.0,1.656542,pressured,concentrated_inbound,20,Q0_SE,4,4,195,48.0,4.0625,5.091
train,with_mine,mine intruder,mine,50,0,expander,expansion,friendly,Q0_SE,0.225621,2.00202,chosen_action,,0.0,0.167667,0.063955,0.282846,0.2394,0.0,2.00202,neutral,neutral,,,0,0,0,0.0,0.0,0.0
train,with_mine,mine intruder,mine,50,0,expander,expansion,friendly,Q0_SE,0.196158,1.55512,chosen_action,,0.0,0.0,0.349236,0.121815,0.19464,0.0,1.55512,neutral,neutral,,,0,0,0,0.0,0.0,0.0
train,with_mine,mine intruder,mine,50,0,expander,expansion,friendly,Q0_SE,0.361047,2.360252,chosen_action,,0.0,0.0,0.0,0.349084,0.387,0.0,2.360252,cash_in,cash_in,,,0,0,0,0.0,0.0,0.0
train,with_mine,mine intruder,intruder,50,1,expander,expansion,enemy,Q0_SE,1.0,3.071499,chosen_action,,0.0,0.0,0.0,0.328924,0.505244,0.0,3.071499,pressured,concentrated_inbound,12,Q1_SW,2,2,69,9.0,7.6667,0.212
train,with_mine,mine intruder,intruder,60,1,expander,expansion,enemy,Q0_SE,1.0,2.734011,chosen_action,,0.0,0.0,0.0,0.284604,0.334044,0.0,2.734011,pressured,concentrated_inbound,4,Q0_SE,2,2,154,54.0,2.8519,2.261
train,with_mine,mine intruder,intruder,60,1,expander,expansion,neutral,Q1_SW,0.799738,1.417726,chosen_action,,0.0,0.025888,0.228968,0.05514,0.2114,0.0,1.417726,pressured,concentrated_inbound,4,Q0_SE,2,2,154,54.0,2.8519,2.261
train,with_mine,mine intruder,mine,70,0,feeder,attack,friendly,Q0_SE,0.408594,2.62381,chosen_action,,0.0,0.0,0.0,0.395695,0.499364,0.0,2.62381,cash_in,cash_in,,,0,0,0,0.0,0.0,0.0
train,with_mine,mine intruder,mine,70,0,expander,attack,friendly,Q0_SE,0.292689,1.8679,chosen_action,,0.0,0.0,0.096925,0.18232,0.318764,0.0,1.8679,neutral,neutral,,,0,0,0,0.0,0.0,0.0
train,with_mine,mine intruder,intruder,70,1,expander,expansion,enemy,Q0_SE,0.706499,2.273707,chosen_action,,0.0,0.05997,0.4,0.167919,0.20052,0.0,2.273707,chasing_leader,leader_target,,,0,0,0,0.0,0.0,0.0
train,with_mine,mine intruder,intruder,70,1,expander,expansion,friendly,Q0_SE,0.781536,1.707045,chosen_action,,0.0,0.084356,0.225399,0.149072,0.25872,0.0,1.707045,neutral,neutral,,,0,0,0,0.0,0.0,0.0
train,with_mine,mine intruder,intruder,70,1,expander,expansion,friendly,Q0_SE,0.837164,1.498749,chosen_action,,0.0,0.0,0.227703,0.081632,0.22432,0.0,1.498749,neutral,neutral,,,0,0,0,0.0,0.0,0.0
train,with_mine,mine intruder,intruder,70,1,expander,expansion,friendly,Q0_SE,1.0,1.910588,chosen_action,,0.0,0.0,0.1,0.191987,0.3332,0.0,1.910588,neutral,neutral,,,0,0,0,0.0,0.0,0.0
train,with_mine,mine best,mine,0,0,expander,initiation,neutral,Q0_SE,0.179015,1.719053,chosen_action,,0.0,0.17478,0.4,0.095148,0.36348,0.0,1.719053,neutral,neutral,,,0,0,0,0.0,0.0,0.0
train,with_mine,mine best,best,0,1,expander,initiation,neutral,Q2_NW,0.51919,1.719053,chosen_action,,0.0,0.17478,0.4,0.095148,0.36348,0.0,1.719053,neutral,neutral,,,0,0,0,0.0,0.0,0.0
train,with_mine,mine best,mine,20,0,anchor,expansion,neutral,Q3_NE,0.132942,1.908193,chosen_action,,0.0,0.18,0.4,0.207526,0.3038,0.0,1.908193,neutral,neutral,,,0,0,0,0.0,0.0,0.0
train,with_mine,mine best,mine,30,0,expander,expansion,neutral,Q0_SE,0.399804,2.656685,chosen_action,,0.0,0.067046,0.0,0.383925,0.54464,0.0,2.656685,cash_in,cash_in,,,0,0,0,0.0,0.0,0.0
train,with_mine,mine best,best,40,1,expander,expansion,friendly,Q2_NW,1.0,1.525692,chosen_action,,0.0,0.0,0.0,0.110836,0.19236,0.0,1.525692,neutral,neutral,,,0,0,0,0.0,0.0,0.0
train,with_mine,mine best,mine,60,0,expander,attack,friendly,Q3_NE,0.157735,1.500728,chosen_action,,0.0,0.18,0.072819,0.123234,0.151827,0.0,1.500728,neutral,neutral,,,0,0,0,0.0,0.0,0.0
train,with_mine,mine best,mine,60,0,expander,attack,enemy,Q3_NE,0.401639,3.321584,chosen_action,,0.0,0.082891,0.4,0.399715,0.268347,0.0,3.321584,chasing_leader,leader_target,,,0,0,0,0.0,0.0,0.0
train,with_mine,mine best,best,60,1,expander,expansion,neutral,Q2_NW,0.310785,1.890458,chosen_action,,0.0,0.18,0.285317,0.131287,0.4262,0.0,1.890458,pressured,concentrated_inbound,15,Q3_NE,2,2,79,82.0,0.9634,1.349
train,with_mine,mine best,best,70,1,expander,expansion,enemy,Q0_SE,0.647319,3.125818,chosen_action,,0.0,0.18,0.109343,0.33902,0.527533,0.0,3.125818,pressured,concentrated_inbound,15,Q3_NE,2,2,40,48.0,0.8333,0.145
train,with_mine,mine best,mine,80,0,expander,attack,enemy,Q1_SW,0.41352,3.5646,chosen_action,,0.0,0.18,0.059166,0.463004,0.335844,0.0,3.5646,chasing_leader,leader_target,,,0,0,0,0.0,0.0,0.0
train,with_mine,mine best,mine,80,0,feeder,attack,enemy,Q2_NW,0.583656,5.176673,chosen_action,,0.0,0.18,0.095414,0.940889,0.6804,0.0,5.176673,overtake_window,overtake_window,,,0,0,0,0.0,0.0,0.0
train,with_mine,mine best,mine,80,0,expander,attack,enemy,Q3_NE,0.398577,3.452337,chosen_action,,0.0,0.138895,0.021087,0.453593,0.269418,0.0,3.452337,chasing_leader,leader_target,,,0,0,0,0.0,0.0,0.0
train,with_mine,mine best,best,80,1,expander,expansion,friendly,Q3_NE,1.0,1.445346,chosen_action,,0.0,0.0,0.0,0.093896,0.16296,0.0,1.445346,pressured,concentrated_inbound,15,Q3_NE,2,2,51,50.0,1.02,8.655
train,with_mine,mine best,mine,90,0,feeder,attack,friendly,Q0_SE,0.283154,1.692967,chosen_action,,0.0,0.0,0.002083,0.146079,0.253613,0.0,1.692967,pressured,concentrated_inbound,5,Q1_SW,4,4,143,46.0,3.1087,6.985
train,with_mine,mine best,mine,90,0,expander,attack,friendly,Q0_SE,0.383946,2.529741,chosen_action,,0.0,0.0,0.0,0.38228,0.453533,0.0,2.529741,pressured,concentrated_inbound,5,Q1_SW,4,4,143,46.0,3.1087,6.985
train,with_mine,mine best intruder 1039,best,10,1,expander,initiation,neutral,Q1_SW,0.797292,1.383292,chosen_action,,0.0,0.07234,0.180515,0.04788,0.1988,0.0,1.383292,neutral,neutral,,,0,0,0,0.0,0.0,0.0
train,with_mine,mine best intruder 1039,1039,10,0,expander,initiation,neutral,Q3_NE,0.225557,1.776958,chosen_action,,0.0,0.18,0.199507,0.106828,0.385609,0.0,1.776958,neutral,neutral,,,0,0,0,0.0,0.0,0.0
train,with_mine,mine best intruder 1039,1039,20,0,expander,expansion,neutral,Q2_NW,0.236657,1.383292,chosen_action,,0.0,0.0,0.067457,0.04788,0.1988,0.0,1.383292,neutral,neutral,,,0,0,0,0.0,0.0,0.0
train,with_mine,mine best intruder 1039,mine,50,0,anchor,initiation,neutral,Q0_SE,0.132631,1.711305,chosen_action,,0.0,0.18,0.335851,0.151949,0.25676,0.0,1.711305,neutral,neutral,,,0,0,0,0.0,0.0,0.0
train,with_mine,mine best intruder 1039,best,50,1,expander,expansion,friendly,Q2_NW,0.965282,1.140032,chosen_action,,0.0,0.0,0.052799,0.029524,0.05124,0.0,1.140032,neutral,neutral,,,0,0,0,0.0,0.0,0.0
train,with_mine,mine best intruder 1039,best,50,1,expander,expansion,neutral,Q0_SE,0.060041,1.459671,chosen_action,,0.95,0.18,0.178107,0.06242,0.229529,0.0,1.459671,neutral,neutral,,,0,0,0,0.0,0.0,0.0
train,with_mine,mine best intruder 1039,best,50,1,expander,expansion,neutral,Q1_SW,0.972954,2.175878,chosen_action,,0.0,0.18,0.0,0.191464,0.53064,0.0,2.175878,cash_in,cash_in,,,0,0,0,0.0,0.0,0.0
train,with_mine,mine best intruder 1039,best,50,1,expander,expansion,friendly,Q1_SW,0.739796,1.174466,chosen_action,,0.0,0.18,0.10273,0.036784,0.06384,0.0,1.174466,neutral,neutral,,,0,0,0,0.0,0.0,0.0
train,with_mine,mine best intruder 1039,intruder,50,0,expander,expansion,friendly,Q3_NE,0.214157,1.214467,chosen_action,,0.0,0.0,0.066138,0.060539,0.05124,0.0,1.214467,neutral,neutral,,,0,0,0,0.0,0.0,0.0
train,with_mine,mine best intruder 1039,best,60,1,expander,expansion,friendly,Q1_SW,0.798487,1.190535,chosen_action,,0.0,0.125111,0.101004,0.040172,0.06972,0.0,1.190535,neutral,neutral,,,0,0,0,0.0,0.0,0.0
train,with_mine,mine best intruder 1039,intruder,60,0,expander,expansion,enemy,Q1_SW,0.270861,3.115272,chosen_action,,0.95,0.18,0.329034,0.392104,0.129053,0.0,3.115272,chasing_leader,leader_target,,,0,0,0,0.0,0.0,0.0
train,with_mine,mine best intruder 1039,intruder,70,0,expander,expansion,enemy,Q3_NE,0.184032,1.267205,chosen_action,,0.0,0.158907,0.091527,0.075426,0.06384,0.0,1.267205,neutral,neutral,,,0,0,0,0.0,0.0,0.0
train,with_mine,mine best intruder 1039,mine,80,0,anchor,expansion,enemy,Q0_SE,0.124481,1.225015,chosen_action,,0.0,0.18,0.061255,0.063516,0.05376,0.0,1.225015,neutral,neutral,,,0,0,0,0.0,0.0,0.0
train,with_mine,mine best intruder 1039,mine,80,0,expander,expansion,friendly,Q0_SE,0.237476,1.471125,chosen_action,,0.0,0.0,0.113406,0.132987,0.11256,0.0,1.471125,neutral,neutral,,,0,0,0,0.0,0.0,0.0
train,with_mine,mine best intruder 1039,best,80,1,expander,expansion,enemy,Q0_SE,0.819999,1.534257,chosen_action,,0.0,0.18,0.069039,0.10979,0.200564,0.0,1.534257,neutral,neutral,,,0,0,0,0.0,0.0,0.0
train,with_mine,mine best intruder 1039,best,80,1,expander,expansion,friendly,Q1_SW,1.0,1.280063,chosen_action,,0.0,0.0,0.007717,0.059048,0.10248,0.0,1.280063,neutral,neutral,,,0,0,0,0.0,0.0,0.0
train,with_mine,mine best intruder 1039,intruder,80,0,expander,expansion,friendly,Q3_NE,0.183752,1.25096,chosen_action,,0.0,0.18,0.061747,0.067999,0.065009,0.0,1.25096,neutral,neutral,,,0,0,0,0.0,0.0,0.0
train,with_mine,mine best intruder 1039,mine,100,0,expander,attack,neutral,Q0_SE,0.22362,1.626064,chosen_action,,0.0,0.18,0.107803,0.11475,0.259751,0.0,1.626064,neutral,neutral,,,0,0,0,0.0,0.0,0.0
train,with_mine,mine best intruder 1039,intruder,100,0,expander,expansion,neutral,Q0_SE,0.269158,1.692352,chosen_action,,0.0,0.041331,0.061738,0.12707,0.286951,0.0,1.692352,neutral,neutral,,,0,0,0,0.0,0.0,0.0
train,with_mine,mine best intruder 1039,mine,110,0,anchor,attack,friendly,Q0_SE,0.291583,1.783229,chosen_action,,0.0,0.0,0.045841,0.183985,0.253084,0.0,1.783229,neutral,neutral,,,0,0,0,0.0,0.0,0.0
train,with_mine,mine best intruder 1039,mine,120,0,feeder,attack,enemy,Q0_SE,0.575799,3.934001,chosen_action,,0.0,0.0,0.0,0.603381,0.359916,0.0,3.934001,overtake_window,overtake_window,,,0,0,0,0.0,0.0,0.0
train,with_mine,mine best intruder 1039,best,150,1,expander,established,neutral,Q1_SW,1.0,1.755783,chosen_action,,0.0,0.0,0.0,0.102892,0.37692,0.0,1.755783,cash_in,cash_in,,,0,0,0,0.0,0.0,0.0
train,with_mine,mine best intruder smith,intruder,30,1,anchor,expansion,neutral,Q3_NE,1.0,2.876482,chosen_action,,0.0,0.019806,0.041221,0.311975,0.39092,0.666667,2.876482,cash_in,cash_in,,,0,0,0,0.0,0.0,0.0
train,with_mine,mine best intruder smith,best,40,0,expander,expansion,neutral,Q0_SE,0.200661,1.942359,chosen_action,,0.0,0.18,0.088662,0.16274,0.408729,0.0,1.942359,cash_in,cash_in,,,0,0,0,0.0,0.0,0.0
train,with_mine,mine best intruder smith,intruder,40,1,expander,expansion,enemy,Q2_NW,0.964553,3.131221,chosen_action,,0.0,0.18,0.115831,0.355607,0.205751,0.666667,3.131221,chasing_leader,leader_target,,,0,0,0,0.0,0.0,0.0
train,with_mine,mine best intruder smith,intruder,40,1,expander,expansion,friendly,Q3_NE,0.978831,2.541029,chosen_action,,0.0,0.18,0.028353,0.247645,0.2568,0.666667,2.541029,neutral,neutral,,,0,0,0,0.0,0.0,0.0
train,with_mine,mine best intruder smith,mine,50,0,expander,expansion,friendly,Q1_SW,0.248592,2.321578,chosen_action,,0.0,0.18,0.117475,0.272823,0.271707,0.333333,2.321578,neutral,neutral,,,0,0,0,0.0,0.0,0.0
train,with_mine,mine best intruder smith,intruder,50,1,expander,expansion,friendly,Q3_NE,1.0,1.76367,chosen_action,,0.0,0.0,0.0,0.161011,0.27944,0.0,1.76367,neutral,neutral,,,0,0,0,0.0,0.0,0.0
train,with_mine,mine best intruder smith,intruder,50,1,expander,expansion,enemy,Q2_NW,0.200506,2.540486,chosen_action,,0.95,0.18,0.072165,0.244584,0.26184,0.0,2.540486,chasing_leader,leader_target,,,0,0,0,0.0,0.0,0.0
train,with_mine,mine best intruder smith,smith,50,0,expander,expansion,enemy,Q2_NW,0.65238,4.620554,chosen_action,,0.0,0.0,0.0,0.684713,0.27944,0.666667,4.620554,overtake_window,overtake_window,,,0,0,0,0.0,0.0,0.0
train,with_mine,mine best intruder smith,mine,60,0,expander,expansion,friendly,Q1_SW,0.395961,2.575813,chosen_action,,0.0,0.0,0.0,0.374026,0.280111,0.333333,2.575813,pressured,concentrated_inbound,19,Q0_SE,2,3,61,84.0,0.7262,7.291
train,with_mine,mine best intruder smith,best,60,0,expander,expansion,friendly,Q1_SW,0.306469,2.065557,chosen_action,,0.0,0.0,0.058843,0.182092,0.24336,0.333333,2.065557,neutral,neutral,,,0,0,0,0.0,0.0,0.0
train,with_mine,mine best intruder smith,best,60,0,anchor,expansion,enemy,Q1_SW,0.141097,2.141474,chosen_action,,0.95,0.18,0.042495,0.221622,0.22932,0.333333,2.141474,neutral,neutral,,,0,0,0,0.0,0.0,0.0
train,with_mine,mine best intruder smith,intruder,60,1,expander,expansion,friendly,Q3_NE,0.491586,1.550782,chosen_action,,0.0,0.18,0.4,0.092603,0.24336,0.0,1.550782,neutral,neutral,,,0,0,0,0.0,0.0,0.0
train,with_mine,mine best intruder smith,best,70,0,expander,expansion,enemy,Q1_SW,0.277303,1.598697,chosen_action,,0.0,0.0,0.0,0.126182,0.219156,0.0,1.598697,neutral,neutral,,,0,0,0,0.0,0.0,0.0
train,with_mine,mine best intruder smith,best,80,0,expander,expansion,enemy,Q1_SW,0.346211,3.706956,chosen_action,,0.95,0.18,0.049752,0.569167,0.25256,0.0,3.706956,pressured,concentrated_inbound,5,Q1_SW,2,2,151,58.0,2.6034,3.469
train,with_mine,mine best intruder smith,intruder,80,1,expander,expansion,enemy,Q2_NW,0.901268,2.416481,chosen_action,,0.0,0.18,0.103307,0.214483,0.223498,0.0,2.416481,chasing_leader,leader_target,,,0,0,0,0.0,0.0,0.0
train,with_mine,mine best intruder smith,best,90,0,expander,expansion,enemy,Q1_SW,0.495223,3.708948,chosen_action,,0.0,0.18,0.081501,0.516824,0.347089,0.0,3.708948,pressured,concentrated_inbound,6,Q3_NE,3,3,77,40.0,1.925,6.722
train,with_mine,mine best intruder smith,best,90,0,expander,expansion,neutral,Q1_SW,0.271809,1.981352,chosen_action,,0.0,0.18,0.097983,0.172079,0.421009,0.0,1.981352,pressured,concentrated_inbound,6,Q3_NE,3,3,77,40.0,1.925,6.722
train,with_mine,mine best intruder smith,best,90,0,expander,expansion,enemy,Q0_SE,0.298293,3.328163,chosen_action,,0.95,0.18,0.046937,0.439769,0.202013,0.0,3.328163,pressured,concentrated_inbound,6,Q3_NE,3,3,77,40.0,1.925,6.722
train,with_mine,mine best intruder smith,intruder,90,1,expander,expansion,friendly,Q1_SW,1.0,1.592265,chosen_action,,0.0,0.0,0.0,0.124872,0.21672,0.0,1.592265,neutral,neutral,,,0,0,0,0.0,0.0,0.0
train,with_mine,mine best intruder smith,best,100,0,expander,expansion,enemy,Q0_SE,0.327765,3.557325,chosen_action,,0.95,0.18,0.095723,0.493928,0.27548,0.0,3.557325,chasing_leader,leader_target,,,0,0,0,0.0,0.0,0.0
train,with_mine,mine best intruder smith,best,110,0,expander,expansion,enemy,Q2_NW,0.553161,3.763969,chosen_action,,0.0,0.0,0.0,0.601742,0.23688,0.0,3.763969,overtake_window,overtake_window,,,0,0,0,0.0,0.0,0.0
train,with_mine,mine best intruder smith,best,110,0,expander,expansion,enemy,Q0_SE,0.347093,3.70823,chosen_action,,0.95,0.18,0.092775,0.533542,0.316836,0.0,3.70823,chasing_leader,leader_target,,,0,0,0,0.0,0.0,0.0
train,with_mine,mine best intruder smith,intruder,110,1,expander,expansion,neutral,Q3_NE,0.845862,1.429204,chosen_action,,0.0,0.178173,0.032041,0.05756,0.2156,0.0,1.429204,neutral,neutral,,,0,0,0,0.0,0.0,0.0
train,with_mine,mine best intruder smith,intruder,120,1,expander,expansion,unknown,unknown,0.526628,1.0,chosen_action,,0.0,0.18,0.113372,0.0,0.0,0.0,1.0,neutral,neutral,,,0,0,0,0.0,0.0,0.0
train,with_mine,mine best intruder smith,intruder,130,1,expander,expansion,friendly,Q2_NW,1.0,1.596694,chosen_action,,0.0,0.0,0.0,0.102283,0.26016,0.0,1.596694,neutral,neutral,,,0,0,0,0.0,0.0,0.0
train,with_mine,mine best intruder 1039,mine,0,0,expander,initiation,neutral,Q0_SE,0.195596,1.637942,chosen_action,,0.0,0.039509,0.4,0.078047,0.3338,0.0,1.637942,neutral,neutral,,,0,0,0,0.0,0.0,0.0
train,with_mine,mine best intruder 1039,best,0,0,expander,initiation,neutral,Q1_SW,0.195596,1.637942,chosen_action,,0.0,0.039509,0.4,0.078047,0.3338,0.0,1.637942,neutral,neutral,,,0,0,0,0.0,0.0,0.0
train,with_mine,mine best intruder 1039,1039,0,0,expander,initiation,neutral,Q2_NW,0.195596,1.637942,chosen_action,,0.0,0.039509,0.4,0.078047,0.3338,0.0,1.637942,neutral,neutral,,,0,0,0,0.0,0.0,0.0
train,with_mine,mine best intruder 1039,1039,20,0,expander,expansion,neutral,Q3_NE,0.24722,2.206815,chosen_action,,0.0,0.116101,0.4,0.190077,0.3338,0.333333,2.206815,neutral,neutral,,,0,0,0,0.0,0.0,0.0
train,with_mine,mine best intruder 1039,mine,30,0,expander,expansion,enemy,Q1_SW,0.520317,3.622615,chosen_action,,0.0,0.0,0.024613,0.388762,0.06636,0.666667,3.622615,chasing_leader,leader_target,,,0,0,0,0.0,0.0,0.0
train,with_mine,mine best intruder 1039,best,30,0,expander,expansion,enemy,Q2_NW,0.222823,1.176761,chosen_action,,0.0,0.0,0.0,0.037268,0.06468,0.0,1.176761,neutral,neutral,,,0,0,0,0.0,0.0,0.0
train,with_mine,mine best intruder 1039,intruder,30,1,expander,expansion,neutral,Q0_SE,0.917223,2.167978,chosen_action,,0.0,0.18,0.048562,0.163972,0.35144,0.333333,2.167978,cash_in,cash_in,,,0,0,0,0.0,0.0,0.0
train,with_mine,mine best intruder 1039,mine,50,0,expander,initiation,neutral,Q2_NW,0.309797,2.07706,chosen_action,,0.0,0.122252,0.025373,0.214275,0.416889,0.0,2.07706,cash_in,cash_in,,,0,0,0,0.0,0.0,0.0
train,with_mine,mine best intruder 1039,best,50,0,expander,expansion,neutral,Q3_NE,0.310219,2.064171,chosen_action,,0.0,0.118157,0.019008,0.211879,0.4116,0.0,2.064171,cash_in,cash_in,,,0,0,0,0.0,0.0,0.0
train,with_mine,mine best intruder 1039,mine,60,0,expander,expansion,neutral,Q2_NW,0.30424,2.266425,chosen_action,,0.0,0.18,0.115708,0.273764,0.4514,0.0,2.266425,pressured,concentrated_inbound,1,Q1_SW,2,2,104,15.0,6.9333,0.44
train,with_mine,mine best intruder 1039,intruder,60,1,expander,expansion,neutral,Q1_SW,0.817177,1.959326,chosen_action,,0.0,0.18,0.127817,0.145807,0.4514,0.0,1.959326,cash_in,cash_in,,,0,0,0,0.0,0.0,0.0
train,with_mine,mine best intruder 1039,mine,70,0,expander,expansion,neutral,Q2_NW,0.33085,2.210924,chosen_action,,0.0,0.052661,0.048946,0.180922,0.35312,0.333333,2.210924,cash_in,cash_in,,,0,0,0,0.0,0.0,0.0
train,with_mine,mine best intruder 1039,mine,70,0,expander,expansion,neutral,Q2_NW,0.219978,1.447615,chosen_action,,0.0,0.14767,0.043097,0.077516,0.19376,0.0,1.447615,neutral,neutral,,,0,0,0,0.0,0.0,0.0
train,with_mine,mine best intruder 1039,best,70,0,expander,expansion,neutral,Q3_NE,0.292297,1.855069,chosen_action,,0.0,0.040689,0.052106,0.157649,0.35312,0.0,1.855069,cash_in,cash_in,,,0,0,0,0.0,0.0,0.0
train,with_mine,mine best intruder 1039,best,70,0,expander,expansion,neutral,Q3_NE,0.232955,1.447615,chosen_action,,0.0,0.087555,0.038327,0.077516,0.19376,0.0,1.447615,neutral,neutral,,,0,0,0,0.0,0.0,0.0
train,with_mine,mine best intruder 1039,best,80,0,expander,expansion,neutral,Q3_NE,0.212383,1.447615,chosen_action,,0.0,0.18,0.048742,0.077516,0.19376,0.0,1.447615,pressured,concentrated_inbound,21,Q3_NE,2,2,126,22.0,5.7273,4.3
train,with_mine,mine best intruder 1039,intruder,80,1,expander,expansion,unknown,unknown,0.558724,1.0,chosen_action,,0.0,0.18,0.081276,0.0,0.0,0.0,1.0,neutral,neutral,,,0,0,0,0.0,0.0,0.0
train,with_mine,mine best intruder 1039,best,90,0,anchor,initiation,enemy,Q3_NE,0.359965,3.114094,chosen_action,,0.0,0.18,0.058004,0.415656,0.308533,0.333333,3.114094,chasing_leader,leader_target,,,0,0,0,0.0,0.0,0.0
train,with_mine,mine best intruder 1039,mine,110,0,anchor,initiation,neutral,Q3_NE,0.306789,1.96983,chosen_action,,0.0,0.004156,0.010945,0.185871,0.387956,0.0,1.96983,cash_in,cash_in,,,0,0,0,0.0,0.0,0.0
train,with_mine,mine intruder,mine,30,0,expander,established,neutral,Q1_SW,0.442563,3.539549,chosen_action,,0.0,0.18,0.159516,0.407025,0.49088,1.0,3.539549,cash_in,cash_in,,,0,0,0,0.0,0.0,0.0
train,with_mine,mine intruder,mine,40,0,anchor,attack,enemy,Q2_NW,0.269248,3.068416,chosen_action,,0.0,0.18,0.329487,0.327032,0.506324,0.0,3.068416,cash_in,cash_in,,,0,0,0,0.0,0.0,0.0
train,with_mine,mine intruder,mine,40,0,expander,established,friendly,Q0_SE,0.256561,1.443051,chosen_action,,0.0,0.0,0.003219,0.093412,0.16212,0.0,1.443051,neutral,neutral,,,0,0,0,0.0,0.0,0.0
train,with_mine,mine intruder,intruder,40,1,expander,established,neutral,Q0_SE,0.336543,3.737143,chosen_action,,0.95,0.18,0.386451,0.420459,0.613364,1.0,3.737143,cash_in,cash_in,,,0,0,0,0.0,0.0,0.0
train,with_mine,mine intruder,mine,50,0,anchor,attack,enemy,Q0_SE,0.354747,3.340532,chosen_action,,0.0,0.18,0.263027,0.469253,0.15876,0.0,3.340532,chasing_leader,leader_target,,,0,0,0,0.0,0.0,0.0
train,with_mine,mine intruder,mine,50,0,expander,attack,neutral,Q3_NE,0.401582,2.956437,chosen_action,,0.0,0.18,0.070531,0.458507,0.634089,0.0,2.956437,cash_in,cash_in,,,0,0,0,0.0,0.0,0.0
train,with_mine,mine intruder,mine,50,0,expander,attack,enemy,Q3_NE,0.394214,3.526523,chosen_action,,0.0,0.18,0.045191,0.514231,0.216569,0.0,3.526523,chasing_leader,leader_target,,,0,0,0,0.0,0.0,0.0
train,with_mine,mine intruder,mine,50,0,anchor,attack,friendly,Q0_SE,0.325999,2.293451,chosen_action,,0.0,0.006557,0.108792,0.330228,0.37104,0.0,2.293451,cash_in,cash_in,,,0,0,0,0.0,0.0,0.0
train,with_mine,mine intruder,intruder,50,1,expander,established,friendly,Q2_NW,0.694086,1.5739,chosen_action,,0.0,0.084644,0.037686,0.121,0.21,0.0,1.5739,neutral,neutral,,,0,0,0,0.0,0.0,0.0
train,with_mine,mine intruder,intruder,50,1,expander,attack,enemy,Q0_SE,0.261006,3.004866,chosen_action,,0.95,0.18,0.129063,0.315451,0.47984,0.0,3.004866,cash_in,cash_in,,,0,0,0,0.0,0.0,0.0
train,with_mine,mine intruder,mine,60,0,expander,attack,enemy,Q3_NE,0.540925,4.054725,chosen_action,,0.0,0.017506,0.234179,0.635073,0.393,0.0,4.054725,overtake_window,overtake_window,,,0,0,0,0.0,0.0,0.0
train,with_mine,mine intruder,mine,60,0,expander,attack,enemy,Q1_SW,0.381463,3.5828,chosen_action,,0.0,0.170254,0.294238,0.533945,0.223209,0.0,3.5828,chasing_leader,leader_target,,,0,0,0,0.0,0.0,0.0
train,with_mine,mine intruder,intruder,60,1,expander,attack,enemy,Q1_SW,0.898506,2.294529,chosen_action,,0.0,0.170354,0.099828,0.195832,0.16632,0.0,2.294529,chasing_leader,leader_target,,,0,0,0,0.0,0.0,0.0
train,with_mine,mine intruder,intruder,60,1,expander,established,friendly,Q1_SW,0.066097,1.511919,chosen_action,,0.95,0.18,0.4,0.107932,0.18732,0.0,1.511919,neutral,neutral,,,0,0,0,0.0,0.0,0.0
train,with_mine,mine intruder,mine,70,0,feeder,attack,enemy,Q1_SW,0.660657,4.598445,chosen_action,,0.0,0.0,0.0,0.79011,0.520133,0.0,4.598445,pressured,concentrated_inbound,9,Q1_SW,2,2,159,104.0,1.5288,8.444
train,with_mine,mine intruder,mine,70,0,expander,attack,friendly,Q0_SE,0.204848,1.664497,chosen_action,,0.0,0.0,0.4,0.187571,0.15876,0.0,1.664497,pressured,concentrated_inbound,9,Q1_SW,2,2,159,104.0,1.5288,8.444
train,with_mine,mine intruder,mine,80,0,attacker,attack,friendly,Q0_SE,0.27845,2.515684,chosen_action,,0.0,0.18,0.4,0.38204,0.443547,0.0,2.515684,pressured,concentrated_inbound,15,Q0_SE,3,3,217,15.0,14.4667,0.522
train,with_mine,mine intruder,mine,80,0,anchor,attack,enemy,Q1_SW,0.495499,4.869036,chosen_action,,0.0,0.18,0.4,0.851969,0.6106,0.0,4.869036,pressured,concentrated_inbound,15,Q0_SE,3,3,217,15.0,14.4667,0.522
train,with_mine,mine best,mine,0,0,anchor,initiation,neutral,Q0_SE,0.171461,1.780269,chosen_action,,0.0,0.132651,0.239418,0.108055,0.38588,0.0,1.780269,neutral,neutral,,,0,0,0,0.0,0.0,0.0
train,with_mine,mine best,best,0,1,anchor,initiation,neutral,Q2_NW,0.449806,1.780269,chosen_action,,0.0,0.132651,0.239418,0.108055,0.38588,0.0,1.780269,neutral,neutral,,,0,0,0,0.0,0.0,0.0
train,with_mine,mine best,best,20,1,expander,expansion,neutral,Q1_SW,0.816345,1.780269,chosen_action,,0.0,0.142384,0.143147,0.108055,0.38588,0.0,1.780269,cash_in,cash_in,,,0,0,0,0.0,0.0,0.0
train,with_mine,mine best,best,50,1,expander,expansion,unknown,unknown,0.363326,1.0,chosen_action,,0.0,0.18,0.276674,0.0,0.0,0.0,1.0,pressured,concentrated_inbound,25,Q1_SW,3,3,98,119.0,0.8235,5.967
train,with_mine,mine best,best,50,1,expander,expansion,friendly,Q1_SW,0.914845,1.729615,chosen_action,,0.0,0.0,0.179875,0.128076,0.312764,0.0,1.729615,pressured,concentrated_inbound,25,Q1_SW,3,3,98,119.0,0.8235,5.967
train,with_mine,mine best,mine,60,0,expander,attack,enemy,Q1_SW,0.486479,3.416059,chosen_action,,0.0,0.031965,0.084368,0.453135,0.24336,0.0,3.416059,chasing_leader,leader_target,,,0,0,0,0.0,0.0,0.0
train,with_mine,mine best,best,60,1,expander,expansion,enemy,Q1_SW,0.822429,2.765683,chosen_action,,0.0,0.007169,0.4,0.291351,0.345511,0.0,2.765683,chasing_leader,leader_target,,,0,0,0,0.0,0.0,0.0
train,with_mine,mine best,mine,70,0,sweeper,attack,friendly,Q0_SE,0.43163,2.804969,chosen_action,,0.0,0.0,0.0,0.451625,0.534124,0.0,2.804969,pressured,concentrated_inbound,22,Q1_SW,2,2,215,8.0,26.875,3.914
train,with_mine,mine best,mine,70,0,expander,attack,friendly,Q1_SW,0.348447,2.162578,chosen_action,,0.0,0.0,0.0,0.328167,0.27776,0.0,2.162578,pressured,concentrated_inbound,22,Q1_SW,2,2,215,8.0,26.875,3.914
train,with_mine,mine best,best,70,1,expander,expansion,friendly,Q0_SE,0.939844,1.553078,chosen_action,,0.0,0.0,0.132038,0.093087,0.2442,0.0,1.553078,neutral,neutral,,,0,0,0,0.0,0.0,0.0
train,with_mine,mine best intruder 1200,mine,0,0,anchor,initiation,neutral,Q0_SE,0.172958,1.721349,chosen_action,,0.0,0.172652,0.153896,0.095632,0.36432,0.0,1.721349,neutral,neutral,,,0,0,0,0.0,0.0,0.0
train,with_mine,mine best intruder 1200,1200,0,0,anchor,initiation,neutral,Q2_NW,0.172958,1.721349,chosen_action,,0.0,0.172652,0.153896,0.095632,0.36432,0.0,1.721349,neutral,neutral,,,0,0,0,0.0,0.0,0.0
train,with_mine,mine best intruder 1200,mine,40,0,feeder,attack,neutral,Q2_NW,0.098724,1.634597,chosen_action,,0.0,0.18,0.218051,0.113963,0.267471,0.0,1.634597,neutral,neutral,,,0,0,0,0.0,0.0,0.0
train,with_mine,mine best intruder 1200,1200,40,0,feeder,attack,neutral,Q2_NW,0.413624,3.056586,chosen_action,,0.0,0.041634,0.0,0.347801,0.46064,0.666667,3.056586,cash_in,cash_in,,,0,0,0,0.0,0.0,0.0
train,with_mine,mine best intruder 1200,1200,40,0,expander,attack,friendly,Q2_NW,0.432821,2.898263,chosen_action,,0.0,0.0,0.0,0.347353,0.34416,0.666667,2.898263,neutral,neutral,,,0,0,0,0.0,0.0,0.0
train,with_mine,mine best intruder 1200,mine,50,0,expander,attack,friendly,Q0_SE,0.380382,2.448638,chosen_action,,0.0,0.0,0.0,0.255242,0.39708,0.333333,2.448638,pressured,concentrated_inbound,30,Q0_SE,2,2,65,7.0,9.2857,0.782
train,with_mine,mine best intruder 1200,best,50,0,attacker,attack,friendly,Q1_SW,0.359184,2.492125,chosen_action,,0.0,0.094738,0.01372,0.237034,0.23944,0.666667,2.492125,neutral,neutral,,,0,0,0,0.0,0.0,0.0
train,with_mine,mine best intruder 1200,1200,50,0,expander,attack,enemy,Q1_SW,0.335083,3.001374,chosen_action,,0.0,0.18,0.052711,0.361229,0.321796,0.333333,3.001374,chasing_leader,leader_target,,,0,0,0,0.0,0.0,0.0
train,with_mine,mine best intruder 1200,mine,60,0,feeder,attack,neutral,Q0_SE,0.192346,1.401657,chosen_action,,0.0,0.072112,0.0,0.051752,0.20552,0.0,1.401657,pressured,concentrated_inbound,24,Q0_SE,2,2,60,42.0,1.4286,1.092
train,with_mine,mine best intruder 1200,mine,60,0,expander,attack,friendly,Q0_SE,0.326123,1.973173,chosen_action,,0.0,0.0,0.0,0.181659,0.39792,0.0,1.973173,pressured,concentrated_inbound,24,Q0_SE,2,2,60,42.0,1.4286,1.092
train,with_mine,mine best intruder 1200,best,60,0,expander,attack,enemy,Q3_NE,0.390855,4.14174,chosen_action,,0.95,0.18,0.049271,0.568842,0.5752,0.666667,4.14174,pressured,concentrated_inbound,25,Q1_SW,2,3,67,103.0,0.6505,8.591
train,with_mine,mine best intruder 1200,intruder,60,1,feeder,attack,enemy,Q0_SE,0.610192,4.307973,chosen_action,,0.0,0.14508,0.245098,0.534626,0.536942,0.333333,4.307973,cash_in,cash_in,,,0,0,0,0.0,0.0,0.0
train,with_mine,mine best intruder 1200,1200,60,0,expander,attack,neutral,Q2_NW,0.40673,2.646018,chosen_action,,0.0,0.0,0.0,0.303621,0.45728,0.333333,2.646018,cash_in,cash_in,,,0,0,0,0.0,0.0,0.0
train,with_mine,mine best intruder 1200,best,70,0,expander,attack,enemy,Q0_SE,0.287694,1.975792,chosen_action,,0.0,0.0,0.156581,0.147515,0.238338,0.333333,1.975792,pressured,concentrated_inbound,20,Q0_SE,3,3,40,15.0,2.6667,0.863
train,with_mine,mine best intruder 1200,best,70,0,expander,attack,friendly,Q1_SW,0.19079,1.590946,chosen_action,,0.0,0.098729,0.018713,0.092405,0.05124,0.333333,1.590946,pressured,concentrated_inbound,20,Q0_SE,3,3,40,15.0,2.6667,0.863
train,with_mine,mine best intruder 1200,best,70,0,sweeper,attack,friendly,Q0_SE,0.33878,2.304063,chosen_action,,0.0,0.0,0.1,0.216727,0.358458,0.333333,2.304063,pressured,concentrated_inbound,20,Q0_SE,3,3,40,15.0,2.6667,0.863
train,with_mine,mine best intruder 1200,intruder,70,1,expander,attack,enemy,Q0_SE,1.0,2.82321,chosen_action,,0.0,0.0,0.0,0.280026,0.408258,0.0,2.82321,cash_in,cash_in,,,0,0,0,0.0,0.0,0.0
train,with_mine,mine best intruder 1200,mine,80,0,expander,expansion,friendly,Q0_SE,0.251365,1.879466,chosen_action,,0.0,0.082077,0.228069,0.193396,0.30764,0.0,1.879466,pressured,concentrated_inbound,31,Q0_SE,2,2,78,13.0,6.0,1.949
train,with_mine,mine best intruder 1200,mine,80,0,expander,expansion,enemy,Q3_NE,0.650199,4.665436,chosen_action,,0.0,0.097065,0.0,0.788968,0.571787,0.0,4.665436,pressured,concentrated_inbound,31,Q0_SE,2,2,78,13.0,6.0,1.949
train,with_mine,mine best intruder 1200,best,80,0,expander,attack,friendly,Q1_SW,0.223352,1.77076,chosen_action,,0.0,0.098809,0.0,0.182685,0.24616,0.0,1.77076,pressured,concentrated_inbound,25,Q1_SW,2,2,59,59.0,1.0,5.97
train,with_mine,mine best intruder 1200,intruder,80,1,expander,attack,enemy,Q2_NW,0.396375,1.198367,chosen_action,,0.0,0.18,0.109242,0.04157,0.073036,0.0,1.198367,neutral,neutral,,,0,0,0,0.0,0.0,0.0
train,with_mine,mine best intruder 1200,intruder,80,1,feeder,attack,friendly,Q3_NE,0.810947,1.844619,chosen_action,,0.0,0.029685,0.135378,0.154555,0.35088,0.0,1.844619,cash_in,cash_in,,,0,0,0,0.0,0.0,0.0
train,with_mine,mine best intruder 1200,intruder,80,1,expander,attack,friendly,Q0_SE,1.0,1.72629,chosen_action,,0.0,0.0,0.0,0.128433,0.309667,0.0,1.72629,neutral,neutral,,,0,0,0,0.0,0.0,0.0
train,with_mine,mine best intruder 1200,intruder,80,1,expander,attack,friendly,Q3_NE,1.0,2.191255,chosen_action,,0.0,0.0,0.0,0.227639,0.47772,0.0,2.191255,cash_in,cash_in,,,0,0,0,0.0,0.0,0.0
train,with_mine,mine best intruder 1200,1200,80,0,attacker,attack,enemy,Q2_NW,0.473225,3.238508,chosen_action,,0.0,0.0,0.070654,0.38892,0.226,0.0,3.238508,chasing_leader,leader_target,,,0,0,0,0.0,0.0,0.0
train,with_mine,mine best intruder 1200,intruder,90,1,expander,attack,friendly,Q0_SE,0.268288,1.565321,chosen_action,,0.0,0.18,0.345175,0.095668,0.24868,0.0,1.565321,pressured,concentrated_inbound,24,Q0_SE,3,3,102,53.0,1.9245,3.898
train,with_mine,mine best intruder 1200,intruder,90,1,expander,attack,friendly,Q3_NE,1.0,1.954808,chosen_action,,0.0,0.0,0.0,0.177787,0.3912,0.0,1.954808,pressured,concentrated_inbound,24,Q0_SE,3,3,102,53.0,1.9245,3.898
train,with_mine,mine best intruder 1200,best,100,0,expander,attack,neutral,Q1_SW,0.183126,1.496837,chosen_action,,0.0,0.126453,0.0,0.09141,0.20552,0.0,1.496837,pressured,concentrated_inbound,25,Q1_SW,2,2,19,40.0,0.475,0.774
train,with_mine,mine best intruder 1200,best,110,0,expander,attack,enemy,Q1_SW,0.504084,3.373921,chosen_action,,0.0,0.0,0.0,0.428722,0.255547,0.0,3.373921,chasing_leader,leader_target,,,0,0,0,0.0,0.0,0.0
train,with_mine,mine best intruder 1200,best,110,0,feeder,attack,friendly,Q1_SW,0.350708,2.269327,chosen_action,,0.0,0.0,0.0,0.314896,0.380427,0.0,2.269327,cash_in,cash_in,,,0,0,0,0.0,0.0,0.0
train,with_mine,mine best intruder 1200,best,120,0,expander,attack,friendly,Q1_SW,0.328145,1.998119,chosen_action,,0.0,0.0,0.0,0.246863,0.30048,0.0,1.998119,neutral,neutral,,,0,0,0,0.0,0.0,0.0
train,with_mine,mine best intruder 1200,best,130,0,expander,attack,friendly,Q1_SW,0.362693,2.421571,chosen_action,,0.0,0.0,0.1,0.342514,0.444102,0.0,2.421571,cash_in,cash_in,,,0,0,0,0.0,0.0,0.0
train,with_mine,mine best intruder smith,mine,10,0,attacker,attack,neutral,Q0_SE,0.277737,1.66106,chosen_action,,0.0,0.031865,0.009514,0.106444,0.30044,0.0,1.66106,neutral,neutral,,,0,0,0,0.0,0.0,0.0
train,with_mine,mine best intruder smith,best,10,1,attacker,attack,neutral,Q1_SW,1.0,1.66106,chosen_action,,0.0,0.031865,0.009514,0.106444,0.30044,0.0,1.66106,neutral,neutral,,,0,0,0,0.0,0.0,0.0
train,with_mine,mine best intruder smith,mine,20,0,expander,attack,enemy,Q3_NE,0.450116,3.670174,chosen_action,,0.0,0.18,0.254049,0.454876,0.206276,0.333333,3.670174,chasing_leader,leader_target,,,0,0,0,0.0,0.0,0.0
train,with_mine,mine best intruder smith,mine,20,0,anchor,attack,enemy,Q3_NE,0.398524,3.670174,chosen_action,,0.0,0.18,0.092006,0.454876,0.206276,0.333333,3.670174,chasing_leader,leader_target,,,0,0,0,0.0,0.0,0.0
train,with_mine,mine best intruder smith,best,20,1,expander,attack,enemy,Q0_SE,0.67608,1.763843,chosen_action,,0.0,0.159653,0.262026,0.20434,0.202538,0.0,1.763843,neutral,neutral,,,0,0,0,0.0,0.0,0.0
train,with_mine,mine best intruder smith,smith,20,0,anchor,attack,enemy,Q1_SW,0.359845,3.167625,chosen_action,,0.0,0.176632,0.008566,0.373268,0.20132,0.666667,3.167625,chasing_leader,leader_target,,,0,0,0,0.0,0.0,0.0
train,with_mine,mine best intruder smith,best,30,1,attacker,attack,enemy,Q0_SE,1.0,3.002267,chosen_action,,0.0,0.0,0.0,0.387665,0.349533,0.666667,3.002267,neutral,neutral,,,0,0,0,0.0,0.0,0.0
train,with_mine,mine best intruder smith,intruder,30,0,expander,attack,friendly,Q0_SE,0.278227,1.605421,chosen_action,,0.0,0.0,0.0,0.124794,0.226604,0.0,1.605421,neutral,neutral,,,0,0,0,0.0,0.0,0.0
train,with_mine,mine best intruder smith,intruder,30,0,feeder,attack,friendly,Q3_NE,0.277577,1.727544,chosen_action,,0.0,0.004507,0.0,0.129871,0.30804,0.0,1.727544,neutral,neutral,,,0,0,0,0.0,0.0,0.0
train,with_mine,mine best intruder smith,best,40,1,expander,attack,friendly,Q1_SW,1.0,1.738418,chosen_action,,0.0,0.022127,0.0,0.155687,0.2702,0.0,1.738418,pressured,concentrated_inbound,17,Q2_NW,3,4,118,130.0,0.9077,2.517
train,with_mine,mine best intruder smith,best,50,1,expander,attack,friendly,Q2_NW,0.629787,1.775503,chosen_action,,0.0,0.071421,0.399433,0.137981,0.329147,0.0,1.775503,neutral,neutral,,,0,0,0,0.0,0.0,0.0
train,with_mine,mine best intruder smith,smith,50,0,anchor,expansion,enemy,Q2_NW,0.505674,3.5729,chosen_action,,0.0,0.016457,0.0,0.488717,0.29628,0.0,3.5729,chasing_leader,leader_target,,,0,0,0,0.0,0.0,0.0
train,with_mine,mine best intruder smith,intruder,60,0,feeder,attack,enemy,Q2_NW,0.260923,2.291057,chosen_action,,0.0,0.18,0.000615,0.354758,0.325658,0.0,2.291057,neutral,neutral,,,0,0,0,0.0,0.0,0.0
train,with_mine,mine best intruder smith,intruder,60,0,attacker,attack,friendly,Q3_NE,0.286816,1.977023,chosen_action,,0.0,0.18,0.013177,0.240908,0.29544,0.0,1.977023,neutral,neutral,,,0,0,0,0.0,0.0,0.0
train,with_mine,mine best intruder smith,smith,60,0,feeder,attack,enemy,Q3_NE,0.364895,3.149026,chosen_action,,0.0,0.18,0.0,0.382114,0.39404,0.333333,3.149026,cash_in,cash_in,,,0,0,0,0.0,0.0,0.0
train,with_mine,mine best intruder smith,best,70,1,expander,established,friendly,Q0_SE,1.0,1.699996,chosen_action,,0.0,0.01214,0.0,0.124063,0.29796,0.0,1.699996,neutral,neutral,,,0,0,0,0.0,0.0,0.0
train,with_mine,mine best intruder smith,best,70,1,expander,attack,enemy,Q2_NW,0.523185,1.999007,chosen_action,,0.0,0.18,0.006384,0.181585,0.417187,0.0,1.999007,cash_in,cash_in,,,0,0,0,0.0,0.0,0.0
train,with_mine,mine best intruder smith,intruder,70,0,expander,attack,enemy,Q2_NW,0.2721,1.978195,chosen_action,,0.0,0.18,0.087505,0.241239,0.29572,0.0,1.978195,pressured,concentrated_inbound,10,Q3_NE,2,3,78,81.0,0.963,7.525
train,with_mine,mine best intruder smith,intruder,80,0,expander,attack,friendly,Q2_NW,0.350119,2.376317,chosen_action,,0.0,0.019844,0.0,0.349358,0.398413,0.0,2.376317,cash_in,cash_in,,,0,0,0,0.0,0.0,0.0
train,with_mine,mine best intruder smith,intruder,90,0,expander,attack,friendly,Q0_SE,0.096952,1.757565,chosen_action,,0.95,0.18,0.001305,0.202835,0.200564,0.0,1.757565,neutral,neutral,,,0,0,0,0.0,0.0,0.0
train,with_mine,mine best intruder smith,intruder,90,0,anchor,attack,friendly,Q3_NE,0.273539,2.166093,chosen_action,,0.0,0.096784,0.0,0.32916,0.2786,0.0,2.166093,neutral,neutral,,,0,0,0,0.0,0.0,0.0
train,with_mine,mine best intruder smith,intruder,90,0,expander,attack,neutral,Q3_NE,0.261538,1.750765,chosen_action,,0.0,0.18,0.0,0.128206,0.3282,0.0,1.750765,neutral,neutral,,,0,0,0,0.0,0.0,0.0
train,with_mine,mine best intruder smith,best,100,1,expander,attack,enemy,Q3_NE,0.734766,2.890918,chosen_action,,0.0,0.093278,0.0,0.314397,0.397307,0.0,2.890918,cash_in,cash_in,,,0,0,0,0.0,0.0,0.0
train,with_mine,mine best intruder smith,intruder,100,0,feeder,attack,friendly,Q3_NE,0.309287,1.977023,chosen_action,,0.0,0.003427,0.0,0.240908,0.29544,0.0,1.977023,neutral,neutral,,,0,0,0,0.0,0.0,0.0
train,with_mine,mine best intruder smith,intruder,100,0,anchor,attack,enemy,Q2_NW,0.434585,3.797718,chosen_action,,0.0,0.18,0.018627,0.569262,0.319622,0.0,3.797718,overtake_window,overtake_window,,,0,0,0,0.0,0.0,0.0
train,with_mine,mine best intruder smith,best,110,1,expander,attack,enemy,Q3_NE,0.438172,2.273868,chosen_action,,0.0,0.18,0.027848,0.191476,0.15876,0.0,2.273868,chasing_leader,leader_target,,,0,0,0,0.0,0.0,0.0
train,with_mine,mine best intruder smith,intruder,110,0,expander,attack,friendly,Q3_NE,0.414744,2.675752,chosen_action,,0.0,0.0,0.0,0.434503,0.468849,0.0,2.675752,pressured,concentrated_inbound,17,Q3_NE,2,2,270,61.0,4.4262,0.888
train,with_mine,mine best intruder smith,best,120,1,attacker,established,friendly,Q3_NE,0.972719,1.813246,chosen_action,,0.0,0.132755,0.0,0.14794,0.3394,0.0,1.813246,neutral,neutral,,,0,0,0,0.0,0.0,0.0
train,with_mine,mine best intruder 1039,1039,10,0,anchor,initiation,neutral,Q3_NE,0.146385,1.870965,chosen_action,,0.0,0.18,0.313731,0.149872,0.37872,0.0,1.870965,neutral,neutral,,,0,0,0,0.0,0.0,0.0
train,with_mine,mine best intruder 1039,intruder,40,1,expander,expansion,enemy,Q2_NW,0.830857,1.549252,chosen_action,,0.0,0.057937,0.182595,0.09228,0.2428,0.0,1.549252,neutral,neutral,,,0,0,0,0.0,0.0,0.0
train,with_mine,mine best intruder 1039,mine,50,0,expander,expansion,neutral,Q0_SE,0.289008,1.683964,chosen_action,,0.0,0.0,0.0,0.10935,0.31224,0.0,1.683964,neutral,neutral,,,0,0,0,0.0,0.0,0.0
train,with_mine,mine best intruder 1039,intruder,70,1,expander,expansion,friendly,Q0_SE,0.063682,1.489566,chosen_action,,0.95,0.18,0.316344,0.079696,0.22096,0.0,1.489566,pressured,concentrated_inbound,15,Q0_SE,2,2,89,88.0,1.0114,2.28
train,with_mine,mine best intruder 1039,intruder,110,1,expander,expansion,friendly,Q2_NW,0.760026,1.517114,chosen_action,,0.0,0.093544,0.213669,0.085504,0.23104,0.0,1.517114,neutral,neutral,,,0,0,0,0.0,0.0,0.0
train,with_mine,mine best intruder 1200,1200,20,0,anchor,attack,enemy,Q0_SE,0.363136,3.564541,chosen_action,,0.0,0.18,0.103961,0.400552,0.224604,0.333333,3.564541,chasing_leader,leader_target,,,0,0,0,0.0,0.0,0.0
train,with_mine,mine best intruder 1200,best,30,0,expander,attack,enemy,Q0_SE,0.240649,1.653739,chosen_action,,0.0,0.18,0.041258,0.113229,0.282956,0.0,1.653739,neutral,neutral,,,0,0,0,0.0,0.0,0.0
train,with_mine,mine best intruder 1200,1200,30,0,attacker,attack,neutral,Q2_NW,0.379134,2.563207,chosen_action,,0.0,0.088271,0.0,0.248641,0.49368,0.333333,2.563207,cash_in,cash_in,,,0,0,0,0.0,0.0,0.0
train,with_mine,mine best intruder 1200,1200,30,0,anchor,attack,neutral,Q2_NW,0.302476,2.563207,chosen_action,,0.0,0.138065,0.053495,0.248641,0.49368,0.333333,2.563207,cash_in,cash_in,,,0,0,0,0.0,0.0,0.0
train,with_mine,mine best intruder 1200,best,40,0,expander,attack,unknown,unknown,0.0,1.0,chosen_action,,0.95,0.18,0.309135,0.0,0.0,0.0,1.0,neutral,neutral,,,0,0,0,0.0,0.0,0.0
train,with_mine,mine best intruder 1200,mine,50,0,anchor,initiation,neutral,Q0_SE,0.318778,1.91566,chosen_action,,0.0,0.0,0.0,0.16552,0.384009,0.0,1.91566,cash_in,cash_in,,,0,0,0,0.0,0.0,0.0
train,with_mine,mine best intruder 1200,best,50,0,expander,attack,neutral,Q3_NE,0.30603,2.254401,chosen_action,,0.0,0.18,0.105763,0.203535,0.567347,0.0,2.254401,cash_in,cash_in,,,0,0,0,0.0,0.0,0.0
train,with_mine,mine best intruder 1200,best,50,0,expander,attack,neutral,Q0_SE,0.110866,1.849902,chosen_action,,0.95,0.18,0.07583,0.122736,0.41136,0.0,1.849902,cash_in,cash_in,,,0,0,0,0.0,0.0,0.0
train,with_mine,mine best intruder 1200,best,50,0,attacker,attack,neutral,Q3_NE,0.134136,2.029432,chosen_action,,0.95,0.18,0.121702,0.156103,0.485027,0.0,2.029432,cash_in,cash_in,,,0,0,0,0.0,0.0,0.0
train,with_mine,mine best intruder 1200,intruder,50,1,expander,attack,enemy,Q2_NW,1.0,2.489585,chosen_action,,0.0,0.0,0.0,0.28747,0.370116,0.333333,2.489585,cash_in,cash_in,,,0,0,0,0.0,0.0,0.0
train,with_mine,mine best intruder 1200,best,60,0,expander,attack,enemy,Q2_NW,0.375703,2.808409,chosen_action,,0.0,0.18,0.119441,0.276491,0.403578,0.0,2.808409,cash_in,cash_in,,,0,0,0,0.0,0.0,0.0
train,with_mine,mine best intruder 1200,intruder,60,1,expander,attack,neutral,Q3_NE,1.0,2.673031,chosen_action,,0.0,0.094946,0.016055,0.294401,0.49368,0.333333,2.673031,cash_in,cash_in,,,0,0,0,0.0,0.0,0.0
train,with_mine,mine best intruder 1200,best,70,0,expander,attack,friendly,Q0_SE,0.26602,1.553192,chosen_action,,0.0,0.0,0.0,0.119762,0.196862,0.0,1.553192,neutral,neutral,,,0,0,0,0.0,0.0,0.0
train,with_mine,mine best intruder 1200,best,70,0,attacker,attack,enemy,Q3_NE,0.397514,4.103319,chosen_action,,0.95,0.18,0.021175,0.646418,0.408827,0.0,4.103319,overtake_window,overtake_window,,,0,0,0,0.0,0.0,0.0
train,with_mine,mine best intruder 1200,mine,90,0,feeder,attack,friendly,Q0_SE,0.264618,1.999921,chosen_action,,0.0,0.078221,0.0,0.224824,0.340996,0.0,1.999921,pressured,concentrated_inbound,0,Q0_SE,2,2,111,14.0,7.9286,0.91
train,with_mine,mine best intruder 1200,best,90,0,anchor,attack,enemy,Q0_SE,0.393874,3.844855,chosen_action,,0.0,0.18,0.150822,0.597109,0.305031,0.0,3.844855,overtake_window,overtake_window,,,0,0,0,0.0,0.0,0.0
train,with_mine,mine best intruder 1200,best,90,0,expander,attack,enemy,Q3_NE,0.381786,3.977931,chosen_action,,0.95,0.18,0.102593,0.596893,0.403991,0.0,3.977931,overtake_window,overtake_window,,,0,0,0,0.0,0.0,0.0
train,with_mine,mine best intruder 1200,intruder,90,1,expander,attack,friendly,Q2_NW,0.782656,1.642606,chosen_action,,0.0,0.102051,0.198734,0.111963,0.27696,0.0,1.642606,pressured,concentrated_inbound,13,Q0_SE,2,2,66,60.0,1.1,0.837
train,with_mine,mine best intruder 1200,intruder,100,1,expander,attack,enemy,Q1_SW,0.981453,2.42854,chosen_action,,0.0,0.18,0.024615,0.220223,0.222227,0.0,2.42854,chasing_leader,leader_target,,,0,0,0,0.0,0.0,0.0
train,with_mine,mine best intruder 1200,intruder,100,1,attacker,established,friendly,Q0_SE,1.0,1.599152,chosen_action,,0.0,0.0,0.0,0.126324,0.21924,0.0,1.599152,neutral,neutral,,,0,0,0,0.0,0.0,0.0
train,with_mine,mine best intruder 1200,best,110,0,expander,attack,enemy,Q0_SE,0.602013,4.423693,chosen_action,,0.0,0.18,0.002995,0.727362,0.50224,0.0,4.423693,overtake_window,overtake_window,,,0,0,0,0.0,0.0,0.0
train,with_mine,mine best intruder 1200,intruder,110,1,expander,attack,enemy,Q0_SE,1.0,1.559965,chosen_action,,0.0,0.0,0.0,0.094539,0.24672,0.0,1.559965,neutral,neutral,,,0,0,0,0.0,0.0,0.0
train,with_mine,mine best intruder 1200,intruder,120,1,expander,established,friendly,Q1_SW,1.0,1.792586,chosen_action,,0.0,0.022218,0.0,0.143584,0.33184,0.0,1.792586,neutral,neutral,,,0,0,0,0.0,0.0,0.0
train,with_mine,mine best,mine,0,0,anchor,initiation,neutral,Q1_SW,0.118745,1.376405,chosen_action,,0.0,0.18,0.13257,0.046428,0.19628,0.0,1.376405,neutral,neutral,,,0,0,0,0.0,0.0,0.0
train,with_mine,mine best,mine,10,0,anchor,expansion,neutral,Q0_SE,0.307793,2.755589,chosen_action,,0.0,0.102538,0.124282,0.246088,0.19628,1.0,2.755589,neutral,neutral,,,0,0,0,0.0,0.0,0.0
train,with_mine,mine best,mine,20,0,anchor,expansion,neutral,Q3_NE,0.404099,3.736446,chosen_action,,0.0,0.18,0.134754,0.490483,0.48836,1.0,3.736446,cash_in,cash_in,,,0,0,0,0.0,0.0,0.0
train,with_mine,mine best,mine,40,0,feeder,attack,neutral,Q1_SW,0.111637,1.441221,chosen_action,,0.0,0.18,0.130029,0.059335,0.221347,0.0,1.441221,neutral,neutral,,,0,0,0,0.0,0.0,0.0
train,with_mine,mine best,best,50,1,feeder,attack,neutral,Q1_SW,0.300132,1.621754,chosen_action,,0.0,0.18,0.181282,0.074312,0.328449,0.0,1.621754,neutral,neutral,,,0,0,0,0.0,0.0,0.0
train,with_mine,mine best,best,50,1,expander,attack,neutral,Q3_NE,0.053705,1.410839,chosen_action,,0.95,0.030639,0.119363,0.053688,0.20888,0.0,1.410839,neutral,neutral,,,0,0,0,0.0,0.0,0.0
train,with_mine,mine best,mine,60,0,expander,attack,neutral,Q0_SE,0.172866,1.500353,chosen_action,,0.0,0.18,0.0,0.092403,0.20636,0.0,1.500353,neutral,neutral,,,0,0,0,0.0,0.0,0.0
train,with_mine,mine best,mine,60,0,expander,attack,neutral,Q3_NE,0.157596,1.601126,chosen_action,,0.0,0.18,0.001553,0.112149,0.245902,0.0,1.601126,neutral,neutral,,,0,0,0,0.0,0.0,0.0
train,with_mine,mine best,best,60,1,feeder,established,friendly,Q2_NW,0.581391,1.140032,chosen_action,,0.0,0.116444,0.040245,0.029524,0.05124,0.0,1.140032,neutral,neutral,,,0,0,0,0.0,0.0,0.0
train,with_mine,mine best,mine,70,0,expander,attack,neutral,Q3_NE,0.278759,1.949302,chosen_action,,0.0,0.18,0.042119,0.169513,0.401831,0.0,1.949302,cash_in,cash_in,,,0,0,0,0.0,0.0,0.0
train,with_mine,mine best,mine,70,0,expander,attack,neutral,Q3_NE,0.201667,1.949302,chosen_action,,0.0,0.18,0.007582,0.169513,0.401831,0.0,1.949302,cash_in,cash_in,,,0,0,0,0.0,0.0,0.0
train,with_mine,mine best,best,70,1,expander,established,neutral,Q2_NW,0.898392,1.403952,chosen_action,,0.0,0.102047,0.052377,0.052236,0.20636,0.0,1.403952,neutral,neutral,,,0,0,0,0.0,0.0,0.0
train,with_mine,mine best,mine,80,0,anchor,attack,friendly,Q0_SE,0.256966,1.635985,chosen_action,,0.0,0.01752,0.0,0.144641,0.21396,0.0,1.635985,neutral,neutral,,,0,0,0,0.0,0.0,0.0
train,with_mine,mine best,mine,80,0,feeder,attack,enemy,Q3_NE,0.48862,4.222409,chosen_action,,0.0,0.18,0.021672,0.668359,0.458036,0.0,4.222409,overtake_window,overtake_window,,,0,0,0,0.0,0.0,0.0
train,with_mine,mine best,mine,90,0,attacker,attack,friendly,Q0_SE,0.355081,2.20907,chosen_action,,0.0,0.0,0.0,0.306409,0.35088,0.0,2.20907,cash_in,cash_in,,,0,0,0,0.0,0.0,0.0
train,with_mine,mine best,mine,90,0,anchor,attack,enemy,Q0_SE,0.367601,3.021459,chosen_action,,0.0,0.18,0.0,0.329668,0.17056,0.0,3.021459,chasing_leader,leader_target,,,0,0,0,0.0,0.0,0.0
train,with_mine,mine best,mine,90,0,expander,attack,neutral,Q0_SE,0.207285,1.5109,chosen_action,,0.0,0.065209,0.016466,0.09538,0.20888,0.0,1.5109,neutral,neutral,,,0,0,0,0.0,0.0,0.0
train,with_mine,mine best,best,90,1,expander,attack,enemy,Q3_NE,1.0,2.19183,chosen_action,,0.0,0.003442,0.0,0.150656,0.17056,0.0,2.19183,chasing_leader,leader_target,,,0,0,0,0.0,0.0,0.0
train,with_mine,mine best,best,90,1,expander,attack,friendly,Q3_NE,0.095298,1.73443,chosen_action,,0.95,0.18,0.052937,0.131323,0.31056,0.0,1.73443,neutral,neutral,,,0,0,0,0.0,0.0,0.0
train,with_mine,mine best,mine,100,0,anchor,attack,neutral,Q2_NW,0.129579,1.815641,chosen_action,,0.0,0.18,0.180663,0.152018,0.333924,0.0,1.815641,neutral,neutral,,,0,0,0,0.0,0.0,0.0
train,with_mine,mine best,best,100,1,expander,established,friendly,Q0_SE,1.0,1.862984,chosen_action,,0.0,0.0,0.0,0.158427,0.3576,0.0,1.862984,cash_in,cash_in,,,0,0,0,0.0,0.0,0.0
train,with_mine,mine intruder,intruder,20,1,attacker,established,neutral,Q1_SW,0.820733,1.900406,chosen_action,,0.0,0.18,0.116654,0.133384,0.42984,0.0,1.900406,neutral,neutral,,,0,0,0,0.0,0.0,0.0
train,with_mine,mine intruder,intruder,40,1,sweeper,established,neutral,Q3_NE,0.932441,1.63182,chosen_action,,0.0,0.063515,0.086752,0.076756,0.33156,0.0,1.63182,neutral,neutral,,,0,0,0,0.0,0.0,0.0
train,with_mine,mine intruder,mine,50,0,attacker,established,neutral,Q1_SW,0.317386,1.900406,chosen_action,,0.0,0.0,0.0,0.133384,0.42984,0.0,1.900406,cash_in,cash_in,,,0,0,0,0.0,0.0,0.0
train,with_mine,mine intruder,intruder,60,1,expander,established,neutral,Q2_NW,1.0,1.403952,chosen_action,,0.0,0.0,0.029152,0.052236,0.20636,0.0,1.403952,neutral,neutral,,,0,0,0,0.0,0.0,0.0
train,with_mine,mine intruder,intruder,60,1,expander,established,friendly,Q1_SW,0.132099,1.635597,chosen_action,,0.95,0.0,0.0,0.132352,0.23552,0.0,1.635597,neutral,neutral,,,0,0,0,0.0,0.0,0.0
train,with_mine,mine intruder,mine,70,0,sweeper,attack,neutral,Q1_SW,0.19289,1.71482,chosen_action,,0.0,0.18,0.036802,0.152942,0.2576,0.0,1.71482,neutral,neutral,,,0,0,0,0.0,0.0,0.0
train,with_mine,mine intruder,intruder,70,1,sweeper,established,friendly,Q3_NE,1.0,1.659441,chosen_action,,0.0,0.033805,0.0,0.115512,0.28312,0.0,1.659441,neutral,neutral,,,0,0,0,0.0,0.0,0.0
train,with_mine,mine intruder,intruder,70,1,expander,established,friendly,Q2_NW,1.0,1.560126,chosen_action,,0.0,0.0,0.0,0.118096,0.20496,0.0,1.560126,neutral,neutral,,,0,0,0,0.0,0.0,0.0
train,with_mine,mine intruder,mine,90,0,anchor,initiation,enemy,Q0_SE,0.343873,3.100242,chosen_action,,0.0,0.18,0.108032,0.360969,0.173271,0.0,3.100242,chasing_leader,leader_target,,,0,0,0,0.0,0.0,0.0
train,with_mine,mine best intruder 1039,mine,0,0,expander,initiation,neutral,Q0_SE,0.24751,1.777974,chosen_action,,0.0,0.172092,0.098249,0.107571,0.38504,0.0,1.777974,neutral,neutral,,,0,0,0,0.0,0.0,0.0
train,with_mine,mine best intruder 1039,best,0,1,expander,initiation,neutral,Q1_SW,0.831238,1.777974,chosen_action,,0.0,0.172092,0.098249,0.107571,0.38504,0.0,1.777974,neutral,neutral,,,0,0,0,0.0,0.0,0.0
train,with_mine,mine best intruder 1039,1039,0,0,expander,initiation,neutral,Q2_NW,0.24751,1.777974,chosen_action,,0.0,0.172092,0.098249,0.107571,0.38504,0.0,1.777974,neutral,neutral,,,0,0,0,0.0,0.0,0.0
train,with_mine,mine best intruder 1039,mine,20,0,expander,attack,friendly,Q0_SE,0.362453,2.352378,chosen_action,,0.0,0.0,0.0,0.226551,0.15456,0.666667,2.352378,neutral,neutral,,,0,0,0,0.0,0.0,0.0
train,with_mine,mine best intruder 1039,best,20,1,expander,attack,friendly,Q1_SW,1.0,1.878331,chosen_action,,0.0,0.0,0.0,0.154504,0.15372,0.333333,1.878331,neutral,neutral,,,0,0,0,0.0,0.0,0.0
train,with_mine,mine best intruder 1039,1039,20,0,feeder,attack,neutral,Q2_NW,0.264049,2.390251,chosen_action,,0.0,0.147445,0.121729,0.240836,0.37944,0.333333,2.390251,cash_in,cash_in,,,0,0,0,0.0,0.0,0.0
train,with_mine,mine best intruder 1039,intruder,30,0,expander,attack,enemy,Q2_NW,0.345791,2.18093,chosen_action,,0.0,0.0,0.0,0.249987,0.20812,0.333333,2.18093,neutral,neutral,,,0,0,0,0.0,0.0,0.0
train,with_mine,mine best intruder 1039,mine,40,0,expander,attack,friendly,Q0_SE,0.264901,1.925457,chosen_action,,0.0,0.02411,0.124342,0.226352,0.28312,0.0,1.925457,neutral,neutral,,,0,0,0,0.0,0.0,0.0
train,with_mine,mine best intruder 1039,intruder,40,0,attacker,attack,enemy,Q0_SE,0.289777,1.698109,chosen_action,,0.0,0.00425,0.0,0.122699,0.298987,0.0,1.698109,neutral,neutral,,,0,0,0,0.0,0.0,0.0
train,with_mine,mine best intruder 1039,1039,40,0,anchor,attack,friendly,Q2_NW,0.305216,1.862755,chosen_action,,0.0,0.0,0.0215,0.206789,0.271453,0.0,1.862755,neutral,neutral,,,0,0,0,0.0,0.0,0.0
train,with_mine,mine best intruder 1039,best,50,1,attacker,attack,neutral,Q2_NW,1.0,2.120018,chosen_action,,0.0,0.079585,0.0,0.179687,0.5102,0.0,2.120018,pressured,concentrated_inbound,1,Q1_SW,3,3,44,50.0,0.88,6.831
train,with_mine,mine best intruder 1039,intruder,50,0,sweeper,attack,enemy,Q0_SE,0.188282,1.780135,chosen_action,,0.0,0.05911,0.301943,0.185331,0.2484,0.0,1.780135,pressured,concentrated_inbound,4,Q0_SE,2,2,79,39.0,2.0256,4.038
train,with_mine,mine best intruder 1039,intruder,50,0,expander,attack,friendly,Q3_NE,0.278056,1.675045,chosen_action,,0.0,0.0,0.040693,0.190549,0.16128,0.0,1.675045,pressured,concentrated_inbound,4,Q0_SE,2,2,79,39.0,2.0256,4.038
train,with_mine,mine best intruder 1039,best,60,1,expander,attack,enemy,Q0_SE,0.567585,2.334669,chosen_action,,0.0,0.18,0.006322,0.202432,0.18432,0.0,2.334669,chasing_leader,leader_target,,,0,0,0,0.0,0.0,0.0
train,with_mine,mine best intruder 1039,intruder,60,0,feeder,attack,neutral,Q3_NE,0.133483,1.437067,chosen_action,,0.0,0.122685,0.213826,0.074539,0.19124,0.0,1.437067,neutral,neutral,,,0,0,0,0.0,0.0,0.0
train,with_mine,mine best intruder 1039,intruder,60,0,expander,attack,friendly,Q0_SE,0.281754,1.643402,chosen_action,,0.0,0.0,0.002004,0.181617,0.15372,0.0,1.643402,neutral,neutral,,,0,0,0,0.0,0.0,0.0
train,with_mine,mine best intruder 1039,intruder,60,0,expander,attack,friendly,Q3_NE,0.30611,1.833259,chosen_action,,0.0,0.0,0.001436,0.235209,0.19908,0.0,1.833259,neutral,neutral,,,0,0,0,0.0,0.0,0.0
train,with_mine,mine best intruder 1039,best,70,1,attacker,attack,enemy,Q0_SE,1.0,2.280828,chosen_action,,0.0,0.018671,0.0,0.192253,0.162533,0.0,2.280828,chasing_leader,leader_target,,,0,0,0,0.0,0.0,0.0
train,with_mine,mine best intruder 1039,intruder,70,0,expander,attack,friendly,Q0_SE,0.296317,1.794199,chosen_action,,0.0,0.0,0.015069,0.189301,0.25176,0.0,1.794199,neutral,neutral,,,0,0,0,0.0,0.0,0.0
train,with_mine,mine best intruder 1039,best,80,1,expander,attack,friendly,Q3_NE,0.948447,1.593144,chosen_action,,0.0,0.105448,0.02277,0.121078,0.224116,0.0,1.593144,neutral,neutral,,,0,0,0,0.0,0.0,0.0
train,with_mine,mine best intruder 1039,best,80,1,expander,attack,friendly,Q2_NW,1.0,1.555374,chosen_action,,0.0,0.0,0.0,0.093571,0.24504,0.0,1.555374,neutral,neutral,,,0,0,0,0.0,0.0,0.0
train,with_mine,mine best intruder 1039,intruder,80,0,expander,attack,neutral,Q3_NE,0.394807,2.512535,chosen_action,,0.0,0.0,0.0,0.343235,0.5102,0.0,2.512535,pressured,concentrated_inbound,4,Q0_SE,2,2,91,25.0,3.64,0.095
train,with_mine,mine best intruder 1039,best,90,1,expander,attack,enemy,Q3_NE,1.0,2.872858,chosen_action,,0.0,0.017733,0.015873,0.294243,0.41976,0.0,2.872858,cash_in,cash_in,,,0,0,0,0.0,0.0,0.0
train,with_mine,mine best intruder 1039,best,100,1,expander,established,friendly,Q3_NE,1.0,1.853802,chosen_action,,0.0,0.0,0.0,0.156491,0.35424,0.0,1.853802,cash_in,cash_in,,,0,0,0,0.0,0.0,0.0
train,with_mine,mine best intruder 1200,1200,0,0,anchor,initiation,neutral,Q1_SW,0.105298,1.810334,chosen_action,,0.95,0.18,0.200383,0.137342,0.356084,0.0,1.810334,neutral,neutral,,,0,0,0,0.0,0.0,0.0
train,with_mine,mine best intruder 1200,best,20,0,feeder,attack,neutral,Q1_SW,0.203107,1.792512,chosen_action,,0.0,0.167234,0.054508,0.110636,0.39036,0.0,1.792512,cash_in,cash_in,,,0,0,0,0.0,0.0,0.0
train,with_mine,mine best intruder 1200,intruder,30,1,expander,attack,enemy,Q0_SE,1.0,2.562348,chosen_action,,0.0,0.0,0.0,0.279443,0.438284,0.333333,2.562348,pressured,concentrated_inbound,18,Q0_SE,2,2,64,60.0,1.0667,8.444
train,with_mine,mine best intruder 1200,mine,40,0,anchor,expansion,enemy,Q0_SE,0.239873,2.3854,chosen_action,,0.0,0.18,0.218938,0.286293,0.22096,0.0,2.3854,chasing_leader,leader_target,,,0,0,0,0.0,0.0,0.0
train,with_mine,mine best intruder 1200,best,40,0,anchor,attack,friendly,Q1_SW,0.271092,1.546956,chosen_action,,0.0,0.0,0.0,0.091796,0.24196,0.0,1.546956,neutral,neutral,,,0,0,0,0.0,0.0,0.0
train,with_mine,mine best intruder 1200,intruder,40,1,attacker,attack,friendly,Q3_NE,1.0,2.589044,chosen_action,,0.0,0.0,0.0,0.374089,0.2898,0.333333,2.589044,pressured,concentrated_inbound,4,Q0_SE,2,2,44,44.0,1.0,3.666
train,with_mine,mine best intruder 1200,best,50,0,expander,attack,enemy,Q0_SE,0.229757,2.528455,chosen_action,,0.0,0.18,0.148543,0.216431,0.302978,0.0,2.528455,pressured,concentrated_inbound,11,Q2_NW,2,2,78,41.0,1.9024,0.871
train,with_mine,mine best intruder 1200,best,50,0,expander,attack,friendly,Q0_SE,0.298105,1.759015,chosen_action,,0.0,0.0,0.0,0.154831,0.286978,0.0,1.759015,pressured,concentrated_inbound,11,Q2_NW,2,2,78,41.0,1.9024,0.871
train,with_mine,mine best intruder 1200,intruder,50,1,expander,attack,friendly,Q0_SE,1.0,2.60519,chosen_action,,0.0,0.18,0.008384,0.418224,0.44552,0.0,2.60519,cash_in,cash_in,,,0,0,0,0.0,0.0,0.0
train,with_mine,mine best intruder 1200,1200,50,0,expander,initiation,enemy,Q3_NE,0.459447,3.56777,chosen_action,,0.0,0.18,0.156856,0.6109,0.519711,0.0,3.56777,overtake_window,overtake_window,,,0,0,0,0.0,0.0,0.0
train,with_mine,mine best intruder 1200,best,60,0,expander,attack,friendly,Q0_SE,0.303147,2.672801,chosen_action,,0.0,0.18,0.073591,0.325413,0.438378,0.333333,2.672801,pressured,concentrated_inbound,3,Q2_NW,2,2,121,84.0,1.4405,5.211
train,with_mine,mine best intruder 1200,best,60,0,expander,attack,friendly,Q1_SW,0.346059,2.182752,chosen_action,,0.0,0.0,0.0,0.248743,0.21168,0.333333,2.182752,pressured,concentrated_inbound,3,Q2_NW,2,2,121,84.0,1.4405,5.211
train,with_mine,mine best intruder 1200,intruder,60,1,attacker,attack,friendly,Q0_SE,0.675878,1.587674,chosen_action,,0.0,0.0,0.4,0.123904,0.21504,0.0,1.587674,pressured,concentrated_inbound,19,Q0_SE,2,2,143,123.0,1.1626,2.304
train,with_mine,mine best intruder 1200,best,70,0,expander,attack,enemy,Q2_NW,0.4648,3.697146,chosen_action,,0.0,0.0,0.4,0.574284,0.236196,0.0,3.697146,overtake_window,overtake_window,,,0,0,0,0.0,0.0,0.0
train,with_mine,mine best intruder 1200,intruder,70,1,expander,attack,enemy,Q0_SE,0.01808,1.140032,chosen_action,,0.95,0.18,0.044384,0.029524,0.05124,0.0,1.140032,pressured,concentrated_inbound,0,Q0_SE,3,3,174,155.0,1.1226,6.275
train,with_mine,mine best intruder 1200,intruder,70,1,feeder,attack,enemy,Q2_NW,0.523613,2.182044,chosen_action,,0.0,0.18,0.030551,0.172116,0.12516,0.0,2.182044,pressured,concentrated_inbound,0,Q0_SE,3,3,174,155.0,1.1226,6.275
train,with_mine,mine best intruder 1200,best,80,0,anchor,attack,friendly,Q1_SW,0.302585,1.81295,chosen_action,,0.0,0.0,0.0,0.194594,0.25624,0.0,1.81295,pressured,concentrated_inbound,16,Q2_NW,2,3,185,60.0,3.0833,8.677
train,with_mine,mine best intruder 1200,intruder,80,1,expander,attack,friendly,Q0_SE,0.876054,1.484975,chosen_action,,0.0,0.18,0.007035,0.078728,0.21928,0.0,1.484975,pressured,concentrated_inbound,15,Q0_SE,2,2,31,16.0,1.9375,2.989
train,with_mine,mine best intruder 1200,best,90,0,expander,attack,enemy,Q2_NW,0.618927,4.679574,chosen_action,,0.0,0.170105,0.089305,0.823392,0.521062,0.0,4.679574,overtake_window,overtake_window,,,0,0,0,0.0,0.0,0.0
train,with_mine,mine best intruder 1200,intruder,90,1,expander,attack,friendly,Q2_NW,1.0,1.587674,chosen_action,,0.0,0.0,0.0,0.123904,0.21504,0.0,1.587674,neutral,neutral,,,0,0,0,0.0,0.0,0.0
train,with_mine,mine best intruder 1200,best,100,0,expander,expansion,enemy,Q0_SE,0.476671,3.97959,chosen_action,,0.0,0.18,0.343461,0.629092,0.347978,0.0,3.97959,pressured,concentrated_inbound,1,Q1_SW,2,2,158,116.0,1.3621,2.645
train,with_mine,mine best intruder 1200,intruder,100,1,expander,attack,enemy,Q1_SW,0.549895,2.154116,chosen_action,,0.0,0.18,0.000678,0.165492,0.116249,0.0,2.154116,chasing_leader,leader_target,,,0,0,0,0.0,0.0,0.0
train,with_mine,mine best intruder 1200,best,110,0,expander,initiation,enemy,Q1_SW,0.652743,4.536788,chosen_action,,0.0,0.0,0.0,0.774795,0.501689,0.0,4.536788,pressured,concentrated_inbound,19,Q1_SW,3,3,415,160.0,2.5938,3.958
train,with_mine,mine best intruder 1200,best,110,0,expander,initiation,enemy,Q2_NW,0.429257,3.688906,chosen_action,,0.0,0.18,0.4,0.496518,0.368342,0.0,3.688906,pressured,concentrated_inbound,19,Q1_SW,3,3,415,160.0,2.5938,3.958
train,with_mine,mine best intruder 1200,intruder,110,1,expander,established,friendly,Q2_NW,0.088532,1.298428,chosen_action,,0.95,0.0,0.0,0.06292,0.1092,0.0,1.298428,neutral,neutral,,,0,0,0,0.0,0.0,0.0
train,with_mine,mine best intruder smith,intruder,50,1,feeder,attack,neutral,Q3_NE,1.0,3.203803,chosen_action,,0.0,0.011693,0.0,0.389611,0.49536,0.666667,3.203803,neutral,neutral,,,0,0,0,0.0,0.0,0.0
train,with_mine,mine best intruder smith,mine,60,0,expander,attack,friendly,Q0_SE,0.245601,1.349535,chosen_action,,0.0,0.0,0.0,0.050172,0.16972,0.0,1.349535,neutral,neutral,,,0,0,0,0.0,0.0,0.0
train,with_mine,mine best intruder smith,best,60,0,feeder,attack,friendly,Q1_SW,0.372895,2.38968,chosen_action,,0.0,0.0,0.0,0.286431,0.29796,0.333333,2.38968,neutral,neutral,,,0,0,0,0.0,0.0,0.0
train,with_mine,mine best intruder smith,mine,80,0,expander,attack,enemy,Q0_SE,0.227704,1.355047,chosen_action,,0.0,0.052973,0.040074,0.051311,0.171778,0.0,1.355047,neutral,neutral,,,0,0,0,0.0,0.0,0.0
train,with_mine,mine best intruder smith,best,80,0,anchor,attack,neutral,Q1_SW,0.194221,1.756623,chosen_action,,0.0,0.18,0.060447,0.128617,0.331809,0.0,1.756623,pressured,concentrated_inbound,9,Q1_SW,2,2,70,71.0,0.9859,1.995
train,with_mine,mine best intruder smith,intruder,80,1,expander,attack,friendly,Q3_NE,0.975411,1.913929,chosen_action,,0.0,0.019725,0.005179,0.148209,0.19128,0.333333,1.913929,neutral,neutral,,,0,0,0,0.0,0.0,0.0
train,with_mine,mine best intruder smith,mine,90,0,expander,expansion,enemy,Q1_SW,0.26921,1.919453,chosen_action,,0.0,0.18,0.03866,0.149236,0.193547,0.333333,1.919453,neutral,neutral,,,0,0,0,0.0,0.0,0.0
train,with_mine,mine best intruder smith,mine,90,0,expander,expansion,friendly,Q0_SE,0.424412,2.832396,chosen_action,,0.0,0.0,0.0,0.328729,0.32848,0.666667,2.832396,neutral,neutral,,,0,0,0,0.0,0.0,0.0
train,with_mine,mine best intruder smith,smith,90,0,anchor,attack,friendly,Q2_NW,0.282803,1.643017,chosen_action,,0.0,0.0,0.0,0.146626,0.21564,0.0,1.643017,neutral,neutral,,,0,0,0,0.0,0.0,0.0
train,with_mine,mine best intruder smith,mine,110,0,expander,attack,enemy,Q1_SW,0.154457,1.517444,chosen_action,,0.0,0.18,0.0419,0.107807,0.191636,0.0,1.517444,pressured,concentrated_inbound,13,Q1_SW,2,2,32,14.0,2.2857,1.429
train,with_mine,mine best intruder smith,mine,110,0,feeder,attack,enemy,Q3_NE,0.470028,4.082117,chosen_action,,0.0,0.18,0.026485,0.614521,0.449827,0.0,4.082117,pressured,concentrated_inbound,13,Q1_SW,2,2,32,14.0,2.2857,1.429
train,with_mine,mine best intruder smith,mine,110,0,expander,attack,friendly,Q1_SW,0.329537,2.008493,chosen_action,,0.0,0.0,0.0,0.246418,0.308956,0.0,2.008493,pressured,concentrated_inbound,13,Q1_SW,2,2,32,14.0,2.2857,1.429
train,with_mine,mine best intruder smith,mine,110,0,expander,attack,friendly,Q1_SW,0.23111,2.008493,chosen_action,,0.0,0.18,0.032136,0.246418,0.308956,0.0,2.008493,pressured,concentrated_inbound,13,Q1_SW,2,2,32,14.0,2.2857,1.429
train,with_mine,mine best intruder smith,mine,110,0,anchor,attack,friendly,Q1_SW,0.231638,2.008493,chosen_action,,0.0,0.18,0.029496,0.246418,0.308956,0.0,2.008493,pressured,concentrated_inbound,13,Q1_SW,2,2,32,14.0,2.2857,1.429
train,with_mine,mine best intruder smith,mine,110,0,feeder,attack,friendly,Q1_SW,0.234799,2.008493,chosen_action,,0.0,0.18,0.013694,0.246418,0.308956,0.0,2.008493,pressured,concentrated_inbound,13,Q1_SW,2,2,32,14.0,2.2857,1.429
train,with_mine,mine best intruder smith,intruder,110,1,expander,attack,friendly,Q3_NE,0.96612,1.661736,chosen_action,,0.0,0.015958,0.0,0.115996,0.28396,0.0,1.661736,neutral,neutral,,,0,0,0,0.0,0.0,0.0
train,with_mine,mine best intruder smith,smith,110,0,feeder,attack,enemy,Q1_SW,0.156516,1.534016,chosen_action,,0.0,0.18,0.042343,0.110887,0.198436,0.0,1.534016,neutral,neutral,,,0,0,0,0.0,0.0,0.0
train,with_mine,mine best intruder smith,mine,120,0,anchor,attack,friendly,Q1_SW,0.313929,1.947967,chosen_action,,0.0,0.0,0.0,0.156226,0.20224,0.333333,1.947967,neutral,neutral,,,0,0,0,0.0,0.0,0.0
train,with_mine,mine best intruder smith,mine,130,0,expander,attack,enemy,Q0_SE,0.56059,3.877438,chosen_action,,0.0,0.0,0.0,0.597496,0.32848,0.0,3.877438,overtake_window,overtake_window,,,0,0,0,0.0,0.0,0.0
train,with_mine,mine best intruder smith,mine,130,0,expander,attack,friendly,Q0_SE,0.222358,1.952798,chosen_action,,0.0,0.169467,0.047045,0.268952,0.22764,0.0,1.952798,neutral,neutral,,,0,0,0,0.0,0.0,0.0
train,with_mine,mine best intruder smith,mine,130,0,expander,attack,friendly,Q0_SE,0.285048,1.660596,chosen_action,,0.0,0.0,0.0,0.151588,0.21984,0.0,1.660596,neutral,neutral,,,0,0,0,0.0,0.0,0.0
train,with_mine,mine best intruder smith,intruder,130,1,expander,attack,friendly,Q3_NE,0.917407,1.344944,chosen_action,,0.0,0.015958,0.007809,0.049204,0.16804,0.0,1.344944,neutral,neutral,,,0,0,0,0.0,0.0,0.0
train,with_mine,mine best intruder smith,intruder,130,1,anchor,attack,friendly,Q3_NE,1.0,1.408455,chosen_action,,0.0,0.0,0.0,0.062595,0.19128,0.0,1.408455,neutral,neutral,,,0,0,0,0.0,0.0,0.0
train,with_mine,mine best intruder smith,mine,140,0,expander,attack,enemy,Q3_NE,0.349523,3.153114,chosen_action,,0.0,0.18,0.035714,0.354137,0.224582,0.0,3.153114,chasing_leader,leader_target,,,0,0,0,0.0,0.0,0.0
train,with_mine,mine best intruder smith,mine,140,0,expander,attack,enemy,Q1_SW,0.160572,1.46488,chosen_action,,0.0,0.18,0.037428,0.096342,0.17308,0.0,1.46488,neutral,neutral,,,0,0,0,0.0,0.0,0.0
train,with_mine,mine best intruder smith,mine,150,0,expander,attack,friendly,Q0_SE,0.244201,1.579731,chosen_action,,0.0,0.019725,0.020969,0.128762,0.20052,0.0,1.579731,pressured,concentrated_inbound,0,Q0_SE,2,2,88,70.0,1.2571,5.153
train,with_mine,mine best intruder smith,mine,160,0,expander,attack,enemy,Q0_SE,0.566347,3.907301,chosen_action,,0.0,0.0,0.0,0.598419,0.34896,0.0,3.907301,overtake_window,overtake_window,,,0,0,0,0.0,0.0,0.0
train,with_mine,mine best intruder smith,mine,160,0,expander,attack,friendly,Q1_SW,0.280064,1.623093,chosen_action,,0.0,0.0,0.0,0.141002,0.21088,0.0,1.623093,neutral,neutral,,,0,0,0,0.0,0.0,0.0
train,with_mine,mine best intruder smith,intruder,160,1,attacker,attack,enemy,Q0_SE,0.896761,2.212491,chosen_action,,0.0,0.136601,0.125203,0.155012,0.17812,0.0,2.212491,chasing_leader,leader_target,,,0,0,0,0.0,0.0,0.0
train,with_mine,mine best intruder smith,mine,170,0,sweeper,attack,enemy,Q0_SE,0.477666,3.258476,chosen_action,,0.0,0.0,0.0,0.39377,0.232169,0.0,3.258476,chasing_leader,leader_target,,,0,0,0,0.0,0.0,0.0
train,with_mine,mine best intruder smith,intruder,170,1,expander,established,friendly,Q2_NW,1.0,1.73443,chosen_action,,0.0,0.0,0.0,0.131323,0.31056,0.0,1.73443,neutral,neutral,,,0,0,0,0.0,0.0,0.0
train,with_mine,mine best intruder smith,mine,180,0,expander,attack,enemy,Q1_SW,0.570363,3.96234,chosen_action,,0.0,0.0,0.0,0.610962,0.367431,0.0,3.96234,overtake_window,overtake_window,,,0,0,0,0.0,0.0,0.0
train,with_mine,mine best intruder smith,mine,180,0,anchor,attack,friendly,Q1_SW,0.289899,1.753163,chosen_action,,0.0,0.0,0.0,0.167775,0.259631,0.0,1.753163,neutral,neutral,,,0,0,0,0.0,0.0,0.0
train,with_mine,mine best,mine,40,0,expander,attack,neutral,Q1_SW,0.425175,3.235572,chosen_action,,0.0,0.18,0.05297,0.315388,0.428622,1.0,3.235572,cash_in,cash_in,,,0,0,0,0.0,0.0,0.0
train,with_mine,mine best,best,40,1,expander,expansion,friendly,Q3_NE,1.0,1.578491,chosen_action,,0.0,0.0,0.0,0.121968,0.21168,0.0,1.578491,pressured,concentrated_inbound,21,Q1_SW,2,2,63,47.0,1.3404,2.325
train,with_mine,mine best,best,50,1,anchor,attack,enemy,Q1_SW,0.424334,2.706227,chosen_action,,0.0,0.18,0.098015,0.257385,0.361853,0.0,2.706227,cash_in,cash_in,,,0,0,0,0.0,0.0,0.0
train,with_mine,mine best,mine,60,0,expander,attack,enemy,Q1_SW,0.491294,3.68722,chosen_action,,0.0,0.18,0.081329,0.570126,0.236236,0.0,3.68722,overtake_window,overtake_window,,,0,0,0,0.0,0.0,0.0
train,with_mine,mine best,mine,60,0,expander,attack,friendly,Q1_SW,0.275377,1.597384,chosen_action,,0.0,0.0,0.008574,0.127975,0.214996,0.0,1.597384,neutral,neutral,,,0,0,0,0.0,0.0,0.0
train,with_mine,mine best,best,60,1,expander,attack,enemy,Q1_SW,0.934591,2.24616,chosen_action,,0.0,0.0,0.228321,0.162111,0.19044,0.0,2.24616,chasing_leader,leader_target,,,0,0,0,0.0,0.0,0.0
train,with_mine,mine best,best,60,1,anchor,attack,enemy,Q1_SW,0.217154,2.666254,chosen_action,,0.95,0.18,0.114719,0.250683,0.34416,0.0,2.666254,chasing_leader,leader_target,,,0,0,0,0.0,0.0,0.0
train,with_mine,mine best,mine,70,0,expander,attack,enemy,Q3_NE,0.594509,4.311464,chosen_action,,0.0,0.141841,0.005891,0.706967,0.455364,0.0,4.311464,overtake_window,overtake_window,,,0,0,0,0.0,0.0,0.0
train,with_mine,mine best,mine,70,0,expander,attack,enemy,Q1_SW,0.578243,4.101562,chosen_action,,0.0,0.096374,0.0,0.634523,0.428671,0.0,4.101562,overtake_window,overtake_window,,,0,0,0,0.0,0.0,0.0
train,with_mine,mine best,mine,70,0,feeder,attack,enemy,Q3_NE,0.547428,4.646516,chosen_action,,0.0,0.18,0.0,0.772053,0.587844,0.0,4.646516,overtake_window,overtake_window,,,0,0,0,0.0,0.0,0.0
train,with_mine,mine best,best,70,1,expander,attack,enemy,Q1_SW,1.0,2.739714,chosen_action,,0.0,0.0,0.0,0.266171,0.37104,0.0,2.739714,cash_in,cash_in,,,0,0,0,0.0,0.0,0.0
train,with_mine,mine best,mine,80,0,expander,attack,enemy,Q1_SW,0.525677,3.915461,chosen_action,,0.0,0.18,0.056176,0.624114,0.309324,0.0,3.915461,overtake_window,overtake_window,,,0,0,0,0.0,0.0,0.0
train,with_mine,mine best,mine,80,0,anchor,attack,friendly,Q0_SE,0.255602,1.548088,chosen_action,,0.0,0.0,0.008683,0.11983,0.19296,0.0,1.548088,neutral,neutral,,,0,0,0,0.0,0.0,0.0
train,with_mine,mine best,mine,90,0,expander,attack,enemy,Q0_SE,0.606622,4.174182,chosen_action,,0.0,0.0,0.0,0.663444,0.431049,0.0,4.174182,overtake_window,overtake_window,,,0,0,0,0.0,0.0,0.0
train,with_mine,mine best,best,90,1,sweeper,attack,enemy,Q0_SE,1.0,2.32421,chosen_action,,0.0,0.0,0.097802,0.178567,0.219,0.0,2.32421,chasing_leader,leader_target,,,0,0,0,0.0,0.0,0.0
train,with_mine,mine intruder,intruder,30,1,expander,expansion,enemy,Q0_SE,0.215053,2.652771,chosen_action,,0.95,0.18,0.188059,0.265797,0.307302,0.0,2.652771,chasing_leader,leader_target,,,0,0,0,0.0,0.0,0.0
train,with_mine,mine intruder,mine,40,0,expander,expansion,friendly,Q1_SW,0.316722,1.914124,chosen_action,,0.0,0.0,0.0,0.258035,0.2184,0.0,1.914124,neutral,neutral,,,0,0,0,0.0,0.0,0.0
train,with_mine,mine intruder,mine,40,0,expander,expansion,friendly,Q0_SE,0.308579,1.973893,chosen_action,,0.0,0.0,0.078876,0.274906,0.23268,0.0,1.973893,neutral,neutral,,,0,0,0,0.0,0.0,0.0
train,with_mine,mine intruder,mine,40,0,anchor,expansion,enemy,Q0_SE,0.403644,3.326873,chosen_action,,0.0,0.18,0.009863,0.464979,0.15624,0.0,3.326873,chasing_leader,leader_target,,,0,0,0,0.0,0.0,0.0
train,with_mine,mine intruder,mine,40,0,expander,expansion,neutral,Q0_SE,0.244638,1.833974,chosen_action,,0.0,0.18,0.137625,0.151694,0.34808,0.0,1.833974,neutral,neutral,,,0,0,0,0.0,0.0,0.0
train,with_mine,mine intruder,intruder,40,1,expander,expansion,friendly,Q2_NW,0.117175,1.53717,chosen_action,,0.95,0.0,0.002182,0.113256,0.19656,0.0,1.53717,neutral,neutral,,,0,0,0,0.0,0.0,0.0
train,with_mine,mine intruder,intruder,40,1,anchor,expansion,friendly,Q2_NW,0.598297,1.53717,chosen_action,,0.0,0.18,0.01106,0.113256,0.19656,0.0,1.53717,neutral,neutral,,,0,0,0,0.0,0.0,0.0
train,with_mine,mine intruder,intruder,40,1,expander,expansion,friendly,Q3_NE,0.692512,1.560126,chosen_action,,0.0,0.18,0.19981,0.118096,0.20496,0.0,1.560126,neutral,neutral,,,0,0,0,0.0,0.0,0.0
train,with_mine,mine intruder,intruder,50,1,anchor,expansion,friendly,Q1_SW,0.410366,1.560126,chosen_action,,0.0,0.18,0.201955,0.118096,0.20496,0.0,1.560126,neutral,neutral,,,0,0,0,0.0,0.0,0.0
train,with_mine,mine intruder,intruder,50,1,expander,expansion,enemy,Q0_SE,0.210827,2.620117,chosen_action,,0.95,0.18,0.051999,0.259441,0.294413,0.0,2.620117,chasing_leader,leader_target,,,0,0,0,0.0,0.0,0.0
train,with_mine,mine intruder,mine,60,0,anchor,expansion,neutral,Q1_SW,0.229269,2.051251,chosen_action,,0.0,0.18,0.01528,0.192076,0.437236,0.0,2.051251,cash_in,cash_in,,,0,0,0,0.0,0.0,0.0
train,with_mine,mine intruder,mine,60,0,expander,expansion,friendly,Q0_SE,0.317171,1.917639,chosen_action,,0.0,0.0,0.0,0.259027,0.21924,0.0,1.917639,neutral,neutral,,,0,0,0,0.0,0.0,0.0
train,with_mine,mine intruder,intruder,60,1,expander,expansion,friendly,Q3_NE,0.071432,1.55324,chosen_action,,0.95,0.18,0.022794,0.116644,0.20244,0.0,1.55324,pressured,concentrated_inbound,6,Q3_NE,2,2,76,64.0,1.1875,1.012
train,with_mine,mine intruder,intruder,70,1,expander,expansion,friendly,Q3_NE,0.75454,1.587674,chosen_action,,0.0,0.078016,0.000978,0.123904,0.21504,0.0,1.587674,neutral,neutral,,,0,0,0,0.0,0.0,0.0
train,with_mine,mine intruder,intruder,80,1,expander,attack,neutral,Q3_NE,0.927877,1.676967,chosen_action,,0.0,0.16066,0.0,0.086275,0.34808,0.0,1.676967,neutral,neutral,,,0,0,0,0.0,0.0,0.0
train,with_mine,mine intruder,intruder,80,1,expander,attack,friendly,Q0_SE,0.928876,1.707045,chosen_action,,0.0,0.029439,0.0,0.149072,0.25872,0.0,1.707045,neutral,neutral,,,0,0,0,0.0,0.0,0.0
train,with_mine,mine best intruder smith,best,10,0,expander,expansion,neutral,Q0_SE,0.261833,1.89828,chosen_action,,0.0,0.18,0.096555,0.131326,0.431924,0.0,1.89828,neutral,neutral,,,0,0,0,0.0,0.0,0.0
train,with_mine,mine best intruder smith,intruder,10,1,expander,expansion,friendly,Q3_NE,1.0,1.452233,chosen_action,,0.0,0.0,0.0,0.095348,0.16548,0.0,1.452233,neutral,neutral,,,0,0,0,0.0,0.0,0.0
train,with_mine,mine best intruder smith,intruder,20,1,expander,expansion,friendly,Q3_NE,1.0,2.501878,chosen_action,,0.0,0.0,0.0,0.277503,0.17472,0.666667,2.501878,neutral,neutral,,,0,0,0,0.0,0.0,0.0
train,with_mine,mine best intruder smith,best,30,0,expander,expansion,enemy,Q1_SW,0.271493,1.585378,chosen_action,,0.0,0.0,0.020446,0.12342,0.2142,0.0,1.585378,neutral,neutral,,,0,0,0,0.0,0.0,0.0
train,with_mine,mine best intruder smith,best,30,0,expander,expansion,friendly,Q2_NW,0.255299,1.468302,chosen_action,,0.0,0.0,0.025831,0.098736,0.17136,0.0,1.468302,neutral,neutral,,,0,0,0,0.0,0.0,0.0
train,with_mine,mine best intruder smith,intruder,30,1,expander,expansion,neutral,Q0_SE,0.996506,2.832618,chosen_action,,0.0,0.18,0.048995,0.275733,0.422858,0.666667,2.832618,cash_in,cash_in,,,0,0,0,0.0,0.0,0.0
train,with_mine,mine best intruder smith,smith,30,0,expander,attack,enemy,Q2_NW,0.508808,3.697922,chosen_action,,0.0,0.12747,0.032647,0.444598,0.245102,0.333333,3.697922,chasing_leader,leader_target,,,0,0,0,0.0,0.0,0.0
train,with_mine,mine best intruder smith,intruder,50,1,expander,attack,friendly,Q0_SE,1.0,1.430222,chosen_action,,0.0,0.0,0.0,0.090454,0.157876,0.0,1.430222,neutral,neutral,,,0,0,0,0.0,0.0,0.0
train,with_mine,mine best intruder smith,smith,50,0,attacker,established,unknown,unknown,0.111675,1.0,chosen_action,,0.0,0.18,0.081626,0.0,0.0,0.0,1.0,pressured,concentrated_inbound,15,Q3_NE,2,2,90,105.0,0.8571,7.662
train,with_mine,mine best intruder smith,intruder,80,1,expander,attack,unknown,unknown,0.556782,1.0,chosen_action,,0.0,0.18,0.083218,0.0,0.0,0.0,1.0,neutral,neutral,,,0,0,0,0.0,0.0,0.0
train,with_mine,mine best intruder smith,intruder,90,1,expander,established,neutral,Q0_SE,0.82141,2.070445,chosen_action,,0.0,0.18,0.138049,0.163324,0.502569,0.0,2.070445,cash_in,cash_in,,,0,0,0,0.0,0.0,0.0
train,with_mine,mine best intruder smith,smith,90,0,expander,attack,enemy,Q0_SE,0.281965,2.096463,chosen_action,,0.0,0.18,0.114602,0.26548,0.340231,0.0,2.096463,neutral,neutral,,,0,0,0,0.0,0.0,0.0
train,with_mine,mine best intruder smith,mine,100,0,expander,attack,enemy,Q3_NE,0.338363,2.077469,chosen_action,,0.0,0.0,0.0,0.265,0.327013,0.0,2.077469,pressured,concentrated_inbound,8,Q0_SE,2,2,55,98.0,0.5612,0.518
train,with_mine,mine best intruder smith,mine,100,0,anchor,attack,friendly,Q0_SE,0.375612,2.372869,chosen_action,,0.0,0.0,0.0,0.338886,0.414476,0.0,2.372869,pressured,concentrated_inbound,8,Q0_SE,2,2,55,98.0,0.5612,0.518
train,with_mine,mine best intruder smith,intruder,100,1,expander,attack,enemy,Q3_NE,1.0,2.992001,chosen_action,,0.0,0.18,0.066582,0.31283,0.474969,0.0,2.992001,cash_in,cash_in,,,0,0,0,0.0,0.0,0.0
train,with_mine,mine best intruder smith,mine,110,0,anchor,attack,friendly,Q3_NE,0.340302,2.195007,chosen_action,,0.0,0.0,0.0,0.302439,0.34752,0.0,2.195007,pressured,concentrated_inbound,8,Q0_SE,3,3,98,100.0,0.98,3.895
train,with_mine,mine best intruder smith,mine,130,0,expander,attack,friendly,Q3_NE,0.255546,1.767244,chosen_action,,0.0,0.039145,0.022116,0.181692,0.24532,0.0,1.767244,neutral,neutral,,,0,0,0,0.0,0.0,0.0
train,with_mine,mine best intruder smith,mine,140,0,feeder,attack,friendly,Q3_NE,0.365651,2.289829,chosen_action,,0.0,0.0,0.0,0.316334,0.393058,0.0,2.289829,cash_in,cash_in,,,0,0,0,0.0,0.0,0.0
train,with_mine,mine best intruder smith,intruder,140,1,expander,attack,enemy,Q3_NE,1.0,2.650185,chosen_action,,0.0,0.0,0.0,0.247295,0.33828,0.0,2.650185,chasing_leader,leader_target,,,0,0,0,0.0,0.0,0.0
train,with_mine,mine best intruder 1039,intruder,60,0,expander,attack,enemy,Q0_SE,0.218657,1.630281,chosen_action,,0.0,0.18,0.133254,0.136462,0.224276,0.0,1.630281,neutral,neutral,,,0,0,0,0.0,0.0,0.0
train,with_mine,mine best intruder 1039,mine,70,0,expander,attack,neutral,Q3_NE,0.20996,1.970813,chosen_action,,0.0,0.18,0.4,0.174076,0.409653,0.0,1.970813,cash_in,cash_in,,,0,0,0,0.0,0.0,0.0
train,with_mine,mine best intruder 1039,best,70,1,expander,attack,friendly,Q2_NW,0.963212,1.419933,chosen_action,,0.0,0.0,0.091479,0.065015,0.19548,0.0,1.419933,neutral,neutral,,,0,0,0,0.0,0.0,0.0
train,with_mine,mine best intruder 1039,best,70,1,expander,attack,neutral,Q3_NE,0.899284,1.912787,chosen_action,,0.0,0.18,0.039785,0.131785,0.441853,0.0,1.912787,cash_in,cash_in,,,0,0,0,0.0,0.0,0.0
train,with_mine,mine best intruder 1039,intruder,70,0,expander,attack,unknown,unknown,0.109497,1.0,chosen_action,,0.0,0.18,0.092516,0.0,0.0,0.0,1.0,neutral,neutral,,,0,0,0,0.0,0.0,0.0
train,with_mine,mine best intruder 1039,1039,70,0,anchor,attack,enemy,Q2_NW,0.487645,3.368573,chosen_action,,0.0,0.0,0.075104,0.396744,0.308436,0.0,3.368573,chasing_leader,leader_target,,,0,0,0,0.0,0.0,0.0
train,with_mine,mine best intruder 1039,best,80,1,expander,attack,enemy,Q0_SE,0.982432,2.570425,chosen_action,,0.0,0.165329,0.05663,0.249976,0.274431,0.0,2.570425,chasing_leader,leader_target,,,0,0,0,0.0,0.0,0.0
train,with_mine,mine best intruder 1039,best,90,1,attacker,attack,enemy,Q0_SE,1.0,2.729837,chosen_action,,0.0,0.0,0.0,0.284116,0.331822,0.0,2.729837,chasing_leader,leader_target,,,0,0,0,0.0,0.0,0.0
train,with_mine,mine best intruder 1039,best,90,1,expander,attack,enemy,Q0_SE,0.994876,2.729837,chosen_action,,0.0,0.18,0.050087,0.284116,0.331822,0.0,2.729837,chasing_leader,leader_target,,,0,0,0,0.0,0.0,0.0
train,with_mine,mine best intruder 1039,best,90,1,expander,established,neutral,Q1_SW,0.500596,1.656307,chosen_action,,0.0,0.164058,0.141215,0.081919,0.34052,0.0,1.656307,neutral,neutral,,,0,0,0,0.0,0.0,0.0
train,with_mine,mine best intruder 1039,best,90,1,expander,established,friendly,Q0_SE,1.0,1.378684,chosen_action,,0.0,0.0,0.003484,0.076345,0.144782,0.0,1.378684,neutral,neutral,,,0,0,0,0.0,0.0,0.0
train,with_mine,mine best intruder 1039,intruder,90,0,expander,attack,enemy,Q3_NE,0.577811,4.018228,chosen_action,,0.0,0.039236,0.0,0.671941,0.300422,0.0,4.018228,pressured,concentrated_inbound,13,Q3_NE,2,2,183,37.0,4.9459,0.311
train,with_mine,mine best intruder 1039,intruder,90,0,expander,attack,neutral,Q2_NW,0.09604,1.740814,chosen_action,,0.95,0.18,0.106082,0.136755,0.305631,0.0,1.740814,pressured,concentrated_inbound,13,Q3_NE,2,2,183,37.0,4.9459,0.311
train,with_mine,mine intruder,mine,0,0,expander,initiation,neutral,Q3_NE,0.24982,1.81716,chosen_action,,0.0,0.18,0.10174,0.139356,0.35756,0.0,1.81716,neutral,neutral,,,0,0,0,0.0,0.0,0.0
train,with_mine,mine intruder,intruder,20,1,expander,expansion,neutral,Q3_NE,0.891081,2.146287,chosen_action,,0.0,0.18,0.078072,0.184282,0.521489,0.0,2.146287,cash_in,cash_in,,,0,0,0,0.0,0.0,0.0
train,with_mine,mine intruder,mine,30,0,expander,expansion,friendly,Q1_SW,0.501574,3.487518,chosen_action,,0.0,0.0,0.0,0.504753,0.2786,1.0,3.487518,neutral,neutral,,,0,0,0,0.0,0.0,0.0
train,with_mine,mine intruder,intruder,30,1,anchor,expansion,enemy,Q1_SW,0.376146,2.605977,chosen_action,,0.0,0.18,0.132757,0.261382,0.280489,0.0,2.605977,chasing_leader,leader_target,,,0,0,0,0.0,0.0,0.0
train,with_mine,mine intruder,intruder,30,1,expander,expansion,friendly,Q2_NW,1.0,1.779739,chosen_action,,0.0,0.076818,0.0,0.164399,0.28532,0.0,1.779739,neutral,neutral,,,0,0,0,0.0,0.0,0.0
train,with_mine,mine intruder,mine,50,0,expander,expansion,neutral,Q0_SE,0.263843,1.809363,chosen_action,,0.0,0.091265,0.11462,0.144747,0.3422,0.0,1.809363,neutral,neutral,,,0,0,0,0.0,0.0,0.0
train,with_mine,mine intruder,mine,60,0,anchor,attack,friendly,Q0_SE,0.271125,1.569184,chosen_action,,0.0,0.0,0.011253,0.125785,0.198,0.0,1.569184,neutral,neutral,,,0,0,0,0.0,0.0,0.0
train,with_mine,mine intruder,mine,60,0,feeder,attack,friendly,Q0_SE,0.308392,1.843421,chosen_action,,0.0,0.0,0.0,0.203195,0.26352,0.0,1.843421,neutral,neutral,,,0,0,0,0.0,0.0,0.0
train,with_mine,mine intruder,mine,60,0,attacker,attack,friendly,Q0_SE,0.377898,2.440331,chosen_action,,0.0,0.030071,0.0,0.40657,0.34412,0.0,2.440331,neutral,neutral,,,0,0,0,0.0,0.0,0.0
train,with_mine,mine intruder,intruder,60,1,expander,expansion,neutral,Q3_NE,0.32899,1.438386,chosen_action,,0.0,0.18,0.208271,0.059496,0.21896,0.0,1.438386,neutral,neutral,,,0,0,0,0.0,0.0,0.0
train,with_mine,mine intruder,intruder,60,1,expander,expansion,friendly,Q2_NW,1.0,1.749896,chosen_action,,0.0,0.0,0.0,0.158107,0.2744,0.0,1.749896,neutral,neutral,,,0,0,0,0.0,0.0,0.0
train,with_mine,mine intruder,intruder,60,1,expander,expansion,friendly,Q1_SW,0.992033,1.615059,chosen_action,,0.0,0.043353,0.044499,0.106155,0.26688,0.0,1.615059,neutral,neutral,,,0,0,0,0.0,0.0,0.0
train,with_mine,mine intruder,intruder,60,1,expander,expansion,enemy,Q0_SE,0.962154,2.656709,chosen_action,,0.0,0.18,0.073872,0.243403,0.350031,0.0,2.656709,cash_in,cash_in,,,0,0,0,0.0,0.0,0.0
train,with_mine,mine intruder,mine,70,0,feeder,attack,friendly,Q0_SE,0.317149,2.013911,chosen_action,,0.0,0.0,0.010578,0.234543,0.33408,0.0,2.013911,neutral,neutral,,,0,0,0,0.0,0.0,0.0
train,with_mine,mine intruder,mine,70,0,anchor,attack,friendly,Q0_SE,0.323507,2.013911,chosen_action,,0.0,0.0,0.0,0.234543,0.33408,0.0,2.013911,neutral,neutral,,,0,0,0,0.0,0.0,0.0
train,with_mine,mine intruder,intruder,70,1,expander,expansion,enemy,Q0_SE,1.0,2.443581,chosen_action,,0.0,0.0,0.039047,0.203735,0.26268,0.0,2.443581,chasing_leader,leader_target,,,0,0,0,0.0,0.0,0.0
train,with_mine,mine intruder,intruder,80,1,expander,established,neutral,Q3_NE,0.807625,1.660898,chosen_action,,0.0,0.18,0.098837,0.082887,0.3422,0.0,1.660898,neutral,neutral,,,0,0,0,0.0,0.0,0.0
train,with_mine,mine intruder,intruder,90,1,expander,attack,neutral,Q0_SE,0.253594,1.403952,chosen_action,,0.0,0.163425,0.295796,0.052236,0.20636,0.0,1.403952,neutral,neutral,,,0,0,0,0.0,0.0,0.0
train,with_mine,mine intruder,intruder,100,1,attacker,attack,enemy,Q3_NE,1.0,2.393843,chosen_action,,0.0,0.0,0.0,0.193248,0.24448,0.0,2.393843,chasing_leader,leader_target,,,0,0,0,0.0,0.0,0.0
train,with_mine,mine best intruder 1200,mine,0,0,expander,initiation,neutral,Q0_SE,0.258661,1.716758,chosen_action,,0.0,0.102222,0.072845,0.094664,0.36264,0.0,1.716758,neutral,neutral,,,0,0,0,0.0,0.0,0.0
train,with_mine,mine best intruder 1200,best,0,1,expander,initiation,neutral,Q1_SW,0.918608,1.716758,chosen_action,,0.0,0.102222,0.072845,0.094664,0.36264,0.0,1.716758,neutral,neutral,,,0,0,0,0.0,0.0,0.0
train,with_mine,mine best intruder 1200,intruder,0,0,expander,initiation,neutral,Q3_NE,0.258661,1.716758,chosen_action,,0.0,0.102222,0.072845,0.094664,0.36264,0.0,1.716758,neutral,neutral,,,0,0,0,0.0,0.0,0.0
train,with_mine,mine best intruder 1200,1200,0,0,expander,initiation,neutral,Q2_NW,0.2529,1.716758,chosen_action,,0.0,0.121069,0.082801,0.094664,0.36264,0.0,1.716758,neutral,neutral,,,0,0,0,0.0,0.0,0.0
train,with_mine,mine best intruder 1200,mine,10,0,expander,expansion,neutral,Q0_SE,0.378455,2.427962,chosen_action,,0.0,0.0,0.0,0.263659,0.3668,0.333333,2.427962,neutral,neutral,,,0,0,0,0.0,0.0,0.0
train,with_mine,mine best intruder 1200,1200,10,0,expander,expansion,neutral,Q3_NE,0.408108,3.252926,chosen_action,,0.0,0.18,0.148036,0.333747,0.40884,1.0,3.252926,cash_in,cash_in,,,0,0,0,0.0,0.0,0.0
train,with_mine,mine best intruder 1200,mine,20,0,attacker,attack,enemy,Q1_SW,0.332495,2.451867,chosen_action,,0.0,0.18,0.10491,0.205275,0.26608,0.0,2.451867,chasing_leader,leader_target,,,0,0,0,0.0,0.0,0.0
train,with_mine,mine best intruder 1200,best,20,1,expander,attack,friendly,Q1_SW,1.0,2.078011,chosen_action,,0.0,0.0,0.0,0.208409,0.2058,0.333333,2.078011,neutral,neutral,,,0,0,0,0.0,0.0,0.0
train,with_mine,mine best intruder 1200,best,20,1,attacker,attack,neutral,Q0_SE,0.187024,2.488047,chosen_action,,0.95,0.18,0.068344,0.235782,0.460867,0.333333,2.488047,cash_in,cash_in,,,0,0,0,0.0,0.0,0.0
train,with_mine,mine best intruder 1200,intruder,20,0,expander,expansion,friendly,Q0_SE,0.428427,2.867252,chosen_action,,0.0,0.0,0.0,0.360309,0.298156,0.666667,2.867252,neutral,neutral,,,0,0,0,0.0,0.0,0.0
train,with_mine,mine best intruder 1200,mine,30,0,expander,attack,friendly,Q1_SW,0.363394,2.320529,chosen_action,,0.0,0.0,0.0,0.300481,0.22176,0.333333,2.320529,pressured,concentrated_inbound,28,Q1_SW,2,2,79,24.0,3.2917,6.021
train,with_mine,mine best intruder 1200,best,30,1,expander,attack,neutral,Q2_NW,1.0,2.515026,chosen_action,,0.0,0.035287,0.01678,0.251911,0.452178,0.333333,2.515026,cash_in,cash_in,,,0,0,0,0.0,0.0,0.0
train,with_mine,mine best intruder 1200,intruder,40,0,expander,attack,enemy,Q1_SW,0.407516,3.75315,chosen_action,,0.0,0.18,0.003623,0.442329,0.290044,0.333333,3.75315,pressured,concentrated_inbound,3,Q2_NW,2,2,61,32.0,1.9062,2.684
train,with_mine,mine best intruder 1200,mine,50,0,expander,expansion,friendly,Q0_SE,0.336015,2.064799,chosen_action,,0.0,0.0,0.0,0.297904,0.259133,0.0,2.064799,neutral,neutral,,,0,0,0,0.0,0.0,0.0
train,with_mine,mine best intruder 1200,mine,50,0,expander,expansion,friendly,Q0_SE,0.350231,2.176134,chosen_action,,0.0,0.0,0.0,0.329331,0.285733,0.0,2.176134,neutral,neutral,,,0,0,0,0.0,0.0,0.0
train,with_mine,mine best intruder 1200,best,50,1,expander,attack,neutral,Q2_NW,0.950644,1.401657,chosen_action,,0.0,0.0,0.101875,0.051752,0.20552,0.0,1.401657,neutral,neutral,,,0,0,0,0.0,0.0,0.0
train,with_mine,mine best intruder 1200,best,50,1,expander,attack,enemy,Q0_SE,0.948805,1.996635,chosen_action,,0.0,0.18,0.0,0.203964,0.375644,0.0,1.996635,cash_in,cash_in,,,0,0,0,0.0,0.0,0.0
train,with_mine,mine best intruder 1200,intruder,50,0,expander,attack,enemy,Q1_SW,0.389669,4.065212,chosen_action,,0.0,0.18,0.292222,0.529093,0.366956,0.333333,4.065212,cash_in,cash_in,,,0,0,0,0.0,0.0,0.0
train,with_mine,mine best intruder 1200,1200,50,0,feeder,attack,friendly,Q2_NW,0.258169,1.889942,chosen_action,,0.0,0.056172,0.033501,0.203366,0.297676,0.0,1.889942,neutral,neutral,,,0,0,0,0.0,0.0,0.0
train,with_mine,mine best intruder 1200,mine,60,0,expander,expansion,neutral,Q0_SE,0.261357,1.657033,chosen_action,,0.0,0.003146,0.115974,0.121184,0.271253,0.0,1.657033,neutral,neutral,,,0,0,0,0.0,0.0,0.0
train,with_mine,mine best intruder 1200,mine,60,0,anchor,expansion,enemy,Q0_SE,0.331941,2.67455,chosen_action,,0.0,0.113519,0.010992,0.354835,0.313293,0.0,2.67455,chasing_leader,leader_target,,,0,0,0,0.0,0.0,0.0
train,with_mine,mine best intruder 1200,best,60,1,sweeper,attack,enemy,Q2_NW,1.0,1.559965,chosen_action,,0.0,0.0,0.0,0.094539,0.24672,0.0,1.559965,neutral,neutral,,,0,0,0,0.0,0.0,0.0
train,with_mine,mine best intruder 1200,best,70,1,expander,attack,enemy,Q0_SE,1.0,2.473118,chosen_action,,0.0,0.054093,0.043373,0.207064,0.27864,0.0,2.473118,pressured,concentrated_inbound,23,Q2_NW,2,2,33,40.0,0.825,4.497
train,with_mine,mine best intruder 1200,best,70,1,expander,attack,friendly,Q2_NW,0.873831,1.564556,chosen_action,,0.0,0.115233,0.084299,0.095507,0.2484,0.0,1.564556,pressured,concentrated_inbound,23,Q2_NW,2,2,33,40.0,0.825,4.497
train,with_mine,mine best intruder 1200,best,70,1,expander,attack,neutral,Q3_NE,0.458716,1.551295,chosen_action,,0.0,0.18,0.013205,0.079276,0.267431,0.0,1.551295,pressured,concentrated_inbound,23,Q2_NW,2,2,33,40.0,0.825,4.497
train,with_mine,mine best intruder 1200,intruder,70,0,expander,attack,enemy,Q2_NW,0.47762,3.311724,chosen_action,,0.0,0.0,0.0,0.405402,0.250933,0.0,3.311724,chasing_leader,leader_target,,,0,0,0,0.0,0.0,0.0
train,with_mine,mine best intruder 1200,best,80,1,expander,attack,enemy,Q0_SE,0.900914,3.84113,chosen_action,,0.0,0.098282,0.0,0.481053,0.286373,0.333333,3.84113,chasing_leader,leader_target,,,0,0,0,0.0,0.0,0.0
train,with_mine,mine best intruder 1200,best,80,1,feeder,attack,neutral,Q1_SW,0.902105,1.479258,chosen_action,,0.0,0.0,0.10657,0.086448,0.20132,0.0,1.479258,neutral,neutral,,,0,0,0,0.0,0.0,0.0
train,with_mine,mine best intruder 1200,intruder,80,0,feeder,attack,enemy,Q2_NW,0.292978,2.512286,chosen_action,,0.0,0.16176,0.0,0.215414,0.292809,0.0,2.512286,pressured,concentrated_inbound,8,Q0_SE,2,2,47,47.0,1.0,3.773
train,with_mine,mine best intruder 1200,best,100,1,expander,established,friendly,Q2_NW,1.0,1.587674,chosen_action,,0.0,0.0,0.0,0.123904,0.21504,0.0,1.587674,neutral,neutral,,,0,0,0,0.0,0.0,0.0
train,with_mine,mine best intruder 1200,best,100,1,feeder,established,friendly,Q3_NE,0.851648,1.42906,chosen_action,,0.0,0.027288,0.048312,0.083815,0.168818,0.0,1.42906,neutral,neutral,,,0,0,0,0.0,0.0,0.0
train,with_mine,mine best intruder 1200,intruder,110,0,attacker,attack,enemy,Q2_NW,0.389073,2.488745,chosen_action,,0.0,0.02611,0.0,0.210198,0.284644,0.0,2.488745,pressured,concentrated_inbound,28,Q3_NE,3,3,156,71.0,2.1972,0.0
train,with_mine,mine best intruder 1200,intruder,110,0,expander,established,friendly,Q2_NW,0.303902,1.804242,chosen_action,,0.0,0.0,0.0,0.166506,0.299724,0.0,1.804242,pressured,concentrated_inbound,28,Q3_NE,3,3,156,71.0,2.1972,0.0
train,with_mine,mine best intruder 1200,intruder,110,0,expander,established,friendly,Q3_NE,0.30868,1.84172,chosen_action,,0.0,0.0,0.0,0.177467,0.308,0.0,1.84172,pressured,concentrated_inbound,28,Q3_NE,3,3,156,71.0,2.1972,0.0
train,with_mine,mine best intruder 1200,best,120,1,expander,attack,friendly,Q2_NW,1.0,1.761374,chosen_action,,0.0,0.0,0.0,0.160527,0.2786,0.0,1.761374,pressured,concentrated_inbound,22,Q3_NE,2,2,71,15.0,4.7333,0.797
train,with_mine,mine best intruder 1200,best,120,1,expander,attack,friendly,Q1_SW,1.0,1.569309,chosen_action,,0.0,0.0,0.0,0.120032,0.20832,0.0,1.569309,pressured,concentrated_inbound,22,Q3_NE,2,2,71,15.0,4.7333,0.797
train,with_mine,mine best intruder 1200,best,120,1,attacker,attack,enemy,Q0_SE,0.941267,2.585378,chosen_action,,0.0,0.18,0.085547,0.228502,0.323684,0.0,2.585378,pressured,concentrated_inbound,22,Q3_NE,2,2,71,15.0,4.7333,0.797
train,with_mine,mine best intruder 1200,intruder,120,0,expander,attack,friendly,Q3_NE,0.316722,1.914124,chosen_action,,0.0,0.0,0.0,0.258035,0.2184,0.0,1.914124,pressured,concentrated_inbound,3,Q2_NW,2,2,81,8.0,10.125,0.669
train,with_mine,mine best intruder 1200,best,130,1,attacker,attack,enemy,Q0_SE,1.0,2.845489,chosen_action,,0.0,0.0,0.0,0.308936,0.373364,0.0,2.845489,cash_in,cash_in,,,0,0,0,0.0,0.0,0.0
train,with_mine,mine best intruder 1200,intruder,130,0,expander,attack,unknown,unknown,0.11459,1.0,chosen_action,,0.0,0.18,0.06705,0.0,0.0,0.0,1.0,neutral,neutral,,,0,0,0,0.0,0.0,0.0
train,with_mine,mine best intruder 1200,intruder,130,0,expander,attack,friendly,Q0_SE,0.267414,1.537541,chosen_action,,0.0,0.0,0.009606,0.116853,0.19044,0.0,1.537541,neutral,neutral,,,0,0,0,0.0,0.0,0.0
train,with_mine,mine best intruder 1200,intruder,140,0,expander,established,friendly,Q0_SE,0.346651,2.148514,chosen_action,,0.0,0.0,0.0,0.324198,0.2744,0.0,2.148514,neutral,neutral,,,0,0,0,0.0,0.0,0.0
train,with_mine,mine best intruder 1200,intruder,140,0,expander,established,neutral,Q3_NE,0.306035,2.12579,chosen_action,,0.0,0.18,0.016944,0.234067,0.4178,0.0,2.12579,cash_in,cash_in,,,0,0,0,0.0,0.0,0.0
train,with_mine,mine best intruder 1200,best,150,1,expander,attack,neutral,Q3_NE,0.415588,1.418229,chosen_action,,0.0,0.18,0.039079,0.054832,0.21232,0.0,1.418229,pressured,concentrated_inbound,16,Q0_SE,2,2,106,91.0,1.1648,4.121
train,with_mine,mine best intruder 1200,best,160,1,feeder,established,neutral,Q2_NW,0.592019,1.401657,chosen_action,,0.0,0.18,0.0005,0.051752,0.20552,0.0,1.401657,neutral,neutral,,,0,0,0,0.0,0.0,0.0
train,with_mine,mine best intruder 1200,best,160,1,expander,established,friendly,Q1_SW,1.0,1.587674,chosen_action,,0.0,0.0,0.0,0.123904,0.21504,0.0,1.587674,neutral,neutral,,,0,0,0,0.0,0.0,0.0
train,with_mine,mine best intruder 1200,intruder,160,0,expander,attack,friendly,Q3_NE,0.307744,1.843806,chosen_action,,0.0,0.0,0.0,0.238186,0.2016,0.0,1.843806,neutral,neutral,,,0,0,0,0.0,0.0,0.0
train,with_mine,mine best intruder 1200,best,170,1,expander,attack,enemy,Q3_NE,1.0,2.589896,chosen_action,,0.0,0.161482,0.0,0.258107,0.2744,0.0,2.589896,chasing_leader,leader_target,,,0,0,0,0.0,0.0,0.0
train,with_mine,mine best intruder 1200,best,170,1,expander,established,friendly,Q3_NE,0.895636,1.558434,chosen_action,,0.0,0.176937,0.0,0.094216,0.24616,0.0,1.558434,neutral,neutral,,,0,0,0,0.0,0.0,0.0
train,with_mine,mine best intruder 1200,best,170,1,expander,established,friendly,Q2_NW,0.6635,1.9565,chosen_action,,0.0,0.18,0.0,0.201667,0.35,0.0,1.9565,cash_in,cash_in,,,0,0,0,0.0,0.0,0.0
train,with_mine,mine best intruder 1200,intruder,170,0,feeder,attack,neutral,Q3_NE,0.114429,1.499599,chosen_action,,0.0,0.18,0.051729,0.091924,0.206653,0.0,1.499599,neutral,neutral,,,0,0,0,0.0,0.0,0.0
train,with_mine,mine best intruder 1200,intruder,170,0,attacker,attack,friendly,Q3_NE,0.318427,1.927433,chosen_action,,0.0,0.0,0.0,0.261525,0.222053,0.0,1.927433,neutral,neutral,,,0,0,0,0.0,0.0,0.0
train,with_mine,mine best intruder 1200,intruder,170,0,anchor,attack,friendly,Q0_SE,0.262912,1.600826,chosen_action,,0.0,0.0,0.031842,0.134717,0.20556,0.0,1.600826,neutral,neutral,,,0,0,0,0.0,0.0,0.0
train,with_mine,mine best intruder 1200,best,180,1,expander,established,friendly,Q0_SE,1.0,1.749896,chosen_action,,0.0,0.0,0.0,0.158107,0.2744,0.0,1.749896,neutral,neutral,,,0,0,0,0.0,0.0,0.0
train,with_mine,mine best intruder 1200,best,180,1,attacker,established,neutral,Q3_NE,1.0,1.401657,chosen_action,,0.0,0.0,0.0,0.051752,0.20552,0.0,1.401657,neutral,neutral,,,0,0,0,0.0,0.0,0.0
train,with_mine,mine best intruder 1200,best,180,1,expander,attack,enemy,Q0_SE,0.983209,2.248455,chosen_action,,0.0,0.18,0.0,0.162595,0.19128,0.0,2.248455,chasing_leader,leader_target,,,0,0,0,0.0,0.0,0.0
train,with_mine,mine best intruder smith,smith,20,0,anchor,expansion,neutral,Q2_NW,0.244359,2.594836,chosen_action,,0.0,0.18,0.292181,0.225808,0.33548,0.666667,2.594836,neutral,neutral,,,0,0,0,0.0,0.0,0.0
train,with_mine,mine best intruder smith,mine,40,0,attacker,attack,enemy,Q1_SW,0.446838,3.033074,chosen_action,,0.0,0.0,0.068083,0.36444,0.117347,0.0,3.033074,chasing_leader,leader_target,,,0,0,0,0.0,0.0,0.0
train,with_mine,mine best intruder smith,mine,40,0,anchor,attack,enemy,Q3_NE,0.286272,3.246902,chosen_action,,0.0,0.18,0.371006,0.455673,0.335769,0.333333,3.246902,chasing_leader,leader_target,,,0,0,0,0.0,0.0,0.0
train,with_mine,mine best intruder smith,intruder,50,0,sweeper,attack,neutral,Q0_SE,0.360216,2.926552,chosen_action,,0.0,0.026079,0.259242,0.389798,0.51188,0.333333,2.926552,pressured,concentrated_inbound,19,Q0_SE,2,2,44,42.0,1.0476,2.791
train,with_mine,mine best intruder smith,best,60,1,sweeper,attack,neutral,Q1_SW,0.487874,1.653581,chosen_action,,0.0,0.18,0.057649,0.081068,0.340013,0.0,1.653581,neutral,neutral,,,0,0,0,0.0,0.0,0.0
train,with_mine,mine best intruder smith,best,70,1,expander,attack,friendly,Q3_NE,1.0,1.881349,chosen_action,,0.0,0.0,0.0,0.162299,0.36432,0.0,1.881349,cash_in,cash_in,,,0,0,0,0.0,0.0,0.0
train,with_mine,mine best intruder smith,intruder,70,0,expander,attack,enemy,Q1_SW,0.441772,3.222185,chosen_action,,0.0,0.097713,0.11999,0.382286,0.225702,0.0,3.222185,chasing_leader,leader_target,,,0,0,0,0.0,0.0,0.0
train,with_mine,mine best intruder smith,smith,70,0,expander,attack,enemy,Q3_NE,0.361436,3.408857,chosen_action,,0.0,0.18,0.218481,0.435794,0.268853,0.0,3.408857,pressured,concentrated_inbound,8,Q0_SE,2,2,36,78.0,0.4615,0.159
train,with_mine,mine best intruder smith,smith,80,0,expander,expansion,enemy,Q0_SE,0.105976,1.579731,chosen_action,,0.0,0.163731,0.4,0.128762,0.20052,0.0,1.579731,neutral,neutral,,,0,0,0,0.0,0.0,0.0
train,with_mine,mine best intruder 1039,best,10,1,anchor,initiation,neutral,Q1_SW,0.155432,1.807816,chosen_action,,0.95,0.0,0.0,0.113863,0.39596,0.0,1.807816,neutral,neutral,,,0,0,0,0.0,0.0,0.0
train,with_mine,mine best intruder 1039,best,20,1,feeder,attack,neutral,Q3_NE,0.190296,2.007469,chosen_action,,0.0,0.18,0.240459,0.178721,0.428547,0.0,2.007469,neutral,neutral,,,0,0,0,0.0,0.0,0.0
train,with_mine,mine best intruder 1039,1039,40,0,attacker,attack,neutral,Q1_SW,0.393138,2.997731,chosen_action,,0.0,0.18,0.115417,0.373775,0.593089,0.333333,2.997731,cash_in,cash_in,,,0,0,0,0.0,0.0,0.0
train,with_mine,mine best intruder 1039,mine,70,0,attacker,attack,neutral,Q1_SW,0.2792,2.301302,chosen_action,,0.0,0.18,0.264925,0.266122,0.490822,0.0,2.301302,cash_in,cash_in,,,0,0,0,0.0,0.0,0.0
train,with_mine,mine best intruder 1039,best,70,1,expander,attack,friendly,Q2_NW,0.123364,1.564556,chosen_action,,0.95,0.0,0.0,0.095507,0.2484,0.0,1.564556,neutral,neutral,,,0,0,0,0.0,0.0,0.0
train,with_mine,mine best intruder 1039,best,80,1,expander,attack,enemy,Q3_NE,0.906728,1.743068,chosen_action,,0.0,0.18,0.009756,0.129602,0.320018,0.0,1.743068,neutral,neutral,,,0,0,0,0.0,0.0,0.0
train,with_mine,mine best intruder 1039,best,90,1,expander,attack,enemy,Q0_SE,0.90296,1.641941,chosen_action,,0.0,0.18,0.000444,0.10943,0.280969,0.0,1.641941,neutral,neutral,,,0,0,0,0.0,0.0,0.0
train,with_mine,mine best intruder 1039,intruder,90,0,attacker,attack,unknown,unknown,0.048,1.0,chosen_action,,0.0,0.18,0.4,0.0,0.0,0.0,1.0,neutral,neutral,,,0,0,0,0.0,0.0,0.0
train,with_mine,mine best intruder 1039,intruder,90,0,feeder,attack,friendly,Q3_NE,0.292128,1.906706,chosen_action,,0.0,0.0,0.1,0.221059,0.27864,0.0,1.906706,neutral,neutral,,,0,0,0,0.0,0.0,0.0
train,with_mine,mine best intruder 1039,best,100,1,expander,established,neutral,Q0_SE,0.846215,1.990728,chosen_action,,0.0,0.18,0.102897,0.149253,0.468533,0.0,1.990728,cash_in,cash_in,,,0,0,0,0.0,0.0,0.0
train,with_mine,mine best intruder 1039,best,100,1,expander,attack,enemy,Q3_NE,0.979163,2.455059,chosen_action,,0.0,0.18,0.030722,0.206155,0.26688,0.0,2.455059,chasing_leader,leader_target,,,0,0,0,0.0,0.0,0.0
train,with_mine,mine best intruder 1039,intruder,100,0,attacker,attack,enemy,Q0_SE,0.278977,1.877219,chosen_action,,0.0,0.025141,0.144722,0.200663,0.293058,0.0,1.877219,neutral,neutral,,,0,0,0,0.0,0.0,0.0
train,with_mine,mine best intruder 1039,intruder,100,0,feeder,attack,friendly,Q3_NE,0.291859,1.870373,chosen_action,,0.0,0.0,0.1,0.209561,0.272169,0.0,1.870373,neutral,neutral,,,0,0,0,0.0,0.0,0.0
train,with_mine,mine best intruder 1039,intruder,100,0,anchor,attack,friendly,Q3_NE,0.111859,1.870373,chosen_action,,0.95,0.0,0.1,0.209561,0.272169,0.0,1.870373,neutral,neutral,,,0,0,0,0.0,0.0,0.0
train,with_mine,mine best intruder 1039,mine,110,0,expander,expansion,neutral,Q0_SE,0.334857,2.220925,chosen_action,,0.0,0.0,0.094282,0.234911,0.486769,0.0,2.220925,pressured,concentrated_inbound,24,Q0_SE,4,4,130,30.0,4.3333,8.626
train,with_mine,mine best,best,20,1,expander,expansion,friendly,Q3_NE,1.0,3.342808,chosen_action,,0.0,0.0,0.0,0.442903,0.281364,1.0,3.342808,neutral,neutral,,,0,0,0,0.0,0.0,0.0
train,with_mine,mine best,best,20,1,expander,expansion,neutral,Q0_SE,0.068605,1.528467,chosen_action,,0.95,0.18,0.082605,0.092882,0.226333,0.0,1.528467,neutral,neutral,,,0,0,0,0.0,0.0,0.0
train,with_mine,mine best,mine,30,0,expander,expansion,neutral,Q0_SE,0.334036,2.136087,chosen_action,,0.0,0.068906,0.0,0.183075,0.51608,0.0,2.136087,cash_in,cash_in,,,0,0,0,0.0,0.0,0.0
train,with_mine,mine best,mine,30,0,expander,expansion,neutral,Q0_SE,0.330011,2.136087,chosen_action,,0.0,0.066828,0.022203,0.183075,0.51608,0.0,2.136087,cash_in,cash_in,,,0,0,0,0.0,0.0,0.0
train,with_mine,mine best,mine,30,0,expander,expansion,enemy,Q3_NE,0.299751,2.153571,chosen_action,,0.0,0.18,0.074109,0.161835,0.122347,0.0,2.153571,chasing_leader,leader_target,,,0,0,0,0.0,0.0,0.0
train,with_mine,mine best,best,30,1,expander,expansion,neutral,Q0_SE,0.077913,1.600279,chosen_action,,0.95,0.18,0.109792,0.106229,0.2558,0.0,1.600279,neutral,neutral,,,0,0,0,0.0,0.0,0.0
train,with_mine,mine best,best,30,1,expander,expansion,friendly,Q2_NW,1.0,3.280056,chosen_action,,0.0,0.0,0.0,0.403663,0.30464,1.0,3.280056,neutral,neutral,,,0,0,0,0.0,0.0,0.0
train,with_mine,mine best,best,40,1,expander,expansion,friendly,Q2_NW,0.276833,3.283993,chosen_action,,0.95,0.087114,0.094386,0.384986,0.34076,1.0,3.283993,neutral,neutral,,,0,0,0,0.0,0.0,0.0
train,with_mine,mine best,best,50,1,expander,expansion,friendly,Q2_NW,0.963796,1.853198,chosen_action,,0.0,0.011463,0.04063,0.179887,0.3122,0.0,1.853198,neutral,neutral,,,0,0,0,0.0,0.0,0.0
train,with_mine,mine best,best,50,1,expander,expansion,friendly,Q3_NE,1.0,1.818764,chosen_action,,0.0,0.0,0.0,0.172627,0.2996,0.0,1.818764,neutral,neutral,,,0,0,0,0.0,0.0,0.0
train,with_mine,mine best,mine,60,0,expander,attack,friendly,Q0_SE,0.505233,3.547252,chosen_action,,0.0,0.0,0.0,0.458745,0.40464,1.0,3.547252,cash_in,cash_in,,,0,0,0,0.0,0.0,0.0
train,with_mine,mine best,best,70,1,expander,expansion,neutral,Q2_NW,0.852966,1.695332,chosen_action,,0.0,0.18,0.057942,0.090147,0.3548,0.0,1.695332,cash_in,cash_in,,,0,0,0,0.0,0.0,0.0
train,with_mine,mine best,mine,80,0,expander,attack,enemy,Q2_NW,0.44216,3.442354,chosen_action,,0.0,0.080047,0.280106,0.406158,0.346351,0.0,3.442354,chasing_leader,leader_target,,,0,0,0,0.0,0.0,0.0
train,with_mine,mine best,best,80,1,expander,expansion,enemy,Q2_NW,1.0,2.667946,chosen_action,,0.0,0.0,0.0,0.274563,0.30296,0.0,2.667946,chasing_leader,leader_target,,,0,0,0,0.0,0.0,0.0
train,with_mine,mine best,best,80,1,expander,expansion,enemy,Q0_SE,0.9274,2.277672,chosen_action,,0.0,0.0,0.239135,0.191036,0.16236,0.0,2.277672,chasing_leader,leader_target,,,0,0,0,0.0,0.0,0.0
train,with_mine,mine best,best,80,1,expander,expansion,friendly,Q2_NW,0.806944,1.348931,chosen_action,,0.0,0.016799,0.115678,0.073568,0.12768,0.0,1.348931,neutral,neutral,,,0,0,0,0.0,0.0,0.0
train,with_mine,mine best,best,80,1,expander,expansion,friendly,Q2_NW,0.618377,1.142327,chosen_action,,0.0,0.0,0.4,0.030008,0.05208,0.0,1.142327,neutral,neutral,,,0,0,0,0.0,0.0,0.0
train,with_mine,mine best,mine,90,0,expander,attack,enemy,Q0_SE,0.590576,4.058401,chosen_action,,0.0,0.0,0.0,0.693867,0.2912,0.0,4.058401,pressured,concentrated_inbound,32,Q0_SE,2,2,107,12.0,8.9167,4.795
train,with_mine,mine best,mine,90,0,attacker,attack,friendly,Q0_SE,0.237285,2.195007,chosen_action,,0.0,0.18,0.4,0.302439,0.34752,0.0,2.195007,pressured,concentrated_inbound,32,Q0_SE,2,2,107,12.0,8.9167,4.795
train,with_mine,mine best,mine,100,0,expander,attack,enemy,Q1_SW,0.553767,3.980641,chosen_action,,0.0,0.138614,0.0,0.629787,0.34752,0.0,3.980641,overtake_window,overtake_window,,,0,0,0,0.0,0.0,0.0
train,with_mine,mine best,mine,100,0,expander,attack,friendly,Q0_SE,0.345191,2.334627,chosen_action,,0.0,0.019252,0.0,0.336525,0.390347,0.0,2.334627,cash_in,cash_in,,,0,0,0,0.0,0.0,0.0
train,with_mine,mine best,mine,100,0,expander,attack,friendly,Q0_SE,0.37122,2.334627,chosen_action,,0.0,0.0,0.0,0.336525,0.390347,0.0,2.334627,cash_in,cash_in,,,0,0,0,0.0,0.0,0.0
train,with_mine,mine best,mine,100,0,feeder,attack,friendly,Q0_SE,0.344246,2.267826,chosen_action,,0.0,0.007116,0.0,0.317668,0.374387,0.0,2.267826,cash_in,cash_in,,,0,0,0,0.0,0.0,0.0
train,with_mine,mine best,best,100,1,expander,attack,enemy,Q0_SE,1.0,2.730531,chosen_action,,0.0,0.18,0.016375,0.264235,0.36768,0.0,2.730531,pressured,concentrated_inbound,15,Q1_SW,2,2,113,30.0,3.7667,1.438
train,with_mine,mine best,best,100,1,expander,established,friendly,Q2_NW,0.916824,1.749896,chosen_action,,0.0,0.18,0.0,0.158107,0.2744,0.0,1.749896,pressured,concentrated_inbound,15,Q1_SW,2,2,113,30.0,3.7667,1.438
train,with_mine,mine best,mine,110,0,expander,attack,enemy,Q1_SW,0.583352,3.994652,chosen_action,,0.0,0.0,0.0,0.630078,0.357382,0.0,3.994652,overtake_window,overtake_window,,,0,0,0,0.0,0.0,0.0
train,with_mine,mine best,mine,110,0,feeder,attack,friendly,Q0_SE,0.40493,2.82336,chosen_action,,0.0,0.0,0.146664,0.442613,0.563769,0.0,2.82336,cash_in,cash_in,,,0,0,0,0.0,0.0,0.0
train,with_mine,mine best,best,110,1,expander,attack,enemy,Q0_SE,1.0,2.833833,chosen_action,,0.0,0.055257,0.017301,0.286015,0.40548,0.0,2.833833,cash_in,cash_in,,,0,0,0,0.0,0.0,0.0
train,with_mine,mine best,best,110,1,expander,established,friendly,Q2_NW,0.096824,1.749896,chosen_action,,0.95,0.18,0.027582,0.158107,0.2744,0.0,1.749896,neutral,neutral,,,0,0,0,0.0,0.0,0.0
train,with_mine,mine best,mine,120,0,feeder,attack,enemy,Q0_SE,0.661157,4.594927,chosen_action,,0.0,0.0,0.0,0.741642,0.603693,0.0,4.594927,overtake_window,overtake_window,,,0,0,0,0.0,0.0,0.0
train,with_mine,mine best,mine,120,0,sweeper,attack,enemy,Q1_SW,0.626883,4.331214,chosen_action,,0.0,0.0,0.0,0.697257,0.487258,0.0,4.331214,overtake_window,overtake_window,,,0,0,0,0.0,0.0,0.0
train,with_mine,mine best intruder 1200,mine,40,0,expander,initiation,neutral,Q1_SW,0.371056,2.867998,chosen_action,,0.0,0.0,0.293063,0.303242,0.40016,0.666667,2.867998,cash_in,cash_in,,,0,0,0,0.0,0.0,0.0
train,with_mine,mine best intruder 1200,mine,80,0,anchor,attack,friendly,Q1_SW,0.295252,1.860994,chosen_action,,0.0,0.002278,0.0,0.204427,0.274347,0.0,1.860994,neutral,neutral,,,0,0,0,0.0,0.0,0.0
train,with_mine,mine best intruder 1200,intruder,80,1,expander,expansion,neutral,Q0_SE,0.740317,1.410839,chosen_action,,0.0,0.18,0.133388,0.053688,0.20888,0.0,1.410839,neutral,neutral,,,0,0,0,0.0,0.0,0.0
train,with_mine,mine best intruder 1200,1200,80,0,anchor,attack,neutral,Q0_SE,0.269337,2.695176,chosen_action,,0.0,0.18,0.200747,0.293536,0.511622,0.333333,2.695176,cash_in,cash_in,,,0,0,0,0.0,0.0,0.0
train,with_mine,mine best intruder 1200,intruder,90,1,anchor,expansion,neutral,Q0_SE,0.801628,1.417726,chosen_action,,0.0,0.0,0.209549,0.05514,0.2114,0.0,1.417726,neutral,neutral,,,0,0,0,0.0,0.0,0.0
train,with_mine,mine best intruder 1200,best,110,0,expander,attack,neutral,Q1_SW,0.107377,1.486289,chosen_action,,0.0,0.154712,0.343752,0.088433,0.203,0.0,1.486289,neutral,neutral,,,0,0,0,0.0,0.0,0.0
train,with_mine,mine best intruder 1200,intruder,110,1,expander,attack,friendly,Q1_SW,0.928024,1.181449,chosen_action,,0.0,0.0,0.095422,0.037336,0.068031,0.0,1.181449,neutral,neutral,,,0,0,0,0.0,0.0,0.0
train,with_mine,mine best intruder 1200,best,120,0,expander,attack,neutral,Q1_SW,0.207343,1.486289,chosen_action,,0.0,0.18,0.098634,0.088433,0.203,0.0,1.486289,neutral,neutral,,,0,0,0,0.0,0.0,0.0
train,with_mine,mine best intruder 1200,best,130,0,expander,attack,neutral,Q3_NE,0.375779,2.495162,chosen_action,,0.0,0.086647,0.0,0.312322,0.552289,0.0,2.495162,cash_in,cash_in,,,0,0,0,0.0,0.0,0.0
train,with_mine,mine best intruder 1200,best,130,0,feeder,attack,friendly,Q2_NW,0.164976,1.221499,chosen_action,,0.0,0.0,0.290231,0.062524,0.05292,0.0,1.221499,neutral,neutral,,,0,0,0,0.0,0.0,0.0
train,with_mine,mine best intruder 1200,best,130,0,anchor,attack,neutral,Q2_NW,0.161751,1.746463,chosen_action,,0.0,0.095747,0.296954,0.161874,0.26516,0.0,1.746463,neutral,neutral,,,0,0,0,0.0,0.0,0.0
train,with_mine,mine best intruder 1200,intruder,130,1,anchor,attack,friendly,Q1_SW,0.654357,1.589953,chosen_action,,0.0,0.131358,0.010956,0.099481,0.260147,0.0,1.589953,neutral,neutral,,,0,0,0,0.0,0.0,0.0
train,with_mine,mine best intruder 1200,1200,130,0,anchor,attack,neutral,Q3_NE,0.293486,2.41046,chosen_action,,0.0,0.082552,0.107833,0.296579,0.517533,0.0,2.41046,cash_in,cash_in,,,0,0,0,0.0,0.0,0.0
train,with_mine,mine best intruder 1200,best,140,0,expander,attack,enemy,Q0_SE,0.613612,4.694645,chosen_action,,0.0,0.18,0.115783,0.825894,0.527778,0.0,4.694645,overtake_window,overtake_window,,,0,0,0,0.0,0.0,0.0
train,with_mine,mine best intruder 1200,best,140,0,expander,attack,neutral,Q0_SE,0.184488,2.428707,chosen_action,,0.95,0.18,0.332729,0.30031,0.524418,0.0,2.428707,cash_in,cash_in,,,0,0,0,0.0,0.0,0.0
train,with_mine,mine best intruder 1200,intruder,140,1,expander,attack,enemy,Q3_NE,1.0,1.661736,chosen_action,,0.0,0.0,0.0,0.115996,0.28396,0.0,1.661736,neutral,neutral,,,0,0,0,0.0,0.0,0.0
train,with_mine,mine best intruder 1200,intruder,140,1,expander,attack,enemy,Q1_SW,1.0,2.26682,chosen_action,,0.0,0.0,0.0,0.166467,0.198,0.0,2.26682,chasing_leader,leader_target,,,0,0,0,0.0,0.0,0.0
train,with_mine,mine best intruder 1200,intruder,140,1,expander,attack,enemy,Q3_NE,0.642301,1.415342,chosen_action,,0.0,0.18,0.231797,0.064047,0.1938,0.0,1.415342,neutral,neutral,,,0,0,0,0.0,0.0,0.0
train,with_mine,mine best intruder 1200,intruder,150,1,expander,established,friendly,Q3_NE,1.0,1.555374,chosen_action,,0.0,0.0,0.0,0.093571,0.24504,0.0,1.555374,neutral,neutral,,,0,0,0,0.0,0.0,0.0
train,with_mine,mine best intruder 1200,intruder,160,1,anchor,attack,friendly,Q3_NE,0.070993,1.546191,chosen_action,,0.95,0.18,0.01697,0.091635,0.24168,0.0,1.546191,neutral,neutral,,,0,0,0,0.0,0.0,0.0
train,with_mine,mine best intruder 1200,intruder,160,1,expander,attack,friendly,Q3_NE,0.936938,1.167579,chosen_action,,0.0,0.0,0.084699,0.035332,0.06132,0.0,1.167579,neutral,neutral,,,0,0,0,0.0,0.0,0.0
train,with_mine,mine best intruder 1200,intruder,160,1,expander,attack,enemy,Q1_SW,0.182178,2.395374,chosen_action,,0.95,0.18,0.021671,0.193571,0.24504,0.0,2.395374,chasing_leader,leader_target,,,0,0,0,0.0,0.0,0.0
train,with_mine,mine best intruder 1200,best,170,0,expander,attack,neutral,Q1_SW,0.076827,1.592586,chosen_action,,0.0,0.18,0.333039,0.109206,0.244809,0.0,1.592586,neutral,neutral,,,0,0,0,0.0,0.0,0.0
train,with_mine,mine best intruder 1200,best,180,0,feeder,attack,enemy,Q1_SW,0.290551,2.996056,chosen_action,,0.0,0.18,0.306948,0.343341,0.127436,0.0,2.996056,chasing_leader,leader_target,,,0,0,0,0.0,0.0,0.0
train,with_mine,mine best intruder 1200,best,190,0,expander,attack,neutral,Q1_SW,0.192148,1.57007,chosen_action,,0.0,0.0,0.4,0.104004,0.237378,0.0,1.57007,neutral,neutral,,,0,0,0,0.0,0.0,0.0
train,with_mine,mine best intruder 1200,best,200,0,expander,attack,neutral,Q2_NW,0.244031,1.75898,chosen_action,,0.0,0.0,0.240766,0.142504,0.308867,0.0,1.75898,neutral,neutral,,,0,0,0,0.0,0.0,0.0
train,with_mine,mine best intruder 1200,intruder,200,1,expander,attack,friendly,Q0_SE,0.23755,1.146918,chosen_action,,0.0,0.18,0.321419,0.030976,0.05376,0.0,1.146918,neutral,neutral,,,0,0,0,0.0,0.0,0.0
train,with_mine,mine best intruder 1200,intruder,210,1,attacker,established,friendly,Q1_SW,0.724942,1.564556,chosen_action,,0.0,0.164948,0.183474,0.095507,0.2484,0.0,1.564556,neutral,neutral,,,0,0,0,0.0,0.0,0.0
train,with_mine,mine best intruder 1200,intruder,240,1,expander,attack,friendly,Q2_NW,0.64542,1.284654,chosen_action,,0.0,0.0,0.391334,0.060016,0.10416,0.0,1.284654,neutral,neutral,,,0,0,0,0.0,0.0,0.0
train,with_mine,mine intruder,mine,20,0,expander,expansion,neutral,Q0_SE,0.379577,2.632074,chosen_action,,0.0,0.152466,0.0,0.376978,0.53876,0.0,2.632074,cash_in,cash_in,,,0,0,0,0.0,0.0,0.0
train,with_mine,mine intruder,intruder,20,1,expander,expansion,neutral,Q3_NE,0.977013,2.207275,chosen_action,,0.0,0.18,0.0,0.197854,0.542538,0.0,2.207275,cash_in,cash_in,,,0,0,0,0.0,0.0,0.0
train,with_mine,mine intruder,intruder,30,1,expander,attack,friendly,Q1_SW,0.651759,1.472476,chosen_action,,0.0,0.10407,0.025184,0.099225,0.173582,0.0,1.472476,neutral,neutral,,,0,0,0,0.0,0.0,0.0
train,with_mine,mine intruder,mine,40,0,expander,expansion,neutral,Q1_SW,0.273452,1.97578,chosen_action,,0.0,0.086251,0.177837,0.191723,0.38196,0.0,1.97578,pressured,concentrated_inbound,12,Q1_SW,2,2,109,46.0,2.3696,5.457
train,with_mine,mine intruder,intruder,40,1,expander,attack,enemy,Q3_NE,1.0,2.66855,chosen_action,,0.0,0.0,0.0,0.251167,0.345,0.0,2.66855,chasing_leader,leader_target,,,0,0,0,0.0,0.0,0.0
train,with_mine,mine intruder,intruder,40,1,anchor,attack,neutral,Q0_SE,0.155373,2.194211,chosen_action,,0.95,0.18,0.032974,0.19273,0.541969,0.0,2.194211,cash_in,cash_in,,,0,0,0,0.0,0.0,0.0
train,with_mine,mine intruder,mine,50,0,expander,expansion,neutral,Q1_SW,0.402722,2.573973,chosen_action,,0.0,0.0,0.0,0.357027,0.531191,0.0,2.573973,cash_in,cash_in,,,0,0,0,0.0,0.0,0.0
train,with_mine,mine intruder,intruder,50,1,expander,established,friendly,Q3_NE,0.091697,1.447642,chosen_action,,0.95,0.0,0.0,0.09438,0.1638,0.0,1.447642,pressured,concentrated_inbound,10,Q3_NE,2,2,43,78.0,0.5513,0.986
train,with_mine,mine intruder,intruder,50,1,expander,established,friendly,Q3_NE,1.0,1.530887,chosen_action,,0.0,0.0,0.0,0.088408,0.23608,0.0,1.530887,pressured,concentrated_inbound,10,Q3_NE,2,2,43,78.0,0.5513,0.986
train,with_mine,mine intruder,mine,60,0,feeder,attack,friendly,Q1_SW,0.359192,2.34659,chosen_action,,0.0,0.0,0.0,0.335019,0.401884,0.0,2.34659,cash_in,cash_in,,,0,0,0,0.0,0.0,0.0
train,with_mine,mine intruder,intruder,60,1,expander,attack,enemy,Q1_SW,0.835227,2.70528,chosen_action,,0.0,0.0,0.386966,0.258911,0.35844,0.0,2.70528,pressured,concentrated_inbound,10,Q3_NE,2,3,81,102.0,0.7941,6.474
train,with_mine,mine intruder,intruder,60,1,expander,established,neutral,Q0_SE,0.299973,1.531483,chosen_action,,0.0,0.18,0.069377,0.075766,0.258996,0.0,1.531483,pressured,concentrated_inbound,10,Q3_NE,2,3,81,102.0,0.7941,6.474
train,with_mine,mine intruder,intruder,60,1,feeder,attack,enemy,Q1_SW,0.189687,2.453529,chosen_action,,0.95,0.18,0.246194,0.205832,0.26632,0.0,2.453529,pressured,concentrated_inbound,10,Q3_NE,2,3,81,102.0,0.7941,6.474
train,with_mine,mine intruder,mine,70,0,expander,attack,friendly,Q0_SE,0.117322,1.658252,chosen_action,,0.0,0.18,0.377131,0.150927,0.21928,0.0,1.658252,neutral,neutral,,,0,0,0,0.0,0.0,0.0
train,with_mine,mine intruder,mine,70,0,expander,attack,enemy,Q1_SW,0.416386,3.544964,chosen_action,,0.0,0.18,0.031762,0.462825,0.321618,0.0,3.544964,chasing_leader,leader_target,,,0,0,0,0.0,0.0,0.0
train,with_mine,mine intruder,mine,70,0,expander,attack,enemy,Q1_SW,0.608126,4.185431,chosen_action,,0.0,0.0,0.0,0.663221,0.439778,0.0,4.185431,overtake_window,overtake_window,,,0,0,0,0.0,0.0,0.0
train,with_mine,mine intruder,intruder,70,1,feeder,established,neutral,Q0_SE,0.108681,1.4164,chosen_action,,0.0,0.18,0.245751,0.054377,0.211773,0.0,1.4164,pressured,concentrated_inbound,18,Q0_SE,2,3,48,27.0,1.7778,6.306
train,with_mine,mine intruder,intruder,70,1,expander,established,friendly,Q1_SW,0.610416,1.140032,chosen_action,,0.0,0.097012,0.030652,0.029524,0.05124,0.0,1.140032,pressured,concentrated_inbound,18,Q0_SE,2,3,48,27.0,1.7778,6.306
train,with_mine,mine best,mine,0,0,expander,initiation,neutral,Q0_SE,0.285838,1.922596,chosen_action,,0.0,0.09548,0.076587,0.138063,0.43796,0.0,1.922596,neutral,neutral,,,0,0,0,0.0,0.0,0.0
train,with_mine,mine best,best,0,1,expander,initiation,neutral,Q2_NW,0.948184,1.922596,chosen_action,,0.0,0.09548,0.076587,0.138063,0.43796,0.0,1.922596,neutral,neutral,,,0,0,0,0.0,0.0,0.0
train,with_mine,mine best,mine,10,0,expander,expansion,neutral,Q1_SW,0.249592,1.922596,chosen_action,,0.0,0.18,0.173299,0.138063,0.43796,0.0,1.922596,neutral,neutral,,,0,0,0,0.0,0.0,0.0
train,with_mine,mine best,best,30,1,expander,established,friendly,Q2_NW,0.632453,1.426982,chosen_action,,0.0,0.127609,0.015069,0.090024,0.15624,0.0,1.426982,neutral,neutral,,,0,0,0,0.0,0.0,0.0
train,with_mine,mine best,mine,40,0,attacker,attack,friendly,Q0_SE,0.273029,1.692624,chosen_action,,0.0,0.004683,0.072369,0.195511,0.16548,0.0,1.692624,neutral,neutral,,,0,0,0,0.0,0.0,0.0
train,with_mine,mine best,best,40,1,expander,attack,enemy,Q0_SE,0.781422,2.760036,chosen_action,,0.0,0.18,0.26795,0.264958,0.388249,0.0,2.760036,cash_in,cash_in,,,0,0,0,0.0,0.0,0.0
train,with_mine,mine best,best,50,1,expander,attack,friendly,Q2_NW,0.852407,1.298428,chosen_action,,0.0,0.110083,0.076042,0.06292,0.1092,0.0,1.298428,neutral,neutral,,,0,0,0,0.0,0.0,0.0
train,with_mine,mine best,best,50,1,expander,attack,friendly,Q3_NE,0.792142,1.392548,chosen_action,,0.0,0.170564,0.087978,0.082764,0.14364,0.0,1.392548,neutral,neutral,,,0,0,0,0.0,0.0,0.0
train,with_mine,mine best,best,50,1,expander,attack,neutral,Q2_NW,1.0,1.424613,chosen_action,,0.0,0.0,0.0,0.056592,0.21392,0.0,1.424613,neutral,neutral,,,0,0,0,0.0,0.0,0.0
train,with_mine,mine best,best,50,1,expander,attack,friendly,Q1_SW,1.0,1.555239,chosen_action,,0.0,0.000504,0.004524,0.115524,0.205911,0.0,1.555239,neutral,neutral,,,0,0,0,0.0,0.0,0.0
train,with_mine,mine best,mine,70,0,expander,attack,friendly,Q0_SE,0.334413,2.266496,chosen_action,,0.0,0.022377,0.0,0.322619,0.3646,0.0,2.266496,cash_in,cash_in,,,0,0,0,0.0,0.0,0.0
train,with_mine,mine best,mine,70,0,expander,attack,friendly,Q0_SE,0.263469,1.65395,chosen_action,,0.0,0.009673,0.0,0.184594,0.15624,0.0,1.65395,neutral,neutral,,,0,0,0,0.0,0.0,0.0
train,with_mine,mine best,best,70,1,expander,attack,friendly,Q3_NE,0.814733,1.514214,chosen_action,,0.0,0.15625,0.095411,0.108416,0.18816,0.0,1.514214,neutral,neutral,,,0,0,0,0.0,0.0,0.0
train,with_mine,mine best,mine,80,0,expander,attack,friendly,Q3_NE,0.338211,2.315255,chosen_action,,0.0,0.000504,0.153649,0.316315,0.411924,0.0,2.315255,cash_in,cash_in,,,0,0,0,0.0,0.0,0.0
train,with_mine,mine best,best,80,1,expander,attack,enemy,Q1_SW,0.994493,2.686057,chosen_action,,0.0,0.167453,0.057805,0.252834,0.355004,0.0,2.686057,pressured,concentrated_inbound,15,Q1_SW,2,2,83,6.0,13.8333,0.0
train,with_mine,mine best,mine,90,0,expander,attack,friendly,Q0_SE,0.276207,1.690196,chosen_action,,0.0,0.0,0.059657,0.194382,0.165689,0.0,1.690196,neutral,neutral,,,0,0,0,0.0,0.0,0.0
train,with_mine,mine best,mine,90,0,anchor,attack,friendly,Q0_SE,0.318551,2.002722,chosen_action,,0.0,0.0,0.0,0.247718,0.302369,0.0,2.002722,neutral,neutral,,,0,0,0,0.0,0.0,0.0
train,with_mine,mine best,best,90,1,sweeper,attack,enemy,Q0_SE,1.0,2.546883,chosen_action,,0.0,0.0,0.0,0.225515,0.30048,0.0,2.546883,chasing_leader,leader_target,,,0,0,0,0.0,0.0,0.0
train,with_mine,mine best,mine,100,0,anchor,expansion,enemy,Q0_SE,0.594378,4.080073,chosen_action,,0.0,0.0,0.0,0.648267,0.38832,0.0,4.080073,pressured,concentrated_inbound,4,Q0_SE,2,2,212,48.0,4.4167,4.12
train,with_mine,mine best,mine,100,0,expander,expansion,friendly,Q0_SE,0.307835,2.336629,chosen_action,,0.0,0.131309,0.187318,0.332829,0.3984,0.0,2.336629,pressured,concentrated_inbound,4,Q0_SE,2,2,212,48.0,4.4167,4.12
train,with_mine,mine best,best,110,1,expander,attack,enemy,Q0_SE,1.0,2.721349,chosen_action,,0.0,0.18,0.0,0.262299,0.36432,0.0,2.721349,cash_in,cash_in,,,0,0,0,0.0,0.0,0.0
train,with_mine,mine best intruder smith,mine,10,0,anchor,expansion,neutral,Q3_NE,0.199495,2.509418,chosen_action,,0.0,0.18,0.4,0.221346,0.280138,0.666667,2.509418,neutral,neutral,,,0,0,0,0.0,0.0,0.0
train,with_mine,mine best intruder smith,intruder,10,1,expander,expansion,enemy,Q0_SE,0.645475,1.801023,chosen_action,,0.0,0.18,0.277982,0.167322,0.295889,0.0,1.801023,neutral,neutral,,,0,0,0,0.0,0.0,0.0
train,with_mine,mine best intruder smith,intruder,10,1,anchor,expansion,neutral,Q2_NW,0.156047,1.583633,chosen_action,,0.0,0.18,0.4,0.088556,0.274889,0.0,1.583633,neutral,neutral,,,0,0,0,0.0,0.0,0.0
train,with_mine,mine best intruder smith,best,20,0,anchor,expansion,enemy,Q0_SE,0.069687,1.415353,chosen_action,,0.0,0.18,0.4,0.084651,0.157178,0.0,1.415353,neutral,neutral,,,0,0,0,0.0,0.0,0.0
train,with_mine,mine best intruder smith,intruder,30,1,expander,expansion,neutral,Q0_SE,0.643748,2.249221,chosen_action,,0.0,0.18,0.33228,0.193384,0.359333,0.333333,2.249221,cash_in,cash_in,,,0,0,0,0.0,0.0,0.0
train,with_mine,mine best intruder smith,intruder,30,1,anchor,expansion,enemy,Q1_SW,0.17179,2.375892,chosen_action,,0.95,0.18,0.4,0.249803,0.352862,0.333333,2.375892,cash_in,cash_in,,,0,0,0,0.0,0.0,0.0
train,with_mine,mine best intruder smith,best,40,0,expander,expansion,enemy,Q1_SW,0.344645,2.132776,chosen_action,,0.0,0.0,0.0,0.319578,0.270956,0.0,2.132776,neutral,neutral,,,0,0,0,0.0,0.0,0.0
train,with_mine,mine best intruder smith,best,40,0,expander,expansion,neutral,Q3_NE,0.197954,2.534098,chosen_action,,0.95,0.18,0.333863,0.329615,0.550387,0.0,2.534098,cash_in,cash_in,,,0,0,0,0.0,0.0,0.0
train,with_mine,mine best intruder smith,intruder,40,1,expander,expansion,friendly,Q0_SE,0.238306,1.761374,chosen_action,,0.0,0.18,0.4,0.160527,0.2786,0.0,1.761374,neutral,neutral,,,0,0,0,0.0,0.0,0.0
train,with_mine,mine best intruder smith,intruder,40,1,expander,expansion,neutral,Q1_SW,0.153957,2.182939,chosen_action,,0.95,0.18,0.333863,0.188399,0.54132,0.0,2.182939,cash_in,cash_in,,,0,0,0,0.0,0.0,0.0
train,with_mine,mine best intruder smith,intruder,50,1,expander,expansion,friendly,Q3_NE,1.0,1.789018,chosen_action,,0.0,0.0,0.1,0.165435,0.290351,0.0,1.789018,neutral,neutral,,,0,0,0,0.0,0.0,0.0
train,with_mine,mine best intruder smith,smith,50,0,anchor,expansion,enemy,Q1_SW,0.109025,1.724389,chosen_action,,0.0,0.18,0.4,0.178024,0.220098,0.0,1.724389,neutral,neutral,,,0,0,0,0.0,0.0,0.0
train,with_mine,mine best intruder smith,smith,50,0,expander,expansion,enemy,Q1_SW,0.337551,3.022679,chosen_action,,0.0,0.18,0.4,0.473648,0.434018,0.333333,3.022679,cash_in,cash_in,,,0,0,0,0.0,0.0,0.0
train,with_mine,mine best intruder smith,intruder,60,1,expander,expansion,enemy,Q3_NE,1.0,2.610556,chosen_action,,0.0,0.0,0.0,0.262463,0.28196,0.0,2.610556,chasing_leader,leader_target,,,0,0,0,0.0,0.0,0.0
train,with_mine,mine best intruder smith,smith,60,0,expander,expansion,enemy,Q3_NE,0.438833,3.671113,chosen_action,,0.0,0.18,0.316987,0.395902,0.311813,0.333333,3.671113,chasing_leader,leader_target,,,0,0,0,0.0,0.0,0.0
train,with_mine,mine best intruder smith,best,70,0,anchor,initiation,enemy,Q0_SE,0.220723,2.613789,chosen_action,,0.0,0.18,0.4,0.35577,0.266622,0.0,2.613789,chasing_leader,leader_target,,,0,0,0,0.0,0.0,0.0
train,with_mine,mine best intruder smith,smith,70,0,expander,expansion,enemy,Q1_SW,0.344549,2.317189,chosen_action,,0.0,0.039146,0.057705,0.251974,0.30552,0.333333,2.317189,neutral,neutral,,,0,0,0,0.0,0.0,0.0
train,with_mine,mine best intruder smith,intruder,80,1,expander,expansion,enemy,Q2_NW,0.848344,2.910264,chosen_action,,0.0,0.0,0.4,0.317878,0.405449,0.0,2.910264,cash_in,cash_in,,,0,0,0,0.0,0.0,0.0
train,with_mine,mine best intruder smith,intruder,80,1,expander,expansion,friendly,Q3_NE,0.911231,1.812481,chosen_action,,0.0,0.095085,0.099059,0.147779,0.33912,0.0,1.812481,neutral,neutral,,,0,0,0,0.0,0.0,0.0
train,with_mine,mine best intruder smith,intruder,80,1,expander,expansion,friendly,Q0_SE,0.641792,1.32368,chosen_action,,0.0,0.0,0.4,0.068244,0.11844,0.0,1.32368,neutral,neutral,,,0,0,0,0.0,0.0,0.0
train,with_mine,mine best intruder smith,smith,80,0,expander,expansion,neutral,Q1_SW,0.169873,1.555339,chosen_action,,0.0,0.18,0.330734,0.101266,0.231333,0.0,1.555339,neutral,neutral,,,0,0,0,0.0,0.0,0.0
train,with_mine,mine best intruder smith,smith,80,0,expander,expansion,friendly,Q2_NW,0.194523,1.583633,chosen_action,,0.0,0.0,0.4,0.164745,0.13944,0.0,1.583633,neutral,neutral,,,0,0,0,0.0,0.0,0.0
train,with_mine,mine best intruder smith,smith,90,0,anchor,expansion,friendly,Q2_NW,0.229611,2.225863,chosen_action,,0.0,0.051861,0.4,0.346031,0.29288,0.0,2.225863,neutral,neutral,,,0,0,0,0.0,0.0,0.0
train,with_mine,mine best intruder smith,intruder,100,1,expander,expansion,friendly,Q2_NW,0.508085,1.34818,chosen_action,,0.0,0.136903,0.4,0.071823,0.130227,0.0,1.34818,pressured,concentrated_inbound,26,Q1_SW,3,3,94,55.0,1.7091,3.958
train,with_mine,mine best intruder smith,smith,100,0,expander,expansion,unknown,unknown,0.072259,1.0,chosen_action,,0.0,0.18,0.278706,0.0,0.0,0.0,1.0,neutral,neutral,,,0,0,0,0.0,0.0,0.0
train,with_mine,mine best intruder 1200,1200,20,0,expander,expansion,neutral,Q3_NE,0.286219,1.735122,chosen_action,,0.0,0.045704,0.00343,0.098536,0.36936,0.0,1.735122,neutral,neutral,,,0,0,0,0.0,0.0,0.0
train,with_mine,mine best intruder 1200,1200,80,0,anchor,initiation,neutral,Q1_SW,0.101053,1.782783,chosen_action,,0.95,0.18,0.152468,0.165912,0.284884,0.0,1.782783,neutral,neutral,,,0,0,0,0.0,0.0,0.0
train,with_mine,mine best intruder 1200,1200,80,0,anchor,initiation,neutral,Q3_NE,0.25875,1.470965,chosen_action,,0.0,0.0,0.01211,0.081178,0.204547,0.0,1.470965,neutral,neutral,,,0,0,0,0.0,0.0,0.0
train,with_mine,mine best intruder 1200,intruder,90,1,expander,expansion,enemy,Q3_NE,1.0,2.432905,chosen_action,,0.0,0.029084,0.013963,0.201139,0.259387,0.0,2.432905,chasing_leader,leader_target,,,0,0,0,0.0,0.0,0.0
train,with_mine,mine best intruder 1200,best,120,0,expander,expansion,neutral,Q1_SW,0.18257,1.697882,chosen_action,,0.0,0.18,0.359222,0.131827,0.282591,0.0,1.697882,neutral,neutral,,,0,0,0,0.0,0.0,0.0
train,with_mine,mine best intruder 1200,best,130,0,anchor,initiation,neutral,Q2_NW,0.151928,1.615022,chosen_action,,0.0,0.171996,0.126738,0.116427,0.248591,0.0,1.615022,neutral,neutral,,,0,0,0,0.0,0.0,0.0
train,with_mine,mine best intruder 1200,intruder,150,1,sweeper,expansion,enemy,Q3_NE,0.467649,2.361705,chosen_action,,0.0,0.18,0.190182,0.186472,0.23272,0.0,2.361705,chasing_leader,leader_target,,,0,0,0,0.0,0.0,0.0
train,with_mine,mine best intruder 1200,best,180,0,anchor,initiation,enemy,Q3_NE,0.287054,3.240382,chosen_action,,0.95,0.063224,0.32771,0.416514,0.178333,0.0,3.240382,chasing_leader,leader_target,,,0,0,0,0.0,0.0,0.0
train,with_mine,mine best intruder 1039,mine,0,0,anchor,initiation,neutral,Q0_SE,0.356961,2.231737,chosen_action,,0.0,0.0,0.0,0.203241,0.55108,0.0,2.231737,neutral,neutral,,,0,0,0,0.0,0.0,0.0
train,with_mine,mine best intruder 1039,best,0,0,anchor,initiation,neutral,Q1_SW,0.356961,2.231737,chosen_action,,0.0,0.0,0.0,0.203241,0.55108,0.0,2.231737,neutral,neutral,,,0,0,0,0.0,0.0,0.0
train,with_mine,mine best intruder 1039,intruder,0,1,anchor,initiation,neutral,Q3_NE,1.0,2.231737,chosen_action,,0.0,0.0,0.0,0.203241,0.55108,0.0,2.231737,neutral,neutral,,,0,0,0,0.0,0.0,0.0
train,with_mine,mine best intruder 1039,1039,0,0,anchor,initiation,neutral,Q2_NW,0.356961,2.231737,chosen_action,,0.0,0.0,0.0,0.203241,0.55108,0.0,2.231737,neutral,neutral,,,0,0,0,0.0,0.0,0.0
train,with_mine,mine best intruder 1039,1039,10,0,anchor,attack,neutral,Q1_SW,0.305614,3.085951,chosen_action,,0.0,0.18,0.211555,0.310086,0.327218,1.0,3.085951,neutral,neutral,,,0,0,0,0.0,0.0,0.0
train,with_mine,mine best intruder 1039,mine,20,0,attacker,attack,neutral,Q1_SW,0.342255,2.806776,chosen_action,,0.0,0.0,0.4,0.265778,0.421413,0.666667,2.806776,cash_in,cash_in,,,0,0,0,0.0,0.0,0.0
train,with_mine,mine best intruder 1039,intruder,30,1,attacker,attack,enemy,Q0_SE,0.561366,1.778732,chosen_action,,0.0,0.156242,0.383453,0.138524,0.330573,0.0,1.778732,neutral,neutral,,,0,0,0,0.0,0.0,0.0
train,with_mine,mine best intruder 1039,mine,40,0,anchor,attack,friendly,Q0_SE,0.35149,2.180943,chosen_action,,0.0,0.0,0.0,0.29847,0.34416,0.0,2.180943,pressured,concentrated_inbound,4,Q0_SE,2,2,81,96.0,0.8438,2.821
train,with_mine,mine best intruder 1039,best,40,0,attacker,attack,enemy,Q0_SE,0.506323,3.826986,chosen_action,,0.0,0.18,0.073843,0.491974,0.25648,0.333333,3.826986,pressured,concentrated_inbound,3,Q2_NW,3,5,70,57.0,1.2281,3.79
train,with_mine,mine best intruder 1039,best,40,0,expander,attack,friendly,Q2_NW,0.243406,1.965521,chosen_action,,0.0,0.124866,0.0,0.217865,0.327884,0.0,1.965521,pressured,concentrated_inbound,3,Q2_NW,3,5,70,57.0,1.2281,3.79
train,with_mine,mine best intruder 1039,best,40,0,expander,attack,friendly,Q1_SW,0.389538,2.619848,chosen_action,,0.0,0.0,0.0,0.331777,0.38784,0.333333,2.619848,pressured,concentrated_inbound,3,Q2_NW,3,5,70,57.0,1.2281,3.79
train,with_mine,mine best intruder 1039,best,50,0,expander,attack,friendly,Q2_NW,0.305715,1.977829,chosen_action,,0.0,0.0,0.051497,0.223204,0.327511,0.0,1.977829,pressured,concentrated_inbound,3,Q2_NW,3,4,58,59.0,0.9831,1.451
train,with_mine,mine best intruder 1039,best,60,0,anchor,attack,enemy,Q0_SE,0.301714,2.747788,chosen_action,,0.0,0.18,0.013436,0.431845,0.526933,0.0,2.747788,pressured,concentrated_inbound,22,Q0_SE,3,3,118,15.0,7.8667,2.238
train,with_mine,mine best intruder 1039,intruder,60,1,sweeper,attack,friendly,Q0_SE,0.398579,1.259215,chosen_action,,0.0,0.115267,0.239674,0.052076,0.099431,0.0,1.259215,neutral,neutral,,,0,0,0,0.0,0.0,0.0
train,with_mine,mine best intruder 1039,intruder,60,1,expander,attack,friendly,Q2_NW,1.0,2.027502,chosen_action,,0.0,0.016765,0.0,0.193113,0.4178,0.0,2.027502,cash_in,cash_in,,,0,0,0,0.0,0.0,0.0
train,with_mine,mine best intruder 1039,mine,70,0,expander,attack,friendly,Q0_SE,0.399416,2.685531,chosen_action,,0.0,0.0,0.0,0.342292,0.4178,0.333333,2.685531,pressured,concentrated_inbound,1,Q1_SW,2,2,100,109.0,0.9174,7.148
train,with_mine,mine best intruder 1039,best,70,0,expander,attack,friendly,Q2_NW,0.295125,1.825566,chosen_action,,0.0,0.0,0.0,0.184396,0.283716,0.0,1.825566,neutral,neutral,,,0,0,0,0.0,0.0,0.0
train,with_mine,mine best intruder 1039,best,70,0,expander,attack,neutral,Q3_NE,0.12609,1.974009,chosen_action,,0.95,0.18,0.009599,0.188909,0.385649,0.0,1.974009,cash_in,cash_in,,,0,0,0,0.0,0.0,0.0
train,with_mine,mine best intruder 1039,best,80,0,anchor,attack,friendly,Q1_SW,0.356647,2.260149,chosen_action,,0.0,0.0,0.0,0.235294,0.29292,0.333333,2.260149,neutral,neutral,,,0,0,0,0.0,0.0,0.0
train,with_mine,mine best intruder 1039,intruder,80,1,expander,attack,enemy,Q2_NW,0.106909,1.440755,chosen_action,,0.95,0.0,0.0,0.092928,0.16128,0.0,1.440755,pressured,concentrated_inbound,3,Q2_NW,2,2,77,43.0,1.7907,0.425
train,with_mine,mine best intruder 1039,mine,90,0,expander,expansion,friendly,Q1_SW,0.269096,1.89948,chosen_action,,0.0,0.0,0.233853,0.203218,0.305004,0.0,1.89948,neutral,neutral,,,0,0,0,0.0,0.0,0.0
train,with_mine,mine best intruder 1039,best,90,0,anchor,attack,enemy,Q0_SE,0.379485,3.401853,chosen_action,,0.0,0.18,0.046079,0.410663,0.308342,0.0,3.401853,chasing_leader,leader_target,,,0,0,0,0.0,0.0,0.0
train,with_mine,mine best intruder 1039,best,90,0,expander,attack,friendly,Q1_SW,0.403865,2.591127,chosen_action,,0.0,0.0,0.0,0.414255,0.44216,0.0,2.591127,cash_in,cash_in,,,0,0,0,0.0,0.0,0.0
train,with_mine,mine best intruder 1039,intruder,90,1,expander,attack,enemy,Q1_SW,0.770949,1.787741,chosen_action,,0.0,0.0,0.331358,0.13626,0.341271,0.0,1.787741,pressured,concentrated_inbound,14,Q0_SE,2,2,32,16.0,2.0,5.964
train,with_mine,mine best intruder 1039,intruder,90,1,expander,attack,enemy,Q0_SE,1.0,1.706883,chosen_action,,0.0,0.0,0.0,0.125515,0.30048,0.0,1.706883,pressured,concentrated_inbound,14,Q0_SE,2,2,32,16.0,2.0,5.964
train,with_mine,mine best intruder 1039,best,100,0,expander,attack,enemy,Q0_SE,0.524633,3.982782,chosen_action,,0.0,0.18,0.111666,0.570224,0.454996,0.0,3.982782,pressured,concentrated_inbound,14,Q1_SW,2,2,186,32.0,5.8125,0.664
train,with_mine,mine best intruder 1039,intruder,100,1,expander,established,friendly,Q2_NW,1.0,1.486667,chosen_action,,0.0,0.0,0.0,0.102608,0.17808,0.0,1.486667,neutral,neutral,,,0,0,0,0.0,0.0,0.0
train,with_mine,mine best intruder 1039,best,110,0,anchor,attack,friendly,Q1_SW,0.372319,2.483984,chosen_action,,0.0,0.0,0.093772,0.339536,0.495627,0.0,2.483984,pressured,concentrated_inbound,1,Q1_SW,2,2,110,15.0,7.3333,4.157
train,with_mine,mine intruder,mine,0,0,expander,initiation,neutral,Q0_SE,0.240095,1.78486,chosen_action,,0.0,0.016985,0.29488,0.109023,0.38756,0.0,1.78486,neutral,neutral,,,0,0,0,0.0,0.0,0.0
train,with_mine,mine intruder,intruder,0,1,expander,initiation,neutral,Q2_NW,0.790603,1.78486,chosen_action,,0.0,0.016985,0.29488,0.109023,0.38756,0.0,1.78486,neutral,neutral,,,0,0,0,0.0,0.0,0.0
train,with_mine,mine intruder,mine,20,0,anchor,expansion,neutral,Q0_SE,0.288993,1.701543,chosen_action,,0.0,0.0,0.0,0.114312,0.31644,0.0,1.701543,neutral,neutral,,,0,0,0,0.0,0.0,0.0
train,with_mine,mine intruder,intruder,20,1,expander,expansion,neutral,Q1_SW,0.797504,1.818004,chosen_action,,0.0,0.18,0.12926,0.115183,0.40116,0.0,1.818004,cash_in,cash_in,,,0,0,0,0.0,0.0,0.0
train,with_mine,mine intruder,mine,40,0,expander,expansion,neutral,Q0_SE,0.27535,2.404715,chosen_action,,0.0,0.18,0.008448,0.3128,0.48444,0.0,2.404715,cash_in,cash_in,,,0,0,0,0.0,0.0,0.0
train,with_mine,mine intruder,intruder,40,1,expander,expansion,enemy,Q1_SW,1.0,2.769856,chosen_action,,0.0,0.18,0.0,0.29184,0.347733,0.0,2.769856,chasing_leader,leader_target,,,0,0,0,0.0,0.0,0.0
train,with_mine,mine intruder,intruder,40,1,expander,expansion,friendly,Q2_NW,0.56436,1.298428,chosen_action,,0.0,0.18,0.014172,0.06292,0.1092,0.0,1.298428,neutral,neutral,,,0,0,0,0.0,0.0,0.0
train,with_mine,mine intruder,intruder,40,1,expander,expansion,enemy,Q1_SW,0.230144,2.769856,chosen_action,,0.95,0.18,0.025715,0.29184,0.347733,0.0,2.769856,chasing_leader,leader_target,,,0,0,0,0.0,0.0,0.0
train,with_mine,mine intruder,intruder,40,1,expander,expansion,friendly,Q2_NW,1.0,1.926657,chosen_action,,0.0,0.0,0.0,0.195375,0.33908,0.0,1.926657,neutral,neutral,,,0,0,0,0.0,0.0,0.0
train,with_mine,mine intruder,intruder,40,1,expander,expansion,friendly,Q2_NW,0.91925,1.765038,chosen_action,,0.0,0.18,0.0,0.137776,0.32176,0.0,1.765038,neutral,neutral,,,0,0,0,0.0,0.0,0.0
train,with_mine,mine intruder,mine,50,0,expander,expansion,neutral,Q1_SW,0.239176,1.701543,chosen_action,,0.0,0.010593,0.249789,0.114312,0.31644,0.0,1.701543,neutral,neutral,,,0,0,0,0.0,0.0,0.0
train,with_mine,mine intruder,mine,50,0,anchor,expansion,neutral,Q0_SE,0.194025,1.872648,chosen_action,,0.0,0.119634,0.195746,0.162611,0.35732,0.0,1.872648,cash_in,cash_in,,,0,0,0,0.0,0.0,0.0
train,with_mine,mine intruder,mine,50,0,expander,expansion,neutral,Q0_SE,0.285459,1.872648,chosen_action,,0.0,0.108646,0.029564,0.162611,0.35732,0.0,1.872648,cash_in,cash_in,,,0,0,0,0.0,0.0,0.0
train,with_mine,mine intruder,intruder,50,1,expander,expansion,enemy,Q1_SW,1.0,2.732902,chosen_action,,0.0,0.001169,0.028247,0.262572,0.372391,0.0,2.732902,pressured,concentrated_inbound,18,Q3_NE,2,3,84,72.0,1.1667,6.421
train,with_mine,mine intruder,intruder,50,1,expander,expansion,friendly,Q1_SW,1.0,1.985653,chosen_action,,0.0,0.0,0.0,0.205651,0.364511,0.0,1.985653,pressured,concentrated_inbound,18,Q3_NE,2,3,84,72.0,1.1667,6.421
train,with_mine,mine intruder,intruder,50,1,expander,expansion,enemy,Q1_SW,0.995489,2.732902,chosen_action,,0.0,0.18,0.050313,0.262572,0.372391,0.0,2.732902,pressured,concentrated_inbound,18,Q3_NE,2,3,84,72.0,1.1667,6.421
train,with_mine,mine intruder,mine,60,0,expander,attack,enemy,Q2_NW,0.5575,3.793699,chosen_action,,0.0,0.0,0.0,0.582975,0.292267,0.0,3.793699,overtake_window,overtake_window,,,0,0,0,0.0,0.0,0.0
train,with_mine,mine intruder,mine,60,0,expander,attack,enemy,Q2_NW,0.479356,3.673444,chosen_action,,0.0,0.18,0.138289,0.505598,0.340747,0.0,3.673444,chasing_leader,leader_target,,,0,0,0,0.0,0.0,0.0
train,with_mine,mine intruder,mine,60,0,expander,attack,neutral,Q0_SE,0.174066,1.500353,chosen_action,,0.0,0.14186,0.032141,0.092403,0.20636,0.0,1.500353,neutral,neutral,,,0,0,0,0.0,0.0,0.0
train,with_mine,mine intruder,intruder,60,1,expander,expansion,friendly,Q1_SW,1.0,1.555374,chosen_action,,0.0,0.0,0.012095,0.093571,0.24504,0.0,1.555374,neutral,neutral,,,0,0,0,0.0,0.0,0.0
train,with_mine,mine intruder,intruder,60,1,expander,expansion,enemy,Q1_SW,0.21127,2.62433,chosen_action,,0.95,0.18,0.083621,0.265367,0.287,0.0,2.62433,chasing_leader,leader_target,,,0,0,0,0.0,0.0,0.0
train,with_mine,mine intruder,mine,70,0,expander,attack,friendly,Q0_SE,0.273731,1.821565,chosen_action,,0.0,0.025586,0.009585,0.193031,0.2654,0.0,1.821565,neutral,neutral,,,0,0,0,0.0,0.0,0.0
train,with_mine,mine intruder,intruder,70,1,expander,expansion,friendly,Q0_SE,0.212806,1.293837,chosen_action,,0.0,0.18,0.365134,0.061952,0.10752,0.0,1.293837,pressured,concentrated_inbound,4,Q0_SE,2,2,75,62.0,1.2097,7.213
train,with_mine,mine intruder,intruder,70,1,expander,expansion,enemy,Q1_SW,0.997128,2.400126,chosen_action,,0.0,0.036565,0.0,0.218096,0.20496,0.0,2.400126,pressured,concentrated_inbound,4,Q0_SE,2,2,75,62.0,1.2097,7.213
train,with_mine,mine intruder,intruder,80,1,feeder,attack,friendly,Q1_SW,0.518357,1.280063,chosen_action,,0.0,0.18,0.057804,0.059048,0.10248,0.0,1.280063,neutral,neutral,,,0,0,0,0.0,0.0,0.0
train,with_mine,mine best,best,20,1,expander,established,neutral,Q2_NW,0.656457,2.085584,chosen_action,,0.0,0.18,0.024839,0.172427,0.4976,0.0,2.085584,cash_in,cash_in,,,0,0,0,0.0,0.0,0.0
train,with_mine,mine best,mine,40,0,expander,established,neutral,Q1_SW,0.305728,1.810112,chosen_action,,0.0,0.0,0.0,0.114347,0.3968,0.0,1.810112,cash_in,cash_in,,,0,0,0,0.0,0.0,0.0
train,with_mine,mine best,best,40,1,expander,attack,neutral,Q3_NE,1.0,3.2739,chosen_action,,0.0,0.0,0.0,0.349258,0.3968,1.0,3.2739,cash_in,cash_in,,,0,0,0,0.0,0.0,0.0
train,with_mine,mine best,mine,50,0,expander,attack,friendly,Q1_SW,0.385381,2.996655,chosen_action,,0.0,0.18,0.093659,0.305402,0.2694,1.0,2.996655,neutral,neutral,,,0,0,0,0.0,0.0,0.0
train,with_mine,mine best,mine,50,0,expander,attack,friendly,Q1_SW,0.405355,2.996655,chosen_action,,0.0,0.001137,0.1,0.305402,0.2694,1.0,2.996655,neutral,neutral,,,0,0,0,0.0,0.0,0.0
train,with_mine,mine best,mine,70,0,expander,attack,friendly,Q1_SW,0.307494,1.836389,chosen_action,,0.0,0.0,0.0,0.20121,0.26184,0.0,1.836389,pressured,concentrated_inbound,6,Q3_NE,2,2,130,108.0,1.2037,0.783
train,with_mine,mine best,mine,70,0,expander,attack,friendly,Q1_SW,0.263976,1.836389,chosen_action,,0.0,0.18,0.037593,0.20121,0.26184,0.0,1.836389,pressured,concentrated_inbound,6,Q3_NE,2,2,130,108.0,1.2037,0.783
train,with_mine,mine best,mine,80,0,expander,attack,friendly,Q0_SE,0.299414,1.773104,chosen_action,,0.0,0.0,0.0,0.183346,0.24672,0.0,1.773104,pressured,concentrated_inbound,13,Q1_SW,2,2,137,161.0,0.8509,0.876
train,with_mine,mine best,best,80,1,expander,attack,friendly,Q3_NE,1.0,2.055814,chosen_action,,0.0,0.0,0.0,0.199083,0.42816,0.0,2.055814,cash_in,cash_in,,,0,0,0,0.0,0.0,0.0
train,with_mine,mine best,mine,90,0,expander,attack,friendly,Q0_SE,0.348259,2.20907,chosen_action,,0.0,0.0,0.0,0.306409,0.35088,0.0,2.20907,cash_in,cash_in,,,0,0,0,0.0,0.0,0.0
train,with_mine,mine best,mine,100,0,expander,attack,friendly,Q0_SE,0.298516,1.766072,chosen_action,,0.0,0.0,0.0,0.181362,0.24504,0.0,1.766072,neutral,neutral,,,0,0,0,0.0,0.0,0.0
train,with_mine,mine best,mine,100,0,expander,attack,enemy,Q0_SE,0.464397,3.112878,chosen_action,,0.0,0.0,0.03013,0.398022,0.11676,0.0,3.112878,chasing_leader,leader_target,,,0,0,0,0.0,0.0,0.0
train,with_mine,mine best,mine,100,0,expander,attack,friendly,Q0_SE,0.380133,2.458696,chosen_action,,0.0,0.0,0.0,0.376873,0.41052,0.0,2.458696,cash_in,cash_in,,,0,0,0,0.0,0.0,0.0
train,with_mine,mine best,mine,110,0,anchor,expansion,enemy,Q0_SE,0.430423,3.406953,chosen_action,,0.0,0.099005,0.011818,0.450285,0.24168,0.0,3.406953,pressured,concentrated_inbound,23,Q0_SE,2,2,214,61.0,3.5082,3.841
train,with_mine,mine best,mine,110,0,anchor,expansion,enemy,Q0_SE,0.490813,3.998853,chosen_action,,0.0,0.147097,0.037858,0.635486,0.35088,0.0,3.998853,pressured,concentrated_inbound,23,Q0_SE,2,2,214,61.0,3.5082,3.841
train,with_mine,mine best intruder smith,mine,20,0,expander,expansion,neutral,Q2_NW,0.369627,2.739226,chosen_action,,0.0,0.18,0.039724,0.249592,0.400151,0.666667,2.739226,cash_in,cash_in,,,0,0,0,0.0,0.0,0.0
train,with_mine,mine best intruder smith,best,30,1,expander,expansion,friendly,Q2_NW,1.0,2.282737,chosen_action,,0.0,0.0,0.0,0.219084,0.116249,0.666667,2.282737,neutral,neutral,,,0,0,0,0.0,0.0,0.0
train,with_mine,mine best intruder smith,smith,30,0,expander,expansion,friendly,Q3_NE,0.306531,1.874485,chosen_action,,0.0,0.0,0.0,0.170011,0.123302,0.333333,1.874485,neutral,neutral,,,0,0,0,0.0,0.0,0.0
train,with_mine,mine best intruder smith,smith,30,0,expander,expansion,neutral,Q0_SE,0.344743,2.583687,chosen_action,,0.0,0.18,0.092527,0.262162,0.484813,0.333333,2.583687,cash_in,cash_in,,,0,0,0,0.0,0.0,0.0
train,with_mine,mine best intruder smith,best,50,1,attacker,attack,neutral,Q1_SW,0.901969,1.676967,chosen_action,,0.0,0.067965,0.118602,0.086275,0.34808,0.0,1.676967,neutral,neutral,,,0,0,0,0.0,0.0,0.0
train,with_mine,mine best intruder smith,best,50,1,expander,attack,neutral,Q2_NW,0.962246,1.938666,chosen_action,,0.0,0.160081,0.0,0.141451,0.44384,0.0,1.938666,cash_in,cash_in,,,0,0,0,0.0,0.0,0.0
train,with_mine,mine best intruder smith,intruder,50,0,expander,expansion,friendly,Q0_SE,0.216567,1.239078,chosen_action,,0.0,0.0,0.069801,0.067486,0.05712,0.0,1.239078,neutral,neutral,,,0,0,0,0.0,0.0,0.0
train,with_mine,mine best intruder smith,intruder,50,0,expander,expansion,friendly,Q0_SE,0.233055,1.537541,chosen_action,,0.0,0.007238,0.17416,0.116853,0.19044,0.0,1.537541,neutral,neutral,,,0,0,0,0.0,0.0,0.0
train,with_mine,mine best intruder smith,mine,60,0,anchor,initiation,enemy,Q0_SE,0.321771,2.304092,chosen_action,,0.0,0.0,0.165325,0.24139,0.24056,0.0,2.304092,chasing_leader,leader_target,,,0,0,0,0.0,0.0,0.0
train,with_mine,mine best intruder smith,best,60,1,expander,established,friendly,Q2_NW,1.0,1.289246,chosen_action,,0.0,0.0,0.0,0.060984,0.10584,0.0,1.289246,neutral,neutral,,,0,0,0,0.0,0.0,0.0
train,with_mine,mine best intruder smith,intruder,60,0,expander,expansion,enemy,Q1_SW,0.301146,2.888473,chosen_action,,0.0,0.18,0.185466,0.311199,0.104884,0.0,2.888473,chasing_leader,leader_target,,,0,0,0,0.0,0.0,0.0
train,with_mine,mine best intruder smith,intruder,60,0,expander,expansion,friendly,Q0_SE,0.338022,2.075467,chosen_action,,0.0,0.0,0.0,0.268696,0.31896,0.0,2.075467,neutral,neutral,,,0,0,0,0.0,0.0,0.0
train,with_mine,mine best intruder smith,intruder,60,0,expander,expansion,neutral,Q0_SE,0.265284,1.798815,chosen_action,,0.0,0.18,0.011948,0.14177,0.33968,0.0,1.798815,neutral,neutral,,,0,0,0,0.0,0.0,0.0
train,with_mine,mine best intruder smith,best,70,1,expander,established,neutral,Q0_SE,0.89343,1.830779,chosen_action,,0.0,0.18,0.035055,0.114288,0.412213,0.0,1.830779,cash_in,cash_in,,,0,0,0,0.0,0.0,0.0
train,with_mine,mine best intruder smith,best,70,1,expander,attack,enemy,Q3_NE,0.040911,1.316545,chosen_action,,0.95,0.18,0.048678,0.064739,0.119387,0.0,1.316545,neutral,neutral,,,0,0,0,0.0,0.0,0.0
train,with_mine,mine best intruder smith,intruder,70,0,expander,attack,friendly,Q0_SE,0.229181,1.228531,chosen_action,,0.0,0.0,0.0,0.064509,0.0546,0.0,1.228531,neutral,neutral,,,0,0,0,0.0,0.0,0.0
train,with_mine,mine best intruder smith,best,80,1,expander,attack,enemy,Q3_NE,0.277981,1.142327,chosen_action,,0.0,0.18,0.080396,0.030008,0.05208,0.0,1.142327,neutral,neutral,,,0,0,0,0.0,0.0,0.0
train,with_mine,mine best intruder smith,intruder,80,0,expander,attack,friendly,Q0_SE,0.266298,1.537541,chosen_action,,0.0,0.0,0.0,0.116853,0.19044,0.0,1.537541,pressured,concentrated_inbound,34,Q0_SE,2,2,44,46.0,0.9565,3.035
train,with_mine,mine best intruder smith,best,90,1,expander,attack,enemy,Q3_NE,0.089666,1.690814,chosen_action,,0.95,0.18,0.080053,0.122127,0.2946,0.0,1.690814,neutral,neutral,,,0,0,0,0.0,0.0,0.0
train,with_mine,mine best intruder smith,best,100,1,expander,attack,enemy,Q0_SE,0.886003,2.21365,chosen_action,,0.0,0.18,0.092315,0.175123,0.143227,0.0,2.21365,chasing_leader,leader_target,,,0,0,0,0.0,0.0,0.0
train,with_mine,mine best intruder smith,intruder,100,0,expander,attack,friendly,Q0_SE,0.255668,1.435967,chosen_action,,0.0,0.0,0.0,0.123063,0.10416,0.0,1.435967,neutral,neutral,,,0,0,0,0.0,0.0,0.0
train,with_mine,mine best intruder smith,intruder,110,0,feeder,attack,enemy,Q1_SW,0.360854,3.191068,chosen_action,,0.0,0.18,0.079504,0.402721,0.166324,0.0,3.191068,chasing_leader,leader_target,,,0,0,0,0.0,0.0,0.0
train,with_mine,mine best intruder smith,best,120,1,expander,established,friendly,Q1_SW,1.0,1.456663,chosen_action,,0.0,0.0,0.011295,0.072759,0.20892,0.0,1.456663,neutral,neutral,,,0,0,0,0.0,0.0,0.0
train,with_mine,mine best intruder smith,best,130,1,attacker,attack,enemy,Q0_SE,1.0,2.674892,chosen_action,,0.0,0.039306,0.0,0.248962,0.353618,0.0,2.674892,cash_in,cash_in,,,0,0,0,0.0,0.0,0.0
train,with_mine,mine best intruder smith,intruder,130,0,expander,attack,friendly,Q0_SE,0.222253,1.217983,chosen_action,,0.0,0.0,0.027902,0.061531,0.05208,0.0,1.217983,neutral,neutral,,,0,0,0,0.0,0.0,0.0
train,with_mine,mine best intruder smith,intruder,130,0,feeder,attack,friendly,Q0_SE,0.251918,1.667628,chosen_action,,0.0,0.025429,0.020469,0.153573,0.22152,0.0,1.667628,neutral,neutral,,,0,0,0,0.0,0.0,0.0
train,with_mine,mine best intruder smith,best,140,1,feeder,attack,enemy,Q0_SE,1.0,2.622638,chosen_action,,0.0,0.0,0.0,0.241487,0.3282,0.0,2.622638,chasing_leader,leader_target,,,0,0,0,0.0,0.0,0.0
train,with_mine,mine best intruder smith,intruder,140,0,anchor,expansion,enemy,Q0_SE,0.538031,3.635445,chosen_action,,0.0,0.0,0.0,0.501428,0.320013,0.0,3.635445,chasing_leader,leader_target,,,0,0,0,0.0,0.0,0.0
train,with_mine,mine best intruder 1039,1039,0,0,expander,initiation,neutral,Q2_NW,0.190339,1.723644,chosen_action,,0.0,0.18,0.341122,0.096116,0.36516,0.0,1.723644,neutral,neutral,,,0,0,0,0.0,0.0,0.0
train,with_mine,mine best intruder 1039,1039,10,0,expander,initiation,neutral,Q3_NE,0.403646,3.216375,chosen_action,,0.0,0.144171,0.182426,0.327575,0.392738,1.0,3.216375,cash_in,cash_in,,,0,0,0,0.0,0.0,0.0
train,with_mine,mine best intruder 1039,mine,20,0,anchor,expansion,neutral,Q2_NW,0.300442,3.288639,chosen_action,,0.0,0.18,0.4,0.368819,0.595164,0.666667,3.288639,cash_in,cash_in,,,0,0,0,0.0,0.0,0.0
train,with_mine,mine best intruder 1039,1039,20,0,anchor,expansion,neutral,Q3_NE,0.545296,3.811184,chosen_action,,0.0,0.0,0.0,0.476422,0.56872,1.0,3.811184,cash_in,cash_in,,,0,0,0,0.0,0.0,0.0
train,with_mine,mine best intruder 1039,best,30,0,attacker,attack,neutral,Q2_NW,0.321401,2.261567,chosen_action,,0.0,0.18,0.0,0.207063,0.34416,0.333333,2.261567,neutral,neutral,,,0,0,0,0.0,0.0,0.0
train,with_mine,mine best intruder 1039,best,30,0,expander,attack,friendly,Q2_NW,0.325971,2.026885,chosen_action,,0.0,0.0,0.0,0.214039,0.15792,0.333333,2.026885,neutral,neutral,,,0,0,0,0.0,0.0,0.0
train,with_mine,mine best intruder 1039,intruder,30,1,expander,attack,friendly,Q0_SE,0.937939,1.293837,chosen_action,,0.0,0.0,0.1,0.061952,0.10752,0.0,1.293837,neutral,neutral,,,0,0,0,0.0,0.0,0.0
train,with_mine,mine best intruder 1039,best,40,0,attacker,attack,enemy,Q1_SW,0.220313,1.519745,chosen_action,,0.0,0.0,0.234428,0.105028,0.19828,0.0,1.519745,neutral,neutral,,,0,0,0,0.0,0.0,0.0
train,with_mine,mine best intruder 1039,best,40,0,feeder,attack,neutral,Q0_SE,0.20212,2.034521,chosen_action,,0.0,0.18,0.003835,0.15246,0.495271,0.0,2.034521,cash_in,cash_in,,,0,0,0,0.0,0.0,0.0
train,with_mine,mine best intruder 1039,intruder,40,1,expander,attack,enemy,Q1_SW,1.0,2.610629,chosen_action,,0.0,0.0,0.0,0.28851,0.457929,0.333333,2.610629,pressured,concentrated_inbound,14,Q0_SE,2,2,101,40.0,2.525,1.19
train,with_mine,mine best intruder 1039,intruder,40,1,anchor,attack,friendly,Q0_SE,1.0,2.002196,chosen_action,,0.0,0.007902,0.0,0.162622,0.23104,0.333333,2.002196,pressured,concentrated_inbound,14,Q0_SE,2,2,101,40.0,2.525,1.19
train,with_mine,mine best intruder 1039,mine,50,0,expander,expansion,friendly,Q0_SE,0.190442,1.550216,chosen_action,,0.0,0.0,0.4,0.145992,0.148027,0.0,1.550216,neutral,neutral,,,0,0,0,0.0,0.0,0.0
train,with_mine,mine best intruder 1039,intruder,50,1,expander,attack,friendly,Q1_SW,1.0,1.749382,chosen_action,,0.0,0.0,0.01625,0.130565,0.322982,0.0,1.749382,pressured,concentrated_inbound,5,Q1_SW,2,2,72,111.0,0.6486,5.211
train,with_mine,mine best intruder 1039,intruder,50,1,expander,attack,enemy,Q3_NE,0.956615,2.057465,chosen_action,,0.0,0.18,0.0,0.218998,0.393978,0.0,2.057465,pressured,concentrated_inbound,5,Q1_SW,2,2,72,111.0,0.6486,5.211
train,with_mine,mine best intruder 1039,best,60,0,attacker,attack,enemy,Q1_SW,0.240607,1.314497,chosen_action,,0.0,0.0,0.0,0.066308,0.11508,0.0,1.314497,neutral,neutral,,,0,0,0,0.0,0.0,0.0
train,with_mine,mine best intruder 1039,intruder,60,1,expander,attack,friendly,Q0_SE,1.0,1.460578,chosen_action,,0.0,0.0,0.0,0.13001,0.11004,0.0,1.460578,neutral,neutral,,,0,0,0,0.0,0.0,0.0
train,with_mine,mine best intruder 1039,1039,60,0,expander,attack,friendly,Q3_NE,0.299792,1.821693,chosen_action,,0.0,0.0,0.0,0.155002,0.11088,0.333333,1.821693,neutral,neutral,,,0,0,0,0.0,0.0,0.0
train,with_mine,mine best intruder 1039,intruder,70,1,feeder,attack,friendly,Q3_NE,0.583043,1.348931,chosen_action,,0.0,0.18,0.00201,0.073568,0.12768,0.0,1.348931,pressured,concentrated_inbound,15,Q0_SE,2,2,36,52.0,0.6923,0.074
train,with_mine,mine best intruder 1039,intruder,70,1,expander,attack,friendly,Q3_NE,0.799791,1.348931,chosen_action,,0.0,0.0,0.245262,0.073568,0.12768,0.0,1.348931,pressured,concentrated_inbound,15,Q0_SE,2,2,36,52.0,0.6923,0.074
train,with_mine,mine best intruder 1039,1039,70,0,anchor,initiation,enemy,Q3_NE,0.535636,3.655318,chosen_action,,0.0,0.0,0.0,0.420308,0.256724,0.333333,3.655318,chasing_leader,leader_target,,,0,0,0,0.0,0.0,0.0
train,with_mine,mine best intruder 1039,intruder,80,1,expander,attack,friendly,Q0_SE,1.0,1.917435,chosen_action,,0.0,0.0,0.0,0.173632,0.14868,0.333333,1.917435,neutral,neutral,,,0,0,0,0.0,0.0,0.0
train,with_mine,mine best intruder 1039,intruder,80,1,expander,attack,friendly,Q3_NE,1.0,1.809542,chosen_action,,0.0,0.0,0.0,0.150884,0.1092,0.333333,1.809542,neutral,neutral,,,0,0,0,0.0,0.0,0.0
train,with_mine,mine best intruder 1039,best,90,0,expander,attack,enemy,Q1_SW,0.493159,3.285537,chosen_action,,0.0,0.0,0.0,0.412296,0.21928,0.0,3.285537,chasing_leader,leader_target,,,0,0,0,0.0,0.0,0.0
train,with_mine,mine best intruder 1039,best,90,0,feeder,attack,neutral,Q3_NE,0.196394,2.05694,chosen_action,,0.0,0.18,0.0035,0.191552,0.442382,0.0,2.05694,cash_in,cash_in,,,0,0,0,0.0,0.0,0.0
train,with_mine,mine best intruder 1039,best,90,0,expander,attack,friendly,Q1_SW,0.258787,1.530895,chosen_action,,0.0,0.0,0.045009,0.149859,0.12684,0.0,1.530895,neutral,neutral,,,0,0,0,0.0,0.0,0.0
train,with_mine,mine best intruder 1039,intruder,90,1,attacker,established,friendly,Q0_SE,1.0,1.84172,chosen_action,,0.0,0.0,0.0,0.177467,0.308,0.0,1.84172,neutral,neutral,,,0,0,0,0.0,0.0,0.0
train,with_mine,mine best intruder 1039,best,100,0,attacker,attack,enemy,Q0_SE,0.537185,3.946062,chosen_action,,0.0,0.18,0.0,0.481172,0.363889,0.333333,3.946062,cash_in,cash_in,,,0,0,0,0.0,0.0,0.0
train,with_mine,mine best intruder 1039,intruder,100,1,expander,established,friendly,Q3_NE,1.0,1.661736,chosen_action,,0.0,0.0,0.0,0.115996,0.28396,0.0,1.661736,pressured,concentrated_inbound,6,Q3_NE,2,2,141,112.0,1.2589,3.68
train,with_mine,mine best intruder 1039,intruder,100,1,expander,established,friendly,Q3_NE,1.0,1.316793,chosen_action,,0.0,0.0,0.0,0.066792,0.11592,0.0,1.316793,pressured,concentrated_inbound,6,Q3_NE,2,2,141,112.0,1.2589,3.68
train,with_mine,mine best intruder 1039,best,110,0,expander,attack,enemy,Q1_SW,0.551683,4.035636,chosen_action,,0.0,0.18,0.0,0.686744,0.287,0.0,4.035636,overtake_window,overtake_window,,,0,0,0,0.0,0.0,0.0
train,with_mine,mine best intruder 1039,intruder,110,1,expander,attack,friendly,Q3_NE,0.915342,1.738418,chosen_action,,0.0,0.18,0.0,0.155687,0.2702,0.0,1.738418,pressured,concentrated_inbound,5,Q1_SW,2,2,53,24.0,2.2083,2.669
train,with_mine,mine best intruder 1039,best,120,0,expander,attack,enemy,Q3_NE,0.310563,3.424699,chosen_action,,0.95,0.18,0.04139,0.469857,0.220031,0.0,3.424699,chasing_leader,leader_target,,,0,0,0,0.0,0.0,0.0
train,with_mine,mine best intruder 1039,best,120,0,expander,attack,friendly,Q2_NW,0.29652,1.75591,chosen_action,,0.0,0.0,0.0,0.213375,0.1806,0.0,1.75591,neutral,neutral,,,0,0,0,0.0,0.0,0.0
train,with_mine,mine best intruder 1039,intruder,120,1,anchor,established,friendly,Q3_NE,0.14035,1.749896,chosen_action,,0.95,0.0,0.0,0.158107,0.2744,0.0,1.749896,neutral,neutral,,,0,0,0,0.0,0.0,0.0
train,with_mine,mine best intruder 1039,best,130,0,expander,established,friendly,Q1_SW,0.308565,1.879751,chosen_action,,0.0,0.0,0.0,0.213451,0.2722,0.0,1.879751,neutral,neutral,,,0,0,0,0.0,0.0,0.0
train,with_mine,mine best intruder 1039,intruder,130,1,expander,attack,enemy,Q1_SW,1.0,2.78876,chosen_action,,0.0,0.18,0.0,0.295067,0.356,0.0,2.78876,cash_in,cash_in,,,0,0,0,0.0,0.0,0.0
train,with_mine,mine best intruder 1039,best,140,0,feeder,attack,friendly,Q1_SW,0.411946,2.654412,chosen_action,,0.0,0.0,0.0,0.432118,0.45728,0.0,2.654412,cash_in,cash_in,,,0,0,0,0.0,0.0,0.0
train,with_mine,mine best intruder 1039,intruder,140,1,expander,established,friendly,Q0_SE,1.0,1.319088,chosen_action,,0.0,0.0,0.0,0.067276,0.11676,0.0,1.319088,neutral,neutral,,,0,0,0,0.0,0.0,0.0
train,with_mine,mine best intruder 1039,intruder,140,1,anchor,established,friendly,Q3_NE,1.0,1.484975,chosen_action,,0.0,0.0,0.0,0.078728,0.21928,0.0,1.484975,neutral,neutral,,,0,0,0,0.0,0.0,0.0
train,with_mine,mine best intruder 1039,best,150,0,attacker,attack,enemy,Q1_SW,0.599655,4.406444,chosen_action,,0.0,0.18,0.0,0.76021,0.431067,0.0,4.406444,overtake_window,overtake_window,,,0,0,0,0.0,0.0,0.0
train,with_mine,mine best intruder 1039,best,150,0,anchor,attack,neutral,Q3_NE,0.183714,1.975001,chosen_action,,0.0,0.18,0.013799,0.176323,0.40876,0.0,1.975001,cash_in,cash_in,,,0,0,0,0.0,0.0,0.0
train,with_mine,mine best intruder 1039,best,150,0,expander,attack,friendly,Q2_NW,0.267789,1.530895,chosen_action,,0.0,0.0,0.0,0.149859,0.12684,0.0,1.530895,neutral,neutral,,,0,0,0,0.0,0.0,0.0
train,with_mine,mine best intruder 1039,intruder,150,1,expander,established,friendly,Q1_SW,1.0,1.303019,chosen_action,,0.0,0.0,0.0,0.063888,0.11088,0.0,1.303019,pressured,concentrated_inbound,16,Q1_SW,2,2,38,16.0,2.375,0.886
train,with_mine,mine best intruder 1039,best,160,0,attacker,attack,enemy,Q1_SW,0.415484,3.371879,chosen_action,,0.0,0.1415,0.302598,0.430656,0.250596,0.0,3.371879,chasing_leader,leader_target,,,0,0,0,0.0,0.0,0.0
train,with_mine,mine best intruder 1039,intruder,160,1,expander,attack,enemy,Q2_NW,1.0,2.943978,chosen_action,,0.0,0.18,0.015869,0.306753,0.4502,0.0,2.943978,cash_in,cash_in,,,0,0,0,0.0,0.0,0.0
train,with_mine,mine best intruder 1039,intruder,160,1,expander,established,friendly,Q3_NE,1.0,1.399434,chosen_action,,0.0,0.0,0.0,0.084216,0.14616,0.0,1.399434,neutral,neutral,,,0,0,0,0.0,0.0,0.0
train,with_mine,mine best intruder 1039,best,170,0,anchor,attack,friendly,Q2_NW,0.280283,1.658252,chosen_action,,0.0,0.0,0.0,0.150927,0.21928,0.0,1.658252,pressured,concentrated_inbound,5,Q1_SW,2,2,54,12.0,4.5,3.378
train,with_mine,mine best intruder 1200,1200,0,0,anchor,initiation,neutral,Q2_NW,0.128061,1.560053,chosen_action,,0.0,0.18,0.264549,0.085148,0.26348,0.0,1.560053,neutral,neutral,,,0,0,0,0.0,0.0,0.0
train,with_mine,mine best intruder 1200,1200,10,0,expander,expansion,neutral,Q2_NW,0.334572,2.064924,chosen_action,,0.0,0.020283,0.0,0.168071,0.49004,0.0,2.064924,neutral,neutral,,,0,0,0,0.0,0.0,0.0
train,with_mine,mine best intruder 1200,mine,20,0,anchor,expansion,neutral,Q0_SE,0.273014,2.289743,chosen_action,,0.0,0.0,0.4,0.24245,0.30212,0.333333,2.289743,neutral,neutral,,,0,0,0,0.0,0.0,0.0
train,with_mine,mine best intruder 1200,best,20,1,anchor,expansion,neutral,Q1_SW,0.29582,2.198068,chosen_action,,0.0,0.18,0.4,0.196143,0.53876,0.0,2.198068,cash_in,cash_in,,,0,0,0,0.0,0.0,0.0
train,with_mine,mine best intruder 1200,best,20,1,expander,expansion,neutral,Q2_NW,1.0,2.272642,chosen_action,,0.0,0.0305,0.0,0.210003,0.56936,0.0,2.272642,cash_in,cash_in,,,0,0,0,0.0,0.0,0.0
train,with_mine,mine best intruder 1200,best,30,1,expander,expansion,friendly,Q2_NW,0.992209,2.096805,chosen_action,,0.0,0.0,0.14342,0.197229,0.239596,0.333333,2.096805,neutral,neutral,,,0,0,0,0.0,0.0,0.0
train,with_mine,mine best intruder 1200,best,30,1,anchor,expansion,neutral,Q3_NE,0.15086,2.209126,chosen_action,,0.95,0.18,0.201456,0.184482,0.345458,0.333333,2.209126,neutral,neutral,,,0,0,0,0.0,0.0,0.0
train,with_mine,mine best intruder 1200,best,40,1,expander,expansion,friendly,Q1_SW,0.663726,1.493554,chosen_action,,0.0,0.0,0.4,0.10406,0.1806,0.0,1.493554,neutral,neutral,,,0,0,0,0.0,0.0,0.0
train,with_mine,mine best intruder 1200,intruder,40,0,expander,expansion,friendly,Q0_SE,0.335392,2.413432,chosen_action,,0.0,0.0,0.179074,0.27034,0.34416,0.333333,2.413432,pressured,concentrated_inbound,18,Q3_NE,3,3,62,61.0,1.0164,5.028
train,with_mine,mine best intruder 1200,1200,40,0,expander,expansion,friendly,Q3_NE,0.302369,2.398927,chosen_action,,0.0,0.104774,0.0,0.360001,0.39624,0.0,2.398927,cash_in,cash_in,,,0,0,0,0.0,0.0,0.0
train,with_mine,mine best intruder 1200,best,50,1,expander,expansion,enemy,Q1_SW,1.0,1.94333,chosen_action,,0.0,0.0,0.0,0.175367,0.387,0.0,1.94333,pressured,concentrated_inbound,23,Q3_NE,2,2,55,60.0,0.9167,3.067
train,with_mine,mine best intruder 1200,intruder,50,0,expander,expansion,enemy,Q1_SW,0.383843,2.639214,chosen_action,,0.0,0.001043,0.0,0.400931,0.501467,0.0,2.639214,cash_in,cash_in,,,0,0,0,0.0,0.0,0.0
train,with_mine,mine best intruder 1200,intruder,50,0,expander,expansion,friendly,Q0_SE,0.189791,1.686379,chosen_action,,0.0,0.007284,0.4,0.158866,0.226,0.0,1.686379,neutral,neutral,,,0,0,0,0.0,0.0,0.0
train,with_mine,mine best intruder 1200,intruder,50,0,expander,expansion,friendly,Q0_SE,0.233184,1.664497,chosen_action,,0.0,0.039695,0.218626,0.187571,0.15876,0.0,1.664497,neutral,neutral,,,0,0,0,0.0,0.0,0.0
train,with_mine,mine best intruder 1200,1200,50,0,anchor,expansion,neutral,Q0_SE,0.355977,3.146928,chosen_action,,0.0,0.18,0.082177,0.492216,0.715267,0.0,3.146928,cash_in,cash_in,,,0,0,0,0.0,0.0,0.0
train,with_mine,mine best intruder 1200,1200,50,0,expander,expansion,enemy,Q2_NW,0.532085,4.21203,chosen_action,,0.0,0.18,0.218474,0.657902,0.468938,0.0,4.21203,overtake_window,overtake_window,,,0,0,0,0.0,0.0,0.0
train,with_mine,mine best intruder 1200,best,60,1,expander,expansion,neutral,Q2_NW,0.992912,2.330448,chosen_action,,0.0,0.18,0.0,0.224053,0.5872,0.0,2.330448,cash_in,cash_in,,,0,0,0,0.0,0.0,0.0
train,with_mine,mine best intruder 1200,best,60,1,expander,expansion,enemy,Q0_SE,0.356951,3.128089,chosen_action,,0.0,0.18,0.4,0.339729,0.527956,0.0,3.128089,cash_in,cash_in,,,0,0,0,0.0,0.0,0.0
train,with_mine,mine best intruder 1200,best,60,1,expander,expansion,neutral,Q3_NE,0.198317,1.909907,chosen_action,,0.0,0.18,0.4,0.15017,0.407036,0.0,1.909907,cash_in,cash_in,,,0,0,0,0.0,0.0,0.0
train,with_mine,mine best intruder 1200,1200,60,0,anchor,expansion,enemy,Q2_NW,0.392785,3.17817,chosen_action,,0.0,0.05922,0.118295,0.346657,0.25644,0.0,3.17817,chasing_leader,leader_target,,,0,0,0,0.0,0.0,0.0
train,with_mine,mine best intruder 1200,1200,60,0,expander,expansion,enemy,Q0_SE,0.276077,3.048348,chosen_action,,0.0,0.18,0.4,0.485147,0.358516,0.0,3.048348,cash_in,cash_in,,,0,0,0,0.0,0.0,0.0
train,with_mine,mine best intruder 1200,best,70,1,expander,expansion,enemy,Q1_SW,1.0,4.060258,chosen_action,,0.0,0.0,0.0,0.501578,0.4122,0.333333,4.060258,cash_in,cash_in,,,0,0,0,0.0,0.0,0.0
train,with_mine,mine best intruder 1200,best,70,1,expander,expansion,enemy,Q3_NE,0.935128,4.182713,chosen_action,,0.0,0.164278,0.304557,0.519921,0.470298,0.333333,4.182713,cash_in,cash_in,,,0,0,0,0.0,0.0,0.0
train,with_mine,mine best intruder 1200,best,70,1,expander,expansion,neutral,Q1_SW,0.914827,2.128113,chosen_action,,0.0,0.0,0.224984,0.19684,0.26348,0.333333,2.128113,neutral,neutral,,,0,0,0,0.0,0.0,0.0
train,with_mine,mine best intruder 1200,best,70,1,expander,expansion,neutral,Q0_SE,0.181459,2.449426,chosen_action,,0.95,0.18,0.27085,0.256557,0.395324,0.333333,2.449426,cash_in,cash_in,,,0,0,0,0.0,0.0,0.0
train,with_mine,mine best intruder 1200,intruder,70,0,expander,expansion,friendly,Q3_NE,0.228339,1.835437,chosen_action,,0.0,0.0,0.4,0.152619,0.34752,0.0,1.835437,pressured,concentrated_inbound,18,Q3_NE,2,2,40,28.0,1.4286,1.193
train,with_mine,mine best intruder 1200,intruder,70,0,expander,expansion,friendly,Q0_SE,0.229208,1.661133,chosen_action,,0.0,0.0,0.280776,0.139392,0.24192,0.0,1.661133,pressured,concentrated_inbound,18,Q3_NE,2,2,40,28.0,1.4286,1.193
train,with_mine,mine best intruder 1200,intruder,70,0,expander,expansion,neutral,Q1_SW,0.081402,1.62447,chosen_action,,0.95,0.18,0.20423,0.093048,0.297151,0.0,1.62447,pressured,concentrated_inbound,18,Q3_NE,2,2,40,28.0,1.4286,1.193
train,with_mine,mine best intruder 1200,intruder,70,0,expander,expansion,friendly,Q3_NE,0.213283,1.592265,chosen_action,,0.0,0.0,0.315941,0.124872,0.21672,0.0,1.592265,pressured,concentrated_inbound,18,Q3_NE,2,2,40,28.0,1.4286,1.193
train,with_mine,mine best intruder 1200,best,80,1,expander,attack,friendly,Q1_SW,1.0,1.826254,chosen_action,,0.0,0.0,0.106369,0.150683,0.34416,0.0,1.826254,neutral,neutral,,,0,0,0,0.0,0.0,0.0
train,with_mine,mine best intruder 1200,intruder,80,0,expander,expansion,enemy,Q3_NE,0.445678,3.531605,chosen_action,,0.0,0.18,0.190125,0.392209,0.21504,0.333333,3.531605,pressured,concentrated_inbound,10,Q3_NE,2,2,43,50.0,0.86,1.585
train,with_mine,mine best intruder 1200,intruder,90,0,expander,expansion,friendly,Q3_NE,0.268778,1.907092,chosen_action,,0.0,0.143837,0.091397,0.25605,0.21672,0.0,1.907092,pressured,concentrated_inbound,13,Q3_NE,3,3,137,90.0,1.5222,0.0
train,with_mine,mine best intruder 1200,intruder,90,0,expander,expansion,enemy,Q0_SE,0.399384,3.386063,chosen_action,,0.0,0.018815,0.4,0.483499,0.16716,0.0,3.386063,pressured,concentrated_inbound,13,Q3_NE,3,3,137,90.0,1.5222,0.0
train,with_mine,mine best intruder 1200,intruder,90,0,expander,expansion,friendly,Q2_NW,0.297834,1.94831,chosen_action,,0.0,0.0,0.119242,0.237947,0.279436,0.0,1.94831,pressured,concentrated_inbound,13,Q3_NE,3,3,137,90.0,1.5222,0.0
train,with_mine,mine best intruder 1200,intruder,90,0,expander,expansion,enemy,Q1_SW,0.406415,3.935146,chosen_action,,0.0,0.18,0.265652,0.623723,0.3246,0.0,3.935146,pressured,concentrated_inbound,13,Q3_NE,3,3,137,90.0,1.5222,0.0
train,with_mine,mine best intruder 1200,best,100,1,expander,attack,friendly,Q3_NE,0.19602,1.433868,chosen_action,,0.0,0.18,0.4,0.091476,0.15876,0.0,1.433868,neutral,neutral,,,0,0,0,0.0,0.0,0.0
train,with_mine,mine best intruder 1200,best,100,1,expander,attack,enemy,Q0_SE,0.216301,2.662419,chosen_action,,0.0,0.18,0.4,0.267762,0.310956,0.0,2.662419,chasing_leader,leader_target,,,0,0,0,0.0,0.0,0.0
train,with_mine,mine best intruder 1200,best,110,1,expander,attack,friendly,Q1_SW,0.791467,1.433868,chosen_action,,0.0,0.0,0.264553,0.091476,0.15876,0.0,1.433868,neutral,neutral,,,0,0,0,0.0,0.0,0.0
train,with_mine,mine best intruder 1200,best,120,1,expander,attack,friendly,Q3_NE,1.0,1.624403,chosen_action,,0.0,0.0,0.071696,0.131648,0.22848,0.0,1.624403,pressured,concentrated_inbound,1,Q1_SW,2,2,143,114.0,1.2544,0.172
train,with_mine,mine best intruder 1200,intruder,120,0,expander,expansion,neutral,Q1_SW,0.214954,2.01379,chosen_action,,0.0,0.18,0.4,0.21088,0.376058,0.0,2.01379,pressured,concentrated_inbound,26,Q3_NE,4,4,267,80.0,3.3375,8.987
train,with_mine,mine best intruder 1200,intruder,120,0,anchor,expansion,friendly,Q3_NE,0.247438,1.840258,chosen_action,,0.0,0.024609,0.159436,0.164753,0.32952,0.0,1.840258,pressured,concentrated_inbound,26,Q3_NE,4,4,267,80.0,3.3375,8.987
train,with_mine,mine best intruder 1200,best,130,1,expander,attack,neutral,Q1_SW,0.683857,1.560053,chosen_action,,0.0,0.056325,0.0,0.085148,0.26348,0.0,1.560053,neutral,neutral,,,0,0,0,0.0,0.0,0.0
train,with_mine,mine best intruder 1200,intruder,130,0,expander,expansion,enemy,Q3_NE,0.553411,3.757594,chosen_action,,0.0,0.0,0.0,0.546766,0.329893,0.0,3.757594,chasing_leader,leader_target,,,0,0,0,0.0,0.0,0.0
train,with_mine,mine best intruder 1200,intruder,130,0,expander,expansion,enemy,Q2_NW,0.579936,5.495635,chosen_action,,0.0,0.18,0.281277,0.99469,0.821022,0.0,5.495635,overtake_window,overtake_window,,,0,0,0,0.0,0.0,0.0
train,with_mine,mine intruder,mine,10,0,expander,expansion,neutral,Q1_SW,0.308506,2.177408,chosen_action,,0.0,0.18,0.043231,0.191787,0.5312,0.0,2.177408,cash_in,cash_in,,,0,0,0,0.0,0.0,0.0
train,with_mine,mine intruder,mine,10,0,anchor,expansion,neutral,Q3_NE,0.236777,2.177408,chosen_action,,0.0,0.18,0.061876,0.191787,0.5312,0.0,2.177408,cash_in,cash_in,,,0,0,0,0.0,0.0,0.0
train,with_mine,mine intruder,mine,30,0,expander,expansion,enemy,Q2_NW,0.256843,2.622705,chosen_action,,0.0,0.18,0.073937,0.23651,0.337098,0.0,2.622705,chasing_leader,leader_target,,,0,0,0,0.0,0.0,0.0
train,with_mine,mine intruder,mine,30,0,expander,expansion,friendly,Q0_SE,0.200884,1.761374,chosen_action,,0.0,0.18,0.02711,0.160527,0.2786,0.0,1.761374,neutral,neutral,,,0,0,0,0.0,0.0,0.0
train,with_mine,mine intruder,intruder,30,1,anchor,expansion,neutral,Q1_SW,0.710237,3.376705,chosen_action,,0.0,0.18,0.05953,0.356316,0.460404,1.0,3.376705,cash_in,cash_in,,,0,0,0,0.0,0.0,0.0
train,with_mine,mine intruder,mine,40,0,expander,attack,enemy,Q3_NE,0.632284,4.964979,chosen_action,,0.0,0.046459,0.0,0.681645,0.3178,1.0,4.964979,overtake_window,overtake_window,,,0,0,0,0.0,0.0,0.0
train,with_mine,mine intruder,intruder,40,1,expander,expansion,enemy,Q0_SE,0.556213,2.344645,chosen_action,,0.0,0.18,0.099046,0.201361,0.193613,0.0,2.344645,pressured,concentrated_inbound,21,Q1_SW,2,2,63,24.0,2.625,2.859
train,with_mine,mine intruder,mine,50,0,expander,expansion,friendly,Q1_SW,0.286208,1.813699,chosen_action,,0.0,0.007097,0.0,0.192586,0.260364,0.0,1.813699,pressured,concentrated_inbound,21,Q1_SW,3,3,147,129.0,1.1395,3.135
train,with_mine,mine intruder,intruder,50,1,expander,expansion,friendly,Q1_SW,0.651493,1.738418,chosen_action,,0.0,0.147601,0.016249,0.155687,0.2702,0.0,1.738418,neutral,neutral,,,0,0,0,0.0,0.0,0.0
train,with_mine,mine intruder,intruder,50,1,expander,expansion,friendly,Q2_NW,1.0,1.81095,chosen_action,,0.0,0.059345,0.0,0.147456,0.33856,0.0,1.81095,neutral,neutral,,,0,0,0,0.0,0.0,0.0
train,with_mine,mine intruder,intruder,50,1,expander,expansion,friendly,Q2_NW,1.0,1.325975,chosen_action,,0.0,0.000761,0.0,0.068728,0.11928,0.0,1.325975,neutral,neutral,,,0,0,0,0.0,0.0,0.0
train,with_mine,mine intruder,mine,60,0,expander,attack,enemy,Q0_SE,0.466952,3.08556,chosen_action,,0.0,0.0,0.0,0.389474,0.11172,0.0,3.08556,pressured,concentrated_inbound,5,Q1_SW,2,2,117,25.0,4.68,0.807
train,with_mine,mine intruder,mine,60,0,feeder,attack,enemy,Q3_NE,0.485108,4.294126,chosen_action,,0.0,0.18,0.021206,0.726688,0.407462,0.0,4.294126,pressured,concentrated_inbound,5,Q1_SW,2,2,117,25.0,4.68,0.807
train,with_mine,mine intruder,intruder,60,1,expander,attack,enemy,Q2_NW,1.0,2.005283,chosen_action,,0.0,0.003184,0.023908,0.134848,0.06048,0.0,2.005283,chasing_leader,leader_target,,,0,0,0,0.0,0.0,0.0
train,with_mine,mine intruder,intruder,60,1,feeder,attack,friendly,Q2_NW,1.0,1.772852,chosen_action,,0.0,0.0,0.0,0.162947,0.2828,0.0,1.772852,neutral,neutral,,,0,0,0,0.0,0.0,0.0
train,with_mine,mine intruder,intruder,60,1,sweeper,attack,enemy,Q0_SE,0.494345,2.770213,chosen_action,,0.0,0.18,0.075826,0.292881,0.346147,0.0,2.770213,chasing_leader,leader_target,,,0,0,0,0.0,0.0,0.0
train,with_mine,mine intruder,intruder,60,1,expander,attack,friendly,Q1_SW,0.936161,1.280063,chosen_action,,0.0,0.0,0.1,0.059048,0.10248,0.0,1.280063,neutral,neutral,,,0,0,0,0.0,0.0,0.0
train,with_mine,mine intruder,mine,70,0,expander,attack,enemy,Q0_SE,0.648389,4.50525,chosen_action,,0.0,0.0,0.0,0.782237,0.465098,0.0,4.50525,overtake_window,overtake_window,,,0,0,0,0.0,0.0,0.0
train,with_mine,mine intruder,intruder,70,1,attacker,attack,enemy,Q0_SE,1.0,2.436694,chosen_action,,0.0,0.053915,0.0,0.202283,0.26016,0.0,2.436694,chasing_leader,leader_target,,,0,0,0,0.0,0.0,0.0
train,with_mine,mine intruder,intruder,70,1,expander,attack,friendly,Q1_SW,0.949424,1.792586,chosen_action,,0.0,0.153382,0.0,0.143584,0.33184,0.0,1.792586,neutral,neutral,,,0,0,0,0.0,0.0,0.0
train,with_mine,mine intruder,intruder,70,1,sweeper,attack,enemy,Q1_SW,0.553886,2.028239,chosen_action,,0.0,0.18,0.060419,0.139688,0.06888,0.0,2.028239,chasing_leader,leader_target,,,0,0,0,0.0,0.0,0.0
train,with_mine,mine intruder,mine,80,0,anchor,expansion,enemy,Q0_SE,0.52988,3.839666,chosen_action,,0.0,0.032851,0.000668,0.530708,0.419236,0.0,3.839666,cash_in,cash_in,,,0,0,0,0.0,0.0,0.0
train,with_mine,mine intruder,intruder,80,1,expander,attack,friendly,Q0_SE,0.612635,1.546191,chosen_action,,0.0,0.058358,0.4,0.091635,0.24168,0.0,1.546191,neutral,neutral,,,0,0,0,0.0,0.0,0.0
train,with_mine,mine best intruder smith,intruder,20,1,expander,initiation,neutral,Q3_NE,1.0,1.840116,chosen_action,,0.0,0.0,0.0,0.144196,0.36596,0.0,1.840116,neutral,neutral,,,0,0,0,0.0,0.0,0.0
train,with_mine,mine best intruder smith,mine,30,0,anchor,expansion,enemy,Q0_SE,0.048748,1.160692,chosen_action,,0.0,0.18,0.4,0.03388,0.0588,0.0,1.160692,neutral,neutral,,,0,0,0,0.0,0.0,0.0
train,with_mine,mine best intruder smith,best,30,0,anchor,expansion,enemy,Q1_SW,0.159341,2.005283,chosen_action,,0.0,0.18,0.4,0.134848,0.06048,0.0,2.005283,chasing_leader,leader_target,,,0,0,0,0.0,0.0,0.0
train,with_mine,mine best intruder smith,best,50,0,expander,expansion,friendly,Q1_SW,0.194585,1.624403,chosen_action,,0.0,0.030178,0.4,0.131648,0.22848,0.0,1.624403,neutral,neutral,,,0,0,0,0.0,0.0,0.0
train,with_mine,mine best intruder smith,best,60,0,anchor,expansion,neutral,Q0_SE,0.21299,2.516338,chosen_action,,0.0,0.18,0.4,0.259405,0.662049,0.0,2.516338,cash_in,cash_in,,,0,0,0,0.0,0.0,0.0
train,with_mine,mine best intruder smith,best,60,0,expander,expansion,friendly,Q1_SW,0.209902,1.63129,chosen_action,,0.0,0.030178,0.32786,0.1331,0.231,0.0,1.63129,neutral,neutral,,,0,0,0,0.0,0.0,0.0
train,with_mine,mine best intruder smith,intruder,70,1,expander,expansion,friendly,Q0_SE,0.618377,1.142327,chosen_action,,0.0,0.0,0.4,0.030008,0.05208,0.0,1.142327,neutral,neutral,,,0,0,0,0.0,0.0,0.0
train,with_mine,mine best intruder smith,intruder,90,1,expander,expansion,friendly,Q1_SW,0.773583,1.140032,chosen_action,,0.0,0.0,0.244497,0.029524,0.05124,0.0,1.140032,neutral,neutral,,,0,0,0,0.0,0.0,0.0
train,with_mine,mine best intruder smith,intruder,100,1,expander,expansion,enemy,Q3_NE,0.971092,2.423082,chosen_action,,0.0,0.0,0.214193,0.222936,0.21336,0.0,2.423082,pressured,concentrated_inbound,5,Q1_SW,2,3,115,118.0,0.9746,6.338
train,with_mine,mine best intruder smith,smith,100,0,anchor,expansion,neutral,Q1_SW,0.278121,3.037715,chosen_action,,0.0,0.18,0.4,0.478698,0.6584,0.0,3.037715,cash_in,cash_in,,,0,0,0,0.0,0.0,0.0
train,with_mine,mine best intruder smith,intruder,110,1,expander,expansion,friendly,Q1_SW,0.723554,1.953278,chosen_action,,0.0,0.0,0.4,0.177464,0.39064,0.0,1.953278,pressured,concentrated_inbound,5,Q1_SW,2,3,115,118.0,0.9746,6.338
train,with_mine,mine best intruder smith,intruder,130,1,expander,expansion,neutral,Q1_SW,0.177062,2.362586,chosen_action,,0.95,0.18,0.4,0.230829,0.59896,0.0,2.362586,cash_in,cash_in,,,0,0,0,0.0,0.0,0.0
train,with_mine,mine best intruder smith,smith,130,0,expander,initiation,enemy,Q2_NW,0.547425,3.954422,chosen_action,,0.0,0.013617,0.14062,0.615853,0.352871,0.0,3.954422,overtake_window,overtake_window,,,0,0,0,0.0,0.0,0.0
train,with_mine,mine best,mine,0,0,expander,initiation,neutral,Q0_SE,0.222382,1.644829,chosen_action,,0.0,0.163971,0.146056,0.079499,0.33632,0.0,1.644829,neutral,neutral,,,0,0,0,0.0,0.0,0.0
train,with_mine,mine best,mine,20,0,expander,expansion,unknown,unknown,0.089902,1.0,chosen_action,,0.0,0.18,0.190491,0.0,0.0,0.0,1.0,neutral,neutral,,,0,0,0,0.0,0.0,0.0
train,with_mine,mine best,mine,20,0,expander,expansion,neutral,Q1_SW,0.230093,1.644829,chosen_action,,0.0,0.18,0.091469,0.079499,0.33632,0.0,1.644829,neutral,neutral,,,0,0,0,0.0,0.0,0.0
train,with_mine,mine best,best,30,1,expander,established,neutral,Q3_NE,1.0,3.37831,chosen_action,,0.0,0.175136,0.010213,0.36583,0.44468,1.0,3.37831,cash_in,cash_in,,,0,0,0,0.0,0.0,0.0
train,with_mine,mine best,best,40,1,expander,established,neutral,Q0_SE,1.0,3.503882,chosen_action,,0.0,0.18,0.023601,0.377062,0.517729,1.0,3.503882,cash_in,cash_in,,,0,0,0,0.0,0.0,0.0
train,with_mine,mine best,best,40,1,expander,attack,enemy,Q1_SW,0.419382,4.393753,chosen_action,,0.95,0.18,0.046535,0.48923,0.236742,1.0,4.393753,chasing_leader,leader_target,,,0,0,0,0.0,0.0,0.0
train,with_mine,mine best,mine,50,0,expander,attack,enemy,Q3_NE,0.62785,4.515611,chosen_action,,0.0,0.0,0.032484,0.553404,0.21292,1.0,4.515611,overtake_window,overtake_window,,,0,0,0,0.0,0.0,0.0
train,with_mine,mine best,mine,50,0,expander,attack,friendly,Q0_SE,0.420393,3.150011,chosen_action,,0.0,0.18,0.015766,0.35607,0.29292,1.0,3.150011,neutral,neutral,,,0,0,0,0.0,0.0,0.0
train,with_mine,mine best,best,50,1,expander,attack,enemy,Q1_SW,0.933681,2.287188,chosen_action,,0.0,0.18,0.054059,0.194238,0.163716,0.0,2.287188,chasing_leader,leader_target,,,0,0,0,0.0,0.0,0.0
train,with_mine,mine best,best,50,1,feeder,attack,friendly,Q3_NE,1.0,1.835437,chosen_action,,0.0,0.0,0.0,0.152619,0.34752,0.0,1.835437,neutral,neutral,,,0,0,0,0.0,0.0,0.0
train,with_mine,mine best,best,60,1,sweeper,attack,neutral,Q1_SW,1.0,1.714486,chosen_action,,0.0,0.036083,0.007305,0.093955,0.362218,0.0,1.714486,cash_in,cash_in,,,0,0,0,0.0,0.0,0.0
train,with_mine,mine best,mine,70,0,expander,attack,friendly,Q0_SE,0.295623,1.748878,chosen_action,,0.0,0.0,0.0,0.21139,0.17892,0.0,1.748878,neutral,neutral,,,0,0,0,0.0,0.0,0.0
train,with_mine,mine best,mine,70,0,expander,attack,friendly,Q0_SE,0.29903,1.801616,chosen_action,,0.0,0.0,0.016634,0.226277,0.19152,0.0,1.801616,neutral,neutral,,,0,0,0,0.0,0.0,0.0
train,with_mine,mine best,mine,70,0,expander,attack,friendly,Q1_SW,0.277388,1.667628,chosen_action,,0.0,0.0,0.042786,0.153573,0.22152,0.0,1.667628,neutral,neutral,,,0,0,0,0.0,0.0,0.0
train,with_mine,mine best,mine,70,0,expander,attack,unknown,unknown,0.119214,1.0,chosen_action,,0.0,0.18,0.043928,0.0,0.0,0.0,1.0,neutral,neutral,,,0,0,0,0.0,0.0,0.0
train,with_mine,mine best,best,70,1,expander,attack,enemy,Q1_SW,0.898838,2.638447,chosen_action,,0.0,0.179073,0.13569,0.242934,0.337338,0.0,2.638447,pressured,concentrated_inbound,30,Q1_SW,2,2,70,26.0,2.6923,4.029
train,with_mine,mine best,best,80,1,expander,attack,enemy,Q1_SW,0.443278,2.595091,chosen_action,,0.0,0.18,0.164687,0.235679,0.31812,0.0,2.595091,chasing_leader,leader_target,,,0,0,0,0.0,0.0,0.0
train,with_mine,mine best,mine,110,0,expander,attack,neutral,Q2_NW,0.198056,2.191284,chosen_action,,0.0,0.18,0.121681,0.222283,0.487262,0.0,2.191284,cash_in,cash_in,,,0,0,0,0.0,0.0,0.0
train,with_mine,mine best,best,110,1,expander,attack,enemy,Q0_SE,0.934689,2.301416,chosen_action,,0.0,0.0,0.234888,0.197284,0.16884,0.0,2.301416,chasing_leader,leader_target,,,0,0,0,0.0,0.0,0.0
train,with_mine,mine best,best,110,1,expander,attack,enemy,Q0_SE,1.0,2.526223,chosen_action,,0.0,0.173766,0.000379,0.221159,0.29292,0.0,2.526223,chasing_leader,leader_target,,,0,0,0,0.0,0.0,0.0
train,with_mine,mine best,best,110,1,expander,attack,enemy,Q0_SE,0.904728,2.301416,chosen_action,,0.0,0.18,0.084848,0.197284,0.16884,0.0,2.301416,chasing_leader,leader_target,,,0,0,0,0.0,0.0,0.0
train,with_mine,mine best,best,120,1,expander,established,friendly,Q0_SE,0.960466,1.413046,chosen_action,,0.0,0.0,0.093336,0.063563,0.19296,0.0,1.413046,neutral,neutral,,,0,0,0,0.0,0.0,0.0
train,with_mine,mine best intruder 1200,1200,10,0,expander,expansion,neutral,Q2_NW,0.221528,2.024368,chosen_action,,0.0,0.159319,0.4,0.15952,0.4752,0.0,2.024368,neutral,neutral,,,0,0,0,0.0,0.0,0.0
train,with_mine,mine best intruder 1200,intruder,20,1,anchor,expansion,friendly,Q3_NE,1.0,3.179242,chosen_action,,0.0,0.001709,0.1,0.345885,0.33268,1.0,3.179242,neutral,neutral,,,0,0,0,0.0,0.0,0.0
train,with_mine,mine best intruder 1200,1200,20,0,expander,expansion,friendly,Q2_NW,0.301134,2.774022,chosen_action,,0.0,0.18,0.4,0.303461,0.33016,0.666667,2.774022,neutral,neutral,,,0,0,0,0.0,0.0,0.0
train,with_mine,mine best intruder 1200,1200,20,0,expander,expansion,friendly,Q2_NW,0.394321,2.774022,chosen_action,,0.0,0.0,0.1,0.303461,0.33016,0.666667,2.774022,neutral,neutral,,,0,0,0,0.0,0.0,0.0
train,with_mine,mine best intruder 1200,intruder,30,1,expander,expansion,neutral,Q1_SW,0.543995,2.522173,chosen_action,,0.0,0.18,0.073752,0.260451,0.664511,0.0,2.522173,cash_in,cash_in,,,0,0,0,0.0,0.0,0.0
train,with_mine,mine best intruder 1200,1200,30,0,expander,expansion,friendly,Q2_NW,0.33884,2.79208,chosen_action,,0.0,0.18,0.223418,0.30437,0.34192,0.666667,2.79208,pressured,concentrated_inbound,23,Q3_NE,2,2,55,20.0,2.75,4.398
train,with_mine,mine best intruder 1200,1200,30,0,anchor,expansion,enemy,Q1_SW,0.268179,2.717561,chosen_action,,0.0,0.18,0.188915,0.285645,0.320009,0.666667,2.717561,pressured,concentrated_inbound,23,Q3_NE,2,2,55,20.0,2.75,4.398
train,with_mine,mine best intruder 1200,best,40,0,anchor,expansion,neutral,Q2_NW,0.269153,3.091612,chosen_action,,0.0,0.18,0.391787,0.486455,0.684533,0.0,3.091612,pressured,concentrated_inbound,5,Q1_SW,5,5,101,134.0,0.7537,7.314
train,with_mine,mine best intruder 1200,best,40,0,expander,expansion,friendly,Q1_SW,0.34715,2.146957,chosen_action,,0.0,0.0,0.0,0.288876,0.33604,0.0,2.146957,pressured,concentrated_inbound,5,Q1_SW,5,5,101,134.0,0.7537,7.314
train,with_mine,mine best intruder 1200,1200,40,0,expander,expansion,neutral,Q3_NE,0.370711,3.304135,chosen_action,,0.0,0.18,0.085644,0.435556,0.710222,0.333333,3.304135,cash_in,cash_in,,,0,0,0,0.0,0.0,0.0
train,with_mine,mine best intruder 1200,1200,50,0,expander,expansion,enemy,Q1_SW,0.281427,2.351857,chosen_action,,0.0,0.18,0.254596,0.261739,0.31384,0.333333,2.351857,neutral,neutral,,,0,0,0,0.0,0.0,0.0
train,with_mine,mine best intruder 1200,intruder,60,1,expander,expansion,friendly,Q2_NW,0.658984,1.456824,chosen_action,,0.0,0.0,0.4,0.096316,0.16716,0.0,1.456824,neutral,neutral,,,0,0,0,0.0,0.0,0.0
train,with_mine,mine best intruder 1200,intruder,60,1,expander,expansion,friendly,Q2_NW,0.738175,1.645667,chosen_action,,0.0,0.010576,0.335086,0.112608,0.27808,0.0,1.645667,neutral,neutral,,,0,0,0,0.0,0.0,0.0
train,with_mine,mine best intruder 1200,1200,60,0,expander,expansion,enemy,Q2_NW,0.480661,3.955603,chosen_action,,0.0,0.09308,0.4,0.573494,0.429049,0.0,3.955603,overtake_window,overtake_window,,,0,0,0,0.0,0.0,0.0
train,with_mine,mine best intruder 1200,mine,70,0,expander,expansion,friendly,Q1_SW,0.345891,2.290654,chosen_action,,0.0,0.0,0.1,0.30982,0.405249,0.0,2.290654,cash_in,cash_in,,,0,0,0,0.0,0.0,0.0
train,with_mine,mine best intruder 1200,mine,70,0,expander,expansion,friendly,Q1_SW,0.303975,2.188694,chosen_action,,0.0,0.023792,0.1,0.281039,0.380889,0.0,2.188694,cash_in,cash_in,,,0,0,0,0.0,0.0,0.0
train,with_mine,mine best intruder 1200,best,70,0,expander,initiation,neutral,Q0_SE,0.366116,3.22964,chosen_action,,0.0,0.18,0.4,0.425129,0.673578,0.333333,3.22964,pressured,concentrated_inbound,16,Q1_SW,2,2,148,59.0,2.5085,8.473
train,with_mine,mine best intruder 1200,intruder,70,1,expander,expansion,friendly,Q3_NE,0.637346,1.289246,chosen_action,,0.0,0.0,0.4,0.060984,0.10584,0.0,1.289246,neutral,neutral,,,0,0,0,0.0,0.0,0.0
train,with_mine,mine best intruder 1200,intruder,70,1,anchor,expansion,friendly,Q2_NW,0.988273,1.836202,chosen_action,,0.0,0.0,0.1,0.15278,0.3478,0.0,1.836202,neutral,neutral,,,0,0,0,0.0,0.0,0.0
train,with_mine,mine best intruder 1200,mine,80,0,expander,expansion,friendly,Q0_SE,0.153866,1.682077,chosen_action,,0.0,0.061537,0.4,0.192534,0.16296,0.0,1.682077,pressured,concentrated_inbound,22,Q1_SW,2,2,86,108.0,0.7963,1.658
train,with_mine,mine best intruder 1200,intruder,80,1,expander,expansion,friendly,Q3_NE,1.0,2.017554,chosen_action,,0.0,0.0,0.0,0.191016,0.41416,0.0,2.017554,cash_in,cash_in,,,0,0,0,0.0,0.0,0.0
train,with_mine,mine best intruder 1200,1200,80,0,expander,expansion,enemy,Q1_SW,0.566364,3.851744,chosen_action,,0.0,0.0,0.0,0.526743,0.435231,0.0,3.851744,cash_in,cash_in,,,0,0,0,0.0,0.0,0.0
train,with_mine,mine best intruder 1200,intruder,90,1,expander,expansion,enemy,Q1_SW,1.0,2.616516,chosen_action,,0.0,0.0,0.0,0.240196,0.32596,0.0,2.616516,chasing_leader,leader_target,,,0,0,0,0.0,0.0,0.0
train,with_mine,mine best intruder 1039,mine,0,0,anchor,initiation,neutral,Q0_SE,0.145618,1.78486,chosen_action,,0.0,0.104246,0.4,0.109023,0.38756,0.0,1.78486,neutral,neutral,,,0,0,0,0.0,0.0,0.0
train,with_mine,mine best intruder 1039,best,0,0,anchor,initiation,neutral,Q1_SW,0.145618,1.78486,chosen_action,,0.0,0.104246,0.4,0.109023,0.38756,0.0,1.78486,neutral,neutral,,,0,0,0,0.0,0.0,0.0
train,with_mine,mine best intruder 1039,1039,0,0,anchor,initiation,neutral,Q3_NE,0.181868,2.275844,chosen_action,,0.0,0.18,0.4,0.212242,0.567751,0.0,2.275844,neutral,neutral,,,0,0,0,0.0,0.0,0.0
train,with_mine,mine best intruder 1039,intruder,20,1,anchor,expansion,neutral,Q3_NE,0.702468,1.78486,chosen_action,,0.0,0.0,0.4,0.109023,0.38756,0.0,1.78486,cash_in,cash_in,,,0,0,0,0.0,0.0,0.0
train,with_mine,mine best intruder 1039,intruder,20,1,expander,expansion,neutral,Q2_NW,0.414371,2.014938,chosen_action,,0.0,0.18,0.197843,0.155531,0.475307,0.0,2.014938,cash_in,cash_in,,,0,0,0,0.0,0.0,0.0
train,with_mine,mine best intruder 1039,best,30,0,expander,attack,friendly,Q1_SW,0.386357,2.454008,chosen_action,,0.0,0.0,0.0,0.375549,0.4094,0.0,2.454008,pressured,concentrated_inbound,20,Q1_SW,2,2,35,45.0,0.7778,2.44
train,with_mine,mine best intruder 1039,best,30,0,shield,attack,friendly,Q1_SW,0.380047,2.506746,chosen_action,,0.0,0.0,0.0,0.390436,0.422,0.0,2.506746,pressured,concentrated_inbound,20,Q1_SW,2,2,35,45.0,0.7778,2.44
train,with_mine,mine best intruder 1039,intruder,30,1,expander,attack,enemy,Q0_SE,0.832542,1.491291,chosen_action,,0.0,0.159028,0.072371,0.07822,0.224862,0.0,1.491291,neutral,neutral,,,0,0,0,0.0,0.0,0.0
train,with_mine,mine best intruder 1039,1039,30,0,anchor,expansion,enemy,Q0_SE,0.092105,1.713475,chosen_action,,0.95,0.18,0.4,0.151246,0.259618,0.0,1.713475,neutral,neutral,,,0,0,0,0.0,0.0,0.0
train,with_mine,mine best intruder 1039,1039,30,0,expander,expansion,enemy,Q1_SW,0.294623,2.701204,chosen_action,,0.0,0.18,0.4,0.310228,0.190116,0.333333,2.701204,chasing_leader,leader_target,,,0,0,0,0.0,0.0,0.0
train,with_mine,mine best intruder 1039,mine,40,0,expander,attack,friendly,Q0_SE,0.282169,1.678175,chosen_action,,0.0,0.0,0.017548,0.156551,0.22404,0.0,1.678175,pressured,concentrated_inbound,24,Q0_SE,2,3,89,71.0,1.2535,3.74
train,with_mine,mine best intruder 1039,best,40,0,expander,attack,friendly,Q1_SW,0.291038,1.882481,chosen_action,,0.0,0.0,0.108223,0.249103,0.21084,0.0,1.882481,pressured,concentrated_inbound,28,Q1_SW,2,2,34,62.0,0.5484,1.955
train,with_mine,mine best intruder 1039,1039,40,0,anchor,expansion,neutral,Q2_NW,0.172413,1.999219,chosen_action,,0.0,0.104246,0.4,0.198339,0.38756,0.0,1.999219,cash_in,cash_in,,,0,0,0,0.0,0.0,0.0
train,with_mine,mine best intruder 1039,mine,50,0,expander,attack,friendly,Q0_SE,0.395917,2.716436,chosen_action,,0.0,0.00854,0.0,0.347284,0.431818,0.333333,2.716436,pressured,concentrated_inbound,16,Q0_SE,2,2,84,119.0,0.7059,5.288
train,with_mine,mine best intruder 1039,best,50,0,battery,attack,enemy,Q0_SE,0.300067,2.762351,chosen_action,,0.0,0.18,0.031077,0.434891,0.532307,0.0,2.762351,cash_in,cash_in,,,0,0,0,0.0,0.0,0.0
train,with_mine,mine best intruder 1039,intruder,50,1,expander,attack,enemy,Q2_NW,1.0,2.748138,chosen_action,,0.0,0.135657,0.053209,0.282776,0.34776,0.0,2.748138,chasing_leader,leader_target,,,0,0,0,0.0,0.0,0.0
train,with_mine,mine best intruder 1039,intruder,50,1,expander,attack,neutral,Q0_SE,0.534014,1.680149,chosen_action,,0.0,0.18,0.374957,0.085796,0.351289,0.0,1.680149,cash_in,cash_in,,,0,0,0,0.0,0.0,0.0
train,with_mine,mine best intruder 1039,1039,50,0,battery,attack,neutral,Q2_NW,0.42294,2.732862,chosen_action,,0.0,0.0,0.0,0.405428,0.56284,0.0,2.732862,pressured,concentrated_inbound,21,Q2_NW,2,2,149,27.0,5.5185,2.852
train,with_mine,mine best intruder 1039,best,60,0,anchor,attack,friendly,Q2_NW,0.160452,1.435521,chosen_action,,0.0,0.18,0.017383,0.107047,0.132302,0.0,1.435521,pressured,concentrated_inbound,8,Q0_SE,2,2,61,39.0,1.5641,1.0
train,with_mine,mine best intruder 1039,best,60,0,sweeper,attack,friendly,Q1_SW,0.223546,1.590279,chosen_action,,0.0,0.058616,0.006026,0.131739,0.20304,0.0,1.590279,pressured,concentrated_inbound,8,Q0_SE,2,2,61,39.0,1.5641,1.0
train,with_mine,mine best intruder 1039,intruder,60,1,battery,attack,friendly,Q0_SE,1.0,1.732218,chosen_action,,0.0,0.049817,0.017419,0.150768,0.274351,0.0,1.732218,neutral,neutral,,,0,0,0,0.0,0.0,0.0
train,with_mine,mine best intruder 1039,intruder,60,1,expander,attack,neutral,Q0_SE,0.627965,2.079384,chosen_action,,0.0,0.112603,0.4,0.167508,0.501751,0.0,2.079384,cash_in,cash_in,,,0,0,0,0.0,0.0,0.0
train,with_mine,mine best intruder 1039,intruder,60,1,battery,attack,friendly,Q2_NW,0.596532,1.662636,chosen_action,,0.0,0.18,0.029136,0.134166,0.252324,0.0,1.662636,neutral,neutral,,,0,0,0,0.0,0.0,0.0
train,with_mine,mine best intruder 1039,intruder,60,1,expander,attack,friendly,Q0_SE,0.620632,1.780264,chosen_action,,0.0,0.18,0.300656,0.137375,0.333751,0.0,1.780264,neutral,neutral,,,0,0,0,0.0,0.0,0.0
train,with_mine,mine best intruder 1039,mine,70,0,feeder,attack,friendly,Q0_SE,0.417631,2.796503,chosen_action,,0.0,0.0,0.0,0.442933,0.543307,0.0,2.796503,cash_in,cash_in,,,0,0,0,0.0,0.0,0.0
train,with_mine,mine best intruder 1039,best,70,0,expander,attack,friendly,Q2_NW,0.28786,2.348806,chosen_action,,0.0,0.0,0.4,0.263135,0.309098,0.333333,2.348806,neutral,neutral,,,0,0,0,0.0,0.0,0.0
train,with_mine,mine best intruder 1039,intruder,70,1,expander,attack,enemy,Q2_NW,0.544822,2.464841,chosen_action,,0.0,0.055478,0.4,0.206883,0.272831,0.0,2.464841,pressured,concentrated_inbound,27,Q2_NW,2,2,91,25.0,3.64,3.051
train,with_mine,mine best intruder 1039,intruder,70,1,anchor,attack,friendly,Q3_NE,1.0,1.711474,chosen_action,,0.0,0.0,0.0,0.126483,0.30216,0.0,1.711474,pressured,concentrated_inbound,27,Q2_NW,2,2,91,25.0,3.64,3.051
train,with_mine,mine best intruder 1039,best,80,0,anchor,attack,enemy,Q0_SE,0.688581,4.813881,chosen_action,,0.0,0.0,0.0,0.83015,0.608533,0.0,4.813881,overtake_window,overtake_window,,,0,0,0,0.0,0.0,0.0
train,with_mine,mine best intruder 1039,intruder,80,1,expander,attack,friendly,Q2_NW,1.0,2.085565,chosen_action,,0.0,0.0,0.0,0.203331,0.442644,0.0,2.085565,cash_in,cash_in,,,0,0,0,0.0,0.0,0.0
train,with_mine,mine best intruder 1039,best,90,0,expander,attack,enemy,Q2_NW,0.555638,3.779688,chosen_action,,0.0,0.0,0.0,0.582684,0.282404,0.0,3.779688,pressured,concentrated_inbound,29,Q3_NE,2,2,93,12.0,7.75,0.596
train,with_mine,mine best intruder 1039,best,90,0,expander,attack,friendly,Q1_SW,0.313131,1.885997,chosen_action,,0.0,0.0,0.0,0.250095,0.21168,0.0,1.885997,pressured,concentrated_inbound,29,Q3_NE,2,2,93,12.0,7.75,0.596
train,with_mine,mine best intruder 1039,intruder,90,1,expander,attack,friendly,Q0_SE,0.075878,1.587674,chosen_action,,0.95,0.0,0.1,0.123904,0.21504,0.0,1.587674,pressured,concentrated_inbound,27,Q2_NW,2,2,97,58.0,1.6724,7.095
train,with_mine,mine best intruder 1039,best,100,0,feeder,attack,friendly,Q1_SW,0.390846,2.489167,chosen_action,,0.0,0.0,0.0,0.385474,0.4178,0.0,2.489167,cash_in,cash_in,,,0,0,0,0.0,0.0,0.0
train,with_mine,mine best intruder 1039,best,100,0,attacker,attack,enemy,Q3_NE,0.485896,4.796686,chosen_action,,0.95,0.18,0.042575,0.849783,0.560893,0.0,4.796686,overtake_window,overtake_window,,,0,0,0,0.0,0.0,0.0
train,with_mine,mine best intruder 1039,intruder,100,1,battery,established,friendly,Q0_SE,0.05602,1.433868,chosen_action,,0.95,0.0,0.1,0.091476,0.15876,0.0,1.433868,pressured,concentrated_inbound,25,Q1_SW,2,2,90,38.0,2.3684,2.58
train,with_mine,mine best intruder 1039,best,110,0,expander,attack,enemy,Q0_SE,0.55008,4.058349,chosen_action,,0.0,0.127707,0.080332,0.637945,0.390578,0.0,4.058349,overtake_window,overtake_window,,,0,0,0,0.0,0.0,0.0
train,with_mine,mine best intruder 1039,intruder,110,1,battery,attack,enemy,Q1_SW,0.593326,2.738004,chosen_action,,0.0,0.18,0.032701,0.285308,0.335751,0.0,2.738004,chasing_leader,leader_target,,,0,0,0,0.0,0.0,0.0
train,with_mine,mine best intruder 1039,best,120,0,expander,attack,friendly,Q1_SW,0.394887,2.52081,chosen_action,,0.0,0.0,0.0,0.394406,0.42536,0.0,2.52081,cash_in,cash_in,,,0,0,0,0.0,0.0,0.0
train,with_mine,mine best intruder 1039,best,120,0,anchor,attack,friendly,Q1_SW,0.25795,1.541057,chosen_action,,0.0,0.0,0.025114,0.117845,0.19128,0.0,1.541057,neutral,neutral,,,0,0,0,0.0,0.0,0.0
train,with_mine,mine best intruder 1039,intruder,120,1,battery,established,friendly,Q1_SW,0.736571,1.697614,chosen_action,,0.0,0.126958,0.226584,0.145083,0.258827,0.0,1.697614,pressured,concentrated_inbound,23,Q0_SE,2,2,190,247.0,0.7692,2.391
train,with_mine,mine best intruder 1039,intruder,130,1,expander,attack,enemy,Q1_SW,1.0,2.422921,chosen_action,,0.0,0.0,0.0,0.199379,0.25512,0.0,2.422921,chasing_leader,leader_target,,,0,0,0,0.0,0.0,0.0
train,with_mine,mine best intruder 1039,intruder,130,1,battery,established,friendly,Q2_NW,0.157,1.828712,chosen_action,,0.95,0.0,0.0,0.174724,0.30324,0.0,1.828712,neutral,neutral,,,0,0,0,0.0,0.0,0.0
train,with_mine,mine best,mine,0,0,anchor,initiation,neutral,Q0_SE,0.130314,1.787318,chosen_action,,0.0,0.18,0.4,0.133064,0.34664,0.0,1.787318,neutral,neutral,,,0,0,0,0.0,0.0,0.0
train,with_mine,mine best,best,0,1,anchor,initiation,neutral,Q2_NW,0.242314,1.787318,chosen_action,,0.0,0.18,0.4,0.133064,0.34664,0.0,1.787318,neutral,neutral,,,0,0,0,0.0,0.0,0.0
train,with_mine,mine best,mine,40,0,expander,expansion,enemy,Q3_NE,0.560436,4.214663,chosen_action,,0.0,0.105499,0.146181,0.725801,0.350178,0.0,4.214663,overtake_window,overtake_window,,,0,0,0,0.0,0.0,0.0
train,with_mine,mine best,mine,40,0,expander,expansion,unknown,unknown,0.089845,1.0,chosen_action,,0.0,0.18,0.190775,0.0,0.0,0.0,1.0,neutral,neutral,,,0,0,0,0.0,0.0,0.0
train,with_mine,mine best,best,40,1,expander,expansion,enemy,Q0_SE,0.681561,2.91777,chosen_action,,0.0,0.18,0.387724,0.320841,0.405742,0.0,2.91777,cash_in,cash_in,,,0,0,0,0.0,0.0,0.0
train,with_mine,mine best,best,50,1,expander,expansion,friendly,Q3_NE,0.988902,2.229515,chosen_action,,0.0,0.170319,0.0,0.235705,0.49172,0.0,2.229515,cash_in,cash_in,,,0,0,0,0.0,0.0,0.0
train,with_mine,mine best,mine,60,0,expander,attack,neutral,Q1_SW,0.259639,1.847362,chosen_action,,0.0,0.18,0.071521,0.151922,0.357591,0.0,1.847362,cash_in,cash_in,,,0,0,0,0.0,0.0,0.0
train,with_mine,mine best,mine,60,0,anchor,attack,friendly,Q1_SW,0.281996,2.36465,chosen_action,,0.0,0.18,0.00162,0.381657,0.332351,0.0,2.36465,neutral,neutral,,,0,0,0,0.0,0.0,0.0
train,with_mine,mine best,mine,60,0,expander,attack,neutral,Q1_SW,0.275025,1.895412,chosen_action,,0.0,0.105376,0.09989,0.165486,0.369071,0.0,1.895412,cash_in,cash_in,,,0,0,0,0.0,0.0,0.0
train,with_mine,mine best,best,60,1,expander,expansion,neutral,Q1_SW,0.917417,1.634116,chosen_action,,0.0,0.0,0.165587,0.07724,0.3324,0.0,1.634116,neutral,neutral,,,0,0,0,0.0,0.0,0.0
train,with_mine,mine best,mine,70,0,expander,attack,friendly,Q0_SE,0.261853,1.478943,chosen_action,,0.0,0.0,0.0,0.100312,0.17644,0.0,1.478943,neutral,neutral,,,0,0,0,0.0,0.0,0.0
train,with_mine,mine best,mine,80,0,expander,attack,enemy,Q1_SW,0.415627,3.581128,chosen_action,,0.0,0.18,0.4,0.459521,0.35428,0.0,3.581128,pressured,concentrated_inbound,0,Q0_SE,2,2,158,22.0,7.1818,3.732
train,with_mine,mine best,mine,80,0,attacker,attack,neutral,Q0_SE,0.225026,1.581631,chosen_action,,0.0,0.0,0.251363,0.112594,0.230671,0.0,1.581631,pressured,concentrated_inbound,0,Q0_SE,2,2,158,22.0,7.1818,3.732
train,with_mine,mine best,best,80,1,feeder,established,neutral,Q1_SW,0.110818,1.465934,chosen_action,,0.95,0.0,0.0,0.065304,0.22904,0.0,1.465934,pressured,concentrated_inbound,25,Q1_SW,2,2,30,30.0,1.0,0.142
train,with_mine,mine best intruder 1039,mine,0,0,expander,initiation,neutral,Q0_SE,0.235517,1.789613,chosen_action,,0.0,0.0,0.335471,0.133548,0.34748,0.0,1.789613,neutral,neutral,,,0,0,0,0.0,0.0,0.0
train,with_mine,mine best intruder 1039,best,0,0,expander,initiation,neutral,Q1_SW,0.235517,1.789613,chosen_action,,0.0,0.0,0.335471,0.133548,0.34748,0.0,1.789613,neutral,neutral,,,0,0,0,0.0,0.0,0.0
train,with_mine,mine best intruder 1039,intruder,0,1,expander,initiation,neutral,Q3_NE,0.76714,1.789613,chosen_action,,0.0,0.0,0.335471,0.133548,0.34748,0.0,1.789613,neutral,neutral,,,0,0,0,0.0,0.0,0.0
train,with_mine,mine best intruder 1039,1039,0,0,expander,initiation,neutral,Q1_SW,0.263255,2.379481,chosen_action,,0.0,0.18,0.4,0.233816,0.606164,0.0,2.379481,neutral,neutral,,,0,0,0,0.0,0.0,0.0
train,with_mine,mine best intruder 1039,1039,10,0,expander,initiation,neutral,Q2_NW,0.511238,3.568006,chosen_action,,0.0,0.01243,0.0,0.433845,0.46428,1.0,3.568006,cash_in,cash_in,,,0,0,0,0.0,0.0,0.0
train,with_mine,mine best intruder 1039,intruder,30,1,expander,expansion,neutral,Q0_SE,0.655187,1.422317,chosen_action,,0.0,0.0,0.4,0.056108,0.21308,0.0,1.422317,neutral,neutral,,,0,0,0,0.0,0.0,0.0
train,with_mine,mine best intruder 1039,intruder,30,1,expander,expansion,unknown,unknown,0.24,1.0,chosen_action,,0.0,0.18,0.4,0.0,0.0,0.0,1.0,neutral,neutral,,,0,0,0,0.0,0.0,0.0
train,with_mine,mine best intruder 1039,intruder,40,1,expander,expansion,friendly,Q0_SE,0.675878,1.587674,chosen_action,,0.0,0.0,0.4,0.123904,0.21504,0.0,1.587674,pressured,concentrated_inbound,16,Q1_SW,2,2,89,59.0,1.5085,1.078
train,with_mine,mine best intruder 1039,intruder,40,1,expander,expansion,friendly,Q3_NE,1.0,2.156821,chosen_action,,0.0,0.022773,0.115227,0.220379,0.46512,0.0,2.156821,pressured,concentrated_inbound,16,Q1_SW,2,2,89,59.0,1.5085,1.078
train,with_mine,mine best intruder 1039,best,50,0,anchor,expansion,enemy,Q0_SE,0.431185,4.335978,chosen_action,,0.0,0.18,0.4,0.713952,0.461107,0.0,4.335978,overtake_window,overtake_window,,,0,0,0,0.0,0.0,0.0
train,with_mine,mine best intruder 1039,intruder,50,1,expander,expansion,enemy,Q1_SW,0.806583,2.79438,chosen_action,,0.0,0.18,0.247149,0.275948,0.394151,0.0,2.79438,cash_in,cash_in,,,0,0,0,0.0,0.0,0.0
train,with_mine,mine best intruder 1039,best,60,0,anchor,initiation,neutral,Q2_NW,0.117622,1.907794,chosen_action,,0.95,0.0,0.4,0.17084,0.368724,0.0,1.907794,cash_in,cash_in,,,0,0,0,0.0,0.0,0.0
train,with_mine,mine intruder,mine,0,0,anchor,initiation,neutral,Q0_SE,0.158132,1.999116,chosen_action,,0.0,0.18,0.4,0.154196,0.46596,0.0,1.999116,neutral,neutral,,,0,0,0,0.0,0.0,0.0
train,with_mine,mine intruder,intruder,0,1,anchor,initiation,neutral,Q2_NW,0.270132,1.999116,chosen_action,,0.0,0.18,0.4,0.154196,0.46596,0.0,1.999116,neutral,neutral,,,0,0,0,0.0,0.0,0.0
train,with_mine,mine intruder,mine,10,0,anchor,initiation,neutral,Q3_NE,0.064666,1.371814,chosen_action,,0.0,0.18,0.4,0.04546,0.1946,0.0,1.371814,neutral,neutral,,,0,0,0,0.0,0.0,0.0
train,with_mine,mine intruder,mine,20,0,expander,expansion,neutral,Q1_SW,0.385317,3.623168,chosen_action,,0.0,0.18,0.157009,0.451846,0.473138,1.0,3.623168,cash_in,cash_in,,,0,0,0,0.0,0.0,0.0
train,with_mine,mine intruder,intruder,20,1,expander,expansion,neutral,Q0_SE,0.117773,1.903075,chosen_action,,0.95,0.18,0.4,0.131854,0.434538,0.0,1.903075,cash_in,cash_in,,,0,0,0,0.0,0.0,0.0
train,with_mine,mine intruder,intruder,20,1,anchor,expansion,neutral,Q3_NE,0.423178,2.010164,chosen_action,,0.0,0.18,0.188386,0.156249,0.470493,0.0,2.010164,cash_in,cash_in,,,0,0,0,0.0,0.0,0.0
train,with_mine,mine intruder,mine,30,0,expander,expansion,neutral,Q3_NE,0.34224,3.020345,chosen_action,,0.0,0.18,0.046434,0.292615,0.30968,1.0,3.020345,neutral,neutral,,,0,0,0,0.0,0.0,0.0
train,with_mine,mine intruder,mine,40,0,attacker,attack,enemy,Q3_NE,0.638083,4.546217,chosen_action,,0.0,0.0,0.0,0.570634,0.20496,1.0,4.546217,overtake_window,overtake_window,,,0,0,0,0.0,0.0,0.0
train,with_mine,mine intruder,mine,40,0,sweeper,attack,enemy,Q3_NE,0.606498,4.546217,chosen_action,,0.0,0.028027,0.0,0.570634,0.20496,1.0,4.546217,overtake_window,overtake_window,,,0,0,0,0.0,0.0,0.0
train,with_mine,mine intruder,mine,40,0,expander,attack,neutral,Q0_SE,0.52972,3.759253,chosen_action,,0.0,0.044874,0.0,0.460296,0.55892,1.0,3.759253,cash_in,cash_in,,,0,0,0,0.0,0.0,0.0
train,with_mine,mine intruder,intruder,50,1,expander,established,neutral,Q3_NE,1.0,2.002133,chosen_action,,0.0,0.091391,0.0,0.152348,0.47148,0.0,2.002133,cash_in,cash_in,,,0,0,0,0.0,0.0,0.0
train,with_mine,mine intruder,intruder,50,1,expander,attack,enemy,Q0_SE,0.511775,3.130324,chosen_action,,0.0,0.18,0.065453,0.340775,0.527751,0.0,3.130324,cash_in,cash_in,,,0,0,0,0.0,0.0,0.0
train,with_mine,mine intruder,mine,60,0,expander,attack,friendly,Q1_SW,0.378875,2.395411,chosen_action,,0.0,0.0,0.0,0.359009,0.3954,0.0,2.395411,cash_in,cash_in,,,0,0,0,0.0,0.0,0.0
train,with_mine,mine intruder,mine,60,0,expander,attack,enemy,Q1_SW,0.455447,3.434271,chosen_action,,0.0,0.18,0.103061,0.458833,0.24672,0.0,3.434271,chasing_leader,leader_target,,,0,0,0,0.0,0.0,0.0
train,with_mine,mine intruder,intruder,60,1,feeder,attack,friendly,Q2_NW,0.874126,1.569309,chosen_action,,0.0,0.040618,0.001162,0.120032,0.20832,0.0,1.569309,neutral,neutral,,,0,0,0,0.0,0.0,0.0
train,with_mine,mine intruder,intruder,60,1,expander,attack,friendly,Q1_SW,0.973129,1.562727,chosen_action,,0.0,0.0,0.1,0.095052,0.247853,0.0,1.562727,neutral,neutral,,,0,0,0,0.0,0.0,0.0
train,with_mine,mine intruder,mine,70,0,feeder,attack,enemy,Q1_SW,0.422717,3.549616,chosen_action,,0.0,0.18,0.0,0.494923,0.268,0.0,3.549616,chasing_leader,leader_target,,,0,0,0,0.0,0.0,0.0
train,with_mine,mine intruder,mine,70,0,expander,attack,neutral,Q3_NE,0.223064,1.746164,chosen_action,,0.0,0.18,0.188687,0.134359,0.313853,0.0,1.746164,neutral,neutral,,,0,0,0,0.0,0.0,0.0
train,with_mine,mine intruder,mine,70,0,expander,attack,enemy,Q3_NE,0.536081,3.957035,chosen_action,,0.0,0.18,0.03566,0.586261,0.407413,0.0,3.957035,overtake_window,overtake_window,,,0,0,0,0.0,0.0,0.0
train,with_mine,mine intruder,mine,70,0,expander,attack,friendly,Q1_SW,0.216293,1.85787,chosen_action,,0.0,0.18,0.006234,0.242156,0.20496,0.0,1.85787,neutral,neutral,,,0,0,0,0.0,0.0,0.0
train,with_mine,mine intruder,mine,70,0,expander,attack,enemy,Q1_SW,0.526717,3.549616,chosen_action,,0.0,0.0,0.0,0.494923,0.268,0.0,3.549616,chasing_leader,leader_target,,,0,0,0,0.0,0.0,0.0
train,with_mine,mine intruder,mine,70,0,sweeper,attack,enemy,Q2_NW,0.431784,4.001167,chosen_action,,0.0,0.18,0.062343,0.628475,0.365058,0.0,4.001167,overtake_window,overtake_window,,,0,0,0,0.0,0.0,0.0
train,with_mine,mine intruder,mine,70,0,expander,attack,friendly,Q0_SE,0.188558,1.249626,chosen_action,,0.0,0.045227,0.003496,0.070463,0.05964,0.0,1.249626,neutral,neutral,,,0,0,0,0.0,0.0,0.0
train,with_mine,mine intruder,intruder,70,1,expander,attack,enemy,Q1_SW,1.0,2.40473,chosen_action,,0.0,0.0,0.0,0.218952,0.206849,0.0,2.40473,pressured,concentrated_inbound,17,Q1_SW,2,2,55,68.0,0.8088,2.599
train,with_mine,mine intruder,intruder,70,1,expander,attack,friendly,Q3_NE,0.824104,1.555374,chosen_action,,0.0,0.0,0.248074,0.093571,0.24504,0.0,1.555374,pressured,concentrated_inbound,17,Q1_SW,2,2,55,68.0,0.8088,2.599
train,with_mine,mine intruder,intruder,70,1,expander,attack,friendly,Q3_NE,0.69436,1.140032,chosen_action,,0.0,0.076051,0.009855,0.029524,0.05124,0.0,1.140032,pressured,concentrated_inbound,17,Q1_SW,2,2,55,68.0,0.8088,2.599
train,with_mine,mine intruder,intruder,70,1,feeder,attack,enemy,Q1_SW,0.237905,2.826959,chosen_action,,0.95,0.18,0.029867,0.28445,0.403169,0.0,2.826959,pressured,concentrated_inbound,17,Q1_SW,2,2,55,68.0,0.8088,2.599
train,with_mine,mine intruder,mine,80,0,sweeper,attack,friendly,Q1_SW,0.386512,2.454333,chosen_action,,0.0,0.0,0.0,0.36996,0.419578,0.0,2.454333,cash_in,cash_in,,,0,0,0,0.0,0.0,0.0
train,with_mine,mine intruder,mine,80,0,expander,attack,friendly,Q0_SE,0.301459,1.794584,chosen_action,,0.0,0.0,0.0,0.224292,0.18984,0.0,1.794584,neutral,neutral,,,0,0,0,0.0,0.0,0.0
train,with_mine,mine intruder,mine,80,0,expander,attack,friendly,Q0_SE,0.301459,1.794584,chosen_action,,0.0,0.0,0.0,0.224292,0.18984,0.0,1.794584,neutral,neutral,,,0,0,0,0.0,0.0,0.0
train,with_mine,mine intruder,intruder,80,1,expander,attack,friendly,Q1_SW,0.769232,1.429116,chosen_action,,0.0,0.023166,0.263478,0.066951,0.19884,0.0,1.429116,neutral,neutral,,,0,0,0,0.0,0.0,0.0
train,with_mine,mine intruder,intruder,80,1,expander,attack,friendly,Q3_NE,1.0,1.140032,chosen_action,,0.0,0.0,0.0,0.029524,0.05124,0.0,1.140032,neutral,neutral,,,0,0,0,0.0,0.0,0.0
train,with_mine,mine intruder,intruder,90,1,expander,attack,enemy,Q1_SW,1.0,2.852198,chosen_action,,0.0,0.0,0.0,0.289887,0.4122,0.0,2.852198,pressured,concentrated_inbound,10,Q3_NE,2,2,136,169.0,0.8047,5.145
train,with_mine,mine intruder,mine,100,0,expander,attack,enemy,Q0_SE,0.581728,4.007771,chosen_action,,0.0,0.017237,0.0,0.626346,0.373733,0.0,4.007771,pressured,concentrated_inbound,1,Q1_SW,2,2,102,37.0,2.7568,0.135
train,with_mine,mine intruder,intruder,100,1,expander,attack,enemy,Q0_SE,1.0,2.822355,chosen_action,,0.0,0.0,0.0,0.283595,0.40128,0.0,2.822355,cash_in,cash_in,,,0,0,0,0.0,0.0,0.0
train,with_mine,mine intruder,intruder,100,1,expander,established,friendly,Q1_SW,0.809056,1.429116,chosen_action,,0.0,0.012216,0.234604,0.066951,0.19884,0.0,1.429116,neutral,neutral,,,0,0,0,0.0,0.0,0.0
train,with_mine,mine intruder,mine,110,0,anchor,expansion,enemy,Q0_SE,0.553103,3.75155,chosen_action,,0.0,0.0,0.0,0.52185,0.369711,0.0,3.75155,cash_in,cash_in,,,0,0,0,0.0,0.0,0.0
train,with_mine,mine intruder,intruder,110,1,expander,attack,enemy,Q0_SE,0.943891,2.399965,chosen_action,,0.0,0.0,0.23888,0.194539,0.24672,0.0,2.399965,chasing_leader,leader_target,,,0,0,0,0.0,0.0,0.0
train,with_mine,mine intruder,intruder,110,1,expander,established,friendly,Q0_SE,0.787759,1.576034,chosen_action,,0.0,0.18,0.107087,0.097927,0.2526,0.0,1.576034,neutral,neutral,,,0,0,0,0.0,0.0,0.0
train,with_mine,mine best intruder smith,smith,0,0,anchor,initiation,neutral,Q3_NE,0.103564,1.673028,chosen_action,,0.0,0.18,0.4,0.108668,0.305351,0.0,1.673028,neutral,neutral,,,0,0,0,0.0,0.0,0.0
train,with_mine,mine best intruder smith,mine,20,0,expander,expansion,neutral,Q0_SE,0.38018,2.657111,chosen_action,,0.0,0.0,0.110026,0.271465,0.30044,0.666667,2.657111,neutral,neutral,,,0,0,0,0.0,0.0,0.0
train,with_mine,mine best intruder smith,mine,30,0,expander,expansion,neutral,Q0_SE,0.327917,2.665195,chosen_action,,0.0,0.18,0.22345,0.337621,0.41104,0.333333,2.665195,cash_in,cash_in,,,0,0,0,0.0,0.0,0.0
train,with_mine,mine best intruder smith,best,30,0,anchor,expansion,friendly,Q1_SW,0.384663,3.24514,chosen_action,,0.0,0.0,0.4,0.378225,0.324,1.0,3.24514,neutral,neutral,,,0,0,0,0.0,0.0,0.0
train,with_mine,mine best intruder smith,intruder,30,1,sweeper,attack,friendly,Q3_NE,1.0,3.038539,chosen_action,,0.0,0.0,0.0,0.369104,0.4094,0.666667,3.038539,cash_in,cash_in,,,0,0,0,0.0,0.0,0.0
train,with_mine,mine best intruder smith,intruder,30,1,anchor,attack,friendly,Q3_NE,0.787113,2.818927,chosen_action,,0.0,0.0,0.4,0.322801,0.32904,0.666667,2.818927,neutral,neutral,,,0,0,0,0.0,0.0,0.0
train,with_mine,mine best intruder smith,intruder,30,1,shield,attack,friendly,Q3_NE,0.992787,2.818927,chosen_action,,0.0,0.015288,0.112254,0.322801,0.32904,0.666667,2.818927,neutral,neutral,,,0,0,0,0.0,0.0,0.0
train,with_mine,mine best intruder smith,mine,40,0,expander,expansion,friendly,Q0_SE,0.254241,1.420095,chosen_action,,0.0,0.0,0.0,0.088572,0.15372,0.0,1.420095,neutral,neutral,,,0,0,0,0.0,0.0,0.0
train,with_mine,mine best intruder smith,best,40,0,sweeper,attack,enemy,Q0_SE,0.376874,3.763491,chosen_action,,0.0,0.18,0.259469,0.484858,0.222098,0.333333,3.763491,chasing_leader,leader_target,,,0,0,0,0.0,0.0,0.0
train,with_mine,mine best intruder smith,best,40,0,anchor,attack,friendly,Q1_SW,0.296941,2.418873,chosen_action,,0.0,0.0,0.4,0.27875,0.33324,0.333333,2.418873,neutral,neutral,,,0,0,0,0.0,0.0,0.0
train,with_mine,mine best intruder smith,best,40,0,shield,attack,friendly,Q1_SW,0.347702,2.418873,chosen_action,,0.0,0.0,0.113454,0.27875,0.33324,0.333333,2.418873,neutral,neutral,,,0,0,0,0.0,0.0,0.0
train,with_mine,mine best intruder smith,intruder,40,1,anchor,attack,friendly,Q3_NE,0.695667,2.02273,chosen_action,,0.0,0.0,0.4,0.25381,0.30636,0.0,2.02273,neutral,neutral,,,0,0,0,0.0,0.0,0.0
train,with_mine,mine best intruder smith,intruder,40,1,expander,attack,friendly,Q3_NE,0.896741,2.02273,chosen_action,,0.0,0.015288,0.116853,0.25381,0.30636,0.0,2.02273,neutral,neutral,,,0,0,0,0.0,0.0,0.0
train,with_mine,mine best intruder smith,intruder,40,1,feeder,attack,friendly,Q3_NE,0.908306,2.454008,chosen_action,,0.0,0.0,0.216716,0.375549,0.4094,0.0,2.454008,cash_in,cash_in,,,0,0,0,0.0,0.0,0.0
train,with_mine,mine best intruder smith,mine,50,0,expander,attack,friendly,Q0_SE,0.254241,1.420095,chosen_action,,0.0,0.0,0.0,0.088572,0.15372,0.0,1.420095,neutral,neutral,,,0,0,0,0.0,0.0,0.0
train,with_mine,mine best intruder smith,best,50,0,expander,attack,friendly,Q1_SW,0.368682,2.355597,chosen_action,,0.0,0.0,0.0,0.269867,0.30216,0.333333,2.355597,neutral,neutral,,,0,0,0,0.0,0.0,0.0
train,with_mine,mine best intruder smith,best,50,0,expander,attack,friendly,Q1_SW,0.362133,2.355597,chosen_action,,0.0,0.0,0.0,0.269867,0.30216,0.333333,2.355597,neutral,neutral,,,0,0,0,0.0,0.0,0.0
train,with_mine,mine best intruder smith,intruder,50,1,expander,attack,neutral,Q3_NE,1.0,2.750441,chosen_action,,0.0,0.119425,0.0,0.410391,0.56704,0.0,2.750441,cash_in,cash_in,,,0,0,0,0.0,0.0,0.0
train,with_mine,mine best intruder smith,intruder,50,1,attacker,attack,friendly,Q3_NE,0.878011,1.829743,chosen_action,,0.0,0.0,0.227937,0.234216,0.19824,0.0,1.829743,neutral,neutral,,,0,0,0,0.0,0.0,0.0
train,with_mine,mine best intruder smith,smith,50,0,expander,expansion,friendly,Q2_NW,0.322814,2.033277,chosen_action,,0.0,0.0,0.047713,0.256787,0.30888,0.0,2.033277,neutral,neutral,,,0,0,0,0.0,0.0,0.0
train,with_mine,mine best intruder smith,smith,50,0,expander,expansion,enemy,Q0_SE,0.371628,3.89405,chosen_action,,0.95,0.18,0.331522,0.54558,0.43308,0.0,3.89405,cash_in,cash_in,,,0,0,0,0.0,0.0,0.0
train,with_mine,mine best intruder smith,mine,60,0,expander,attack,neutral,Q1_SW,0.323983,2.382805,chosen_action,,0.0,0.18,0.067958,0.206631,0.434733,0.333333,2.382805,cash_in,cash_in,,,0,0,0,0.0,0.0,0.0
train,with_mine,mine best intruder smith,best,60,0,expander,attack,neutral,Q1_SW,0.249042,1.622638,chosen_action,,0.0,0.110047,0.052354,0.07482,0.3282,0.0,1.622638,pressured,concentrated_inbound,5,Q1_SW,3,3,45,85.0,0.5294,1.562
train,with_mine,mine best intruder smith,intruder,60,1,expander,attack,friendly,Q3_NE,1.0,1.826227,chosen_action,,0.0,0.0,0.0,0.233224,0.1974,0.0,1.826227,neutral,neutral,,,0,0,0,0.0,0.0,0.0
train,with_mine,mine best intruder smith,intruder,60,1,expander,attack,friendly,Q3_NE,1.0,2.008666,chosen_action,,0.0,0.0,0.0,0.24984,0.303,0.0,2.008666,neutral,neutral,,,0,0,0,0.0,0.0,0.0
train,with_mine,mine best intruder smith,intruder,60,1,expander,attack,friendly,Q3_NE,1.0,2.008666,chosen_action,,0.0,0.015288,0.0,0.24984,0.303,0.0,2.008666,neutral,neutral,,,0,0,0,0.0,0.0,0.0
train,with_mine,mine best intruder smith,mine,70,0,expander,attack,enemy,Q1_SW,0.383837,3.423197,chosen_action,,0.0,0.18,0.074565,0.517136,0.357089,0.333333,3.423197,pressured,concentrated_inbound,28,Q0_SE,2,2,33,33.0,1.0,0.703
train,with_mine,mine best intruder smith,mine,70,0,expander,attack,friendly,Q0_SE,0.326901,1.994603,chosen_action,,0.0,0.0,0.0,0.24587,0.29964,0.0,1.994603,pressured,concentrated_inbound,28,Q0_SE,2,2,33,33.0,1.0,0.703
train,with_mine,mine best intruder smith,mine,70,0,sweeper,attack,friendly,Q0_SE,0.283214,1.6688,chosen_action,,0.0,0.0,0.0,0.153904,0.2218,0.0,1.6688,pressured,concentrated_inbound,28,Q0_SE,2,2,33,33.0,1.0,0.703
train,with_mine,mine best intruder smith,best,70,0,attacker,attack,enemy,Q0_SE,0.32661,2.260816,chosen_action,,0.0,0.154142,0.0,0.200165,0.355867,0.333333,2.260816,pressured,concentrated_inbound,5,Q1_SW,4,4,64,64.0,1.0,3.772
train,with_mine,mine best intruder smith,intruder,70,1,attacker,attack,friendly,Q3_NE,1.0,1.772852,chosen_action,,0.0,0.0,0.0,0.162947,0.2828,0.0,1.772852,neutral,neutral,,,0,0,0,0.0,0.0,0.0
train,with_mine,mine best intruder smith,intruder,70,1,expander,attack,friendly,Q3_NE,1.0,2.03898,chosen_action,,0.0,0.0,0.0,0.195533,0.422,0.0,2.03898,cash_in,cash_in,,,0,0,0,0.0,0.0,0.0
train,with_mine,mine best intruder smith,smith,70,0,anchor,expansion,friendly,Q2_NW,0.364711,2.451857,chosen_action,,0.0,0.0,0.081275,0.283515,0.3492,0.333333,2.451857,neutral,neutral,,,0,0,0,0.0,0.0,0.0
train,with_mine,mine best intruder smith,mine,80,0,sweeper,attack,friendly,Q0_SE,0.257364,1.443785,chosen_action,,0.0,0.0,0.0,0.090388,0.16804,0.0,1.443785,neutral,neutral,,,0,0,0,0.0,0.0,0.0
train,with_mine,mine best intruder smith,mine,80,0,expander,attack,friendly,Q0_SE,0.340715,2.096563,chosen_action,,0.0,0.0,0.0,0.274651,0.324,0.0,2.096563,neutral,neutral,,,0,0,0,0.0,0.0,0.0
train,with_mine,mine best intruder smith,mine,80,0,anchor,attack,friendly,Q0_SE,0.41174,2.714144,chosen_action,,0.0,0.0,0.0,0.349489,0.4262,0.333333,2.714144,cash_in,cash_in,,,0,0,0,0.0,0.0,0.0
train,with_mine,mine best intruder smith,mine,80,0,expander,attack,friendly,Q0_SE,0.317177,2.096563,chosen_action,,0.0,0.015288,0.0,0.274651,0.324,0.0,2.096563,neutral,neutral,,,0,0,0,0.0,0.0,0.0
train,with_mine,mine best intruder smith,best,80,0,anchor,attack,friendly,Q1_SW,0.465862,3.155282,chosen_action,,0.0,0.0,0.0,0.408769,0.42536,0.666667,3.155282,cash_in,cash_in,,,0,0,0,0.0,0.0,0.0
train,with_mine,mine best intruder smith,best,80,0,sweeper,attack,friendly,Q1_SW,0.45248,3.155282,chosen_action,,0.0,0.0,0.0,0.408769,0.42536,0.666667,3.155282,cash_in,cash_in,,,0,0,0,0.0,0.0,0.0
train,with_mine,mine best intruder smith,mine,90,0,anchor,expansion,enemy,Q0_SE,0.628209,4.341398,chosen_action,,0.0,0.0,0.0,0.698895,0.491889,0.0,4.341398,overtake_window,overtake_window,,,0,0,0,0.0,0.0,0.0
train,with_mine,mine best intruder smith,best,90,0,attacker,attack,enemy,Q0_SE,0.592183,4.056192,chosen_action,,0.0,0.0,0.0,0.598792,0.458587,0.0,4.056192,overtake_window,overtake_window,,,0,0,0,0.0,0.0,0.0
train,with_mine,mine best intruder smith,best,90,0,anchor,attack,friendly,Q1_SW,0.398927,2.552452,chosen_action,,0.0,0.0,0.0,0.403338,0.43292,0.0,2.552452,cash_in,cash_in,,,0,0,0,0.0,0.0,0.0
train,with_mine,mine best intruder smith,intruder,90,1,expander,attack,friendly,Q2_NW,0.676156,1.589364,chosen_action,,0.0,0.0,0.4,0.121293,0.220933,0.0,1.589364,neutral,neutral,,,0,0,0,0.0,0.0,0.0
train,with_mine,mine best intruder smith,best,100,0,attacker,attack,enemy,Q0_SE,0.526605,4.358623,chosen_action,,0.0,0.115579,0.4,0.738097,0.434956,0.0,4.358623,overtake_window,overtake_window,,,0,0,0,0.0,0.0,0.0
train,with_mine,mine best intruder smith,best,100,0,expander,attack,friendly,Q1_SW,0.392642,2.50323,chosen_action,,0.0,0.0,0.0,0.389443,0.42116,0.0,2.50323,cash_in,cash_in,,,0,0,0,0.0,0.0,0.0
train,with_mine,mine best intruder smith,best,100,0,shield,attack,friendly,Q1_SW,0.3858,2.482135,chosen_action,,0.0,0.0,0.0,0.383489,0.41612,0.0,2.482135,cash_in,cash_in,,,0,0,0,0.0,0.0,0.0
train,with_mine,mine best intruder smith,intruder,100,1,expander,established,friendly,Q0_SE,1.0,2.004546,chosen_action,,0.0,0.0,0.0,0.188273,0.4094,0.0,2.004546,cash_in,cash_in,,,0,0,0,0.0,0.0,0.0
train,with_mine,mine best intruder smith,best,110,0,attacker,attack,enemy,Q1_SW,0.576112,3.944574,chosen_action,,0.0,0.0,0.0,0.658252,0.2702,0.0,3.944574,overtake_window,overtake_window,,,0,0,0,0.0,0.0,0.0
train,with_mine,mine best intruder smith,best,110,0,anchor,attack,friendly,Q1_SW,0.417782,2.700119,chosen_action,,0.0,0.0,0.0,0.44502,0.4682,0.0,2.700119,cash_in,cash_in,,,0,0,0,0.0,0.0,0.0
train,with_mine,mine best intruder smith,best,110,0,feeder,attack,friendly,Q1_SW,0.405515,2.700119,chosen_action,,0.0,0.0,0.0,0.44502,0.4682,0.0,2.700119,cash_in,cash_in,,,0,0,0,0.0,0.0,0.0
train,with_mine,mine best intruder smith,best,120,0,expander,attack,enemy,Q0_SE,0.426318,3.87482,chosen_action,,0.0,0.18,0.11178,0.565083,0.384164,0.0,3.87482,overtake_window,overtake_window,,,0,0,0,0.0,0.0,0.0
train,with_mine,mine best intruder smith,best,120,0,attacker,attack,friendly,Q1_SW,0.324407,2.130935,chosen_action,,0.0,0.0,0.1,0.319235,0.2702,0.0,2.130935,neutral,neutral,,,0,0,0,0.0,0.0,0.0
train,with_mine,mine best intruder smith,intruder,120,1,expander,attack,enemy,Q1_SW,0.539868,2.880397,chosen_action,,0.0,0.18,0.104615,0.311811,0.394111,0.0,2.880397,cash_in,cash_in,,,0,0,0,0.0,0.0,0.0
train,with_mine,mine best intruder smith,smith,120,0,sweeper,attack,friendly,Q2_NW,0.410906,2.645446,chosen_action,,0.0,0.0,0.0,0.42435,0.464449,0.0,2.645446,cash_in,cash_in,,,0,0,0,0.0,0.0,0.0
train,with_mine,mine best intruder smith,smith,120,0,anchor,attack,friendly,Q2_NW,0.410906,2.645446,chosen_action,,0.0,0.0,0.0,0.42435,0.464449,0.0,2.645446,cash_in,cash_in,,,0,0,0,0.0,0.0,0.0
train,with_mine,mine best intruder smith,best,130,0,shield,attack,friendly,Q1_SW,0.300586,1.788339,chosen_action,,0.0,0.0,0.0,0.187647,0.25036,0.0,1.788339,neutral,neutral,,,0,0,0,0.0,0.0,0.0
train,with_mine,mine best intruder smith,intruder,130,1,anchor,established,friendly,Q0_SE,1.0,2.119326,chosen_action,,0.0,0.0,0.0,0.212473,0.4514,0.0,2.119326,cash_in,cash_in,,,0,0,0,0.0,0.0,0.0
train,with_mine,mine best intruder smith,best,140,0,sweeper,attack,friendly,Q1_SW,0.182751,1.485975,chosen_action,,0.0,0.0,0.4,0.102297,0.17812,0.0,1.485975,neutral,neutral,,,0,0,0,0.0,0.0,0.0
train,with_mine,mine best intruder smith,best,140,0,battery,attack,friendly,Q1_SW,0.262062,2.10711,chosen_action,,0.0,0.0,0.4,0.277628,0.32652,0.0,2.10711,neutral,neutral,,,0,0,0,0.0,0.0,0.0
train,with_mine,mine best intruder smith,intruder,140,1,expander,attack,enemy,Q1_SW,0.945827,2.811387,chosen_action,,0.0,0.038396,0.251766,0.276452,0.405853,0.0,2.811387,pressured,concentrated_inbound,15,Q0_SE,2,2,124,224.0,0.5536,4.071
train,with_mine,mine best intruder 1200,mine,0,0,anchor,initiation,neutral,Q0_SE,0.153902,1.576726,chosen_action,,0.0,0.14923,0.179229,0.06514,0.3114,0.0,1.576726,neutral,neutral,,,0,0,0,0.0,0.0,0.0
train,with_mine,mine best intruder 1200,1200,20,0,anchor,expansion,neutral,Q2_NW,0.205876,1.943366,chosen_action,,0.0,0.18,0.091189,0.150102,0.20972,0.333333,1.943366,neutral,neutral,,,0,0,0,0.0,0.0,0.0
train,with_mine,mine best intruder 1200,mine,30,0,anchor,expansion,neutral,Q1_SW,0.192016,1.900779,chosen_action,,0.0,0.18,0.107302,0.13137,0.433698,0.0,1.900779,cash_in,cash_in,,,0,0,0,0.0,0.0,0.0
train,with_mine,mine best intruder 1200,mine,30,0,expander,expansion,neutral,Q1_SW,0.195288,1.900779,chosen_action,,0.0,0.18,0.090941,0.13137,0.433698,0.0,1.900779,cash_in,cash_in,,,0,0,0,0.0,0.0,0.0
train,with_mine,mine best intruder 1200,mine,40,0,expander,expansion,neutral,Q1_SW,0.27449,1.927479,chosen_action,,0.0,0.18,0.052236,0.136332,0.444653,0.0,1.927479,cash_in,cash_in,,,0,0,0,0.0,0.0,0.0
train,with_mine,mine best intruder 1200,best,40,1,sweeper,expansion,neutral,Q1_SW,0.646678,2.474951,chosen_action,,0.0,0.18,0.078016,0.264945,0.39932,0.333333,2.474951,cash_in,cash_in,,,0,0,0,0.0,0.0,0.0
train,with_mine,mine best intruder 1200,mine,50,0,expander,expansion,neutral,Q0_SE,0.345331,2.166872,chosen_action,,0.0,0.0,0.0,0.178474,0.32484,0.333333,2.166872,neutral,neutral,,,0,0,0,0.0,0.0,0.0
train,with_mine,mine best intruder 1200,mine,50,0,expander,expansion,neutral,Q0_SE,0.332391,2.166872,chosen_action,,0.0,0.0,0.001843,0.178474,0.32484,0.333333,2.166872,neutral,neutral,,,0,0,0,0.0,0.0,0.0
train,with_mine,mine best intruder 1200,mine,50,0,anchor,expansion,neutral,Q2_NW,0.150365,1.855375,chosen_action,,0.0,0.18,0.104337,0.140869,0.383178,0.0,1.855375,cash_in,cash_in,,,0,0,0,0.0,0.0,0.0
train,with_mine,mine best intruder 1200,best,50,1,expander,expansion,enemy,Q2_NW,0.91445,1.638161,chosen_action,,0.0,0.107857,0.060588,0.109645,0.277787,0.0,1.638161,pressured,concentrated_inbound,17,Q1_SW,4,4,75,80.0,0.9375,6.914
train,with_mine,mine best intruder 1200,best,50,1,expander,expansion,neutral,Q1_SW,0.91358,2.01289,chosen_action,,0.0,0.18,0.03833,0.1571,0.471,0.0,2.01289,pressured,concentrated_inbound,17,Q1_SW,4,4,75,80.0,0.9375,6.914
train,with_mine,mine best intruder 1200,1200,50,0,expander,expansion,neutral,Q2_NW,0.275743,1.680448,chosen_action,,0.0,0.053864,0.010217,0.108358,0.3114,0.0,1.680448,neutral,neutral,,,0,0,0,0.0,0.0,0.0
train,with_mine,mine best intruder 1200,mine,60,0,expander,expansion,neutral,Q3_NE,0.187914,1.890453,chosen_action,,0.0,0.18,0.118785,0.152812,0.387929,0.0,1.890453,cash_in,cash_in,,,0,0,0,0.0,0.0,0.0
train,with_mine,mine best intruder 1200,best,60,1,expander,expansion,enemy,Q1_SW,1.0,2.024029,chosen_action,,0.0,0.0,0.0,0.184971,0.20748,0.333333,2.024029,pressured,concentrated_inbound,17,Q1_SW,2,2,54,65.0,0.8308,2.22
train,with_mine,mine best intruder 1200,best,60,1,expander,expansion,enemy,Q0_SE,0.350146,3.766582,chosen_action,,0.95,0.18,0.243353,0.436578,0.310218,0.333333,3.766582,pressured,concentrated_inbound,17,Q1_SW,2,2,54,65.0,0.8308,2.22
train,with_mine,mine best intruder 1200,best,60,1,expander,expansion,friendly,Q1_SW,0.739805,2.007799,chosen_action,,0.0,0.176894,0.207847,0.158026,0.24336,0.333333,2.007799,pressured,concentrated_inbound,17,Q1_SW,2,2,54,65.0,0.8308,2.22
train,with_mine,mine best intruder 1200,1200,60,0,anchor,expansion,enemy,Q0_SE,0.212049,2.668495,chosen_action,,0.95,0.18,0.189788,0.354177,0.309978,0.0,2.668495,pressured,concentrated_inbound,24,Q2_NW,2,2,75,28.0,2.6786,6.257
train,with_mine,mine best intruder 1200,mine,70,0,expander,expansion,friendly,Q0_SE,0.246629,1.458182,chosen_action,,0.0,0.0,0.0,0.093742,0.172742,0.0,1.458182,neutral,neutral,,,0,0,0,0.0,0.0,0.0
train,with_mine,mine best intruder 1200,intruder,90,0,expander,expansion,friendly,Q0_SE,0.30592,1.824494,chosen_action,,0.0,0.0,0.000738,0.193237,0.267204,0.0,1.824494,neutral,neutral,,,0,0,0,0.0,0.0,0.0
train,with_mine,mine best intruder 1200,intruder,90,0,expander,expansion,friendly,Q3_NE,0.294216,1.75904,chosen_action,,0.0,0.017011,0.0,0.179377,0.24336,0.0,1.75904,neutral,neutral,,,0,0,0,0.0,0.0,0.0
train,with_mine,mine best intruder 1200,intruder,90,0,expander,expansion,friendly,Q0_SE,0.295871,1.824494,chosen_action,,0.0,0.0,0.0,0.193237,0.267204,0.0,1.824494,neutral,neutral,,,0,0,0,0.0,0.0,0.0
train,with_mine,mine best intruder 1200,intruder,90,0,expander,expansion,friendly,Q3_NE,0.273929,1.75904,chosen_action,,0.0,0.015529,0.0,0.179377,0.24336,0.0,1.75904,neutral,neutral,,,0,0,0,0.0,0.0,0.0
train,with_mine,mine best intruder 1200,best,100,1,expander,expansion,enemy,Q3_NE,1.0,2.641317,chosen_action,,0.0,0.0,0.0,0.263152,0.30352,0.0,2.641317,chasing_leader,leader_target,,,0,0,0,0.0,0.0,0.0
train,with_mine,mine best intruder 1200,best,100,1,expander,expansion,enemy,Q0_SE,1.0,2.409147,chosen_action,,0.0,0.0,0.0,0.196475,0.25008,0.0,2.409147,chasing_leader,leader_target,,,0,0,0,0.0,0.0,0.0
train,with_mine,mine best intruder 1200,best,100,1,expander,expansion,friendly,Q0_SE,1.0,1.432176,chosen_action,,0.0,0.0,0.007763,0.067596,0.19996,0.0,1.432176,neutral,neutral,,,0,0,0,0.0,0.0,0.0
train,with_mine,mine best intruder 1200,intruder,100,0,expander,expansion,friendly,Q3_NE,0.289797,1.752008,chosen_action,,0.0,0.0,0.0,0.177392,0.24168,0.0,1.752008,neutral,neutral,,,0,0,0,0.0,0.0,0.0
train,with_mine,mine best intruder 1200,best,110,1,expander,expansion,enemy,Q0_SE,0.158269,2.210195,chosen_action,,0.95,0.18,0.121716,0.154528,0.17728,0.0,2.210195,chasing_leader,leader_target,,,0,0,0,0.0,0.0,0.0
train,with_mine,mine best intruder 1200,intruder,110,0,expander,expansion,neutral,Q1_SW,0.092846,1.716123,chosen_action,,0.95,0.18,0.100731,0.131827,0.296102,0.0,1.716123,neutral,neutral,,,0,0,0,0.0,0.0,0.0
train,with_mine,mine best intruder 1200,intruder,110,0,expander,expansion,friendly,Q3_NE,0.316722,1.914124,chosen_action,,0.0,0.0,0.0,0.258035,0.2184,0.0,1.914124,neutral,neutral,,,0,0,0,0.0,0.0,0.0
train,with_mine,mine best intruder 1200,intruder,130,0,expander,expansion,friendly,Q3_NE,0.313131,1.885997,chosen_action,,0.0,0.0,0.0,0.250095,0.21168,0.0,1.885997,neutral,neutral,,,0,0,0,0.0,0.0,0.0
train,with_mine,mine best intruder 1200,intruder,130,0,expander,expansion,friendly,Q0_SE,0.236144,1.651522,chosen_action,,0.0,0.015529,0.122216,0.129675,0.252076,0.0,1.651522,neutral,neutral,,,0,0,0,0.0,0.0,0.0
train,with_mine,mine best intruder 1200,best,140,1,expander,expansion,neutral,Q0_SE,0.802069,1.399361,chosen_action,,0.0,0.020318,0.116648,0.051268,0.20468,0.0,1.399361,neutral,neutral,,,0,0,0,0.0,0.0,0.0
train,with_mine,mine best intruder 1200,intruder,150,0,expander,expansion,neutral,Q0_SE,0.366765,2.623741,chosen_action,,0.0,0.18,0.033858,0.348084,0.583956,0.0,2.623741,cash_in,cash_in,,,0,0,0,0.0,0.0,0.0
train,with_mine,mine best intruder 1200,intruder,150,0,expander,expansion,friendly,Q3_NE,0.316722,1.914124,chosen_action,,0.0,0.0,0.0,0.258035,0.2184,0.0,1.914124,neutral,neutral,,,0,0,0,0.0,0.0,0.0
train,with_mine,mine best intruder 1200,best,160,1,expander,expansion,enemy,Q3_NE,1.0,2.514501,chosen_action,,0.0,0.0,0.0,0.241704,0.247711,0.0,2.514501,chasing_leader,leader_target,,,0,0,0,0.0,0.0,0.0
train,with_mine,mine best intruder 1200,intruder,160,0,sweeper,expansion,friendly,Q3_NE,0.240308,1.556292,chosen_action,,0.0,0.027771,0.0,0.122146,0.19492,0.0,1.556292,neutral,neutral,,,0,0,0,0.0,0.0,0.0
train,with_mine,mine best intruder 1200,intruder,160,0,expander,expansion,friendly,Q3_NE,0.279416,1.75904,chosen_action,,0.0,0.001434,0.01631,0.179377,0.24336,0.0,1.75904,neutral,neutral,,,0,0,0,0.0,0.0,0.0
train,with_mine,mine best intruder 1200,intruder,160,0,anchor,expansion,friendly,Q3_NE,0.228749,1.457848,chosen_action,,0.0,0.015529,0.033606,0.094358,0.1714,0.0,1.457848,neutral,neutral,,,0,0,0,0.0,0.0,0.0
train,with_mine,mine best intruder 1200,intruder,180,0,expander,expansion,friendly,Q3_NE,0.301135,1.786073,chosen_action,,0.0,0.0,0.0,0.183723,0.255658,0.0,1.786073,neutral,neutral,,,0,0,0,0.0,0.0,0.0
train,with_mine,mine best intruder 1200,intruder,190,0,anchor,expansion,friendly,Q3_NE,0.343073,2.111508,chosen_action,,0.0,0.0,0.0,0.256411,0.367498,0.0,2.111508,cash_in,cash_in,,,0,0,0,0.0,0.0,0.0
train,with_mine,mine best intruder smith,mine,0,0,anchor,initiation,neutral,Q0_SE,0.186238,1.721349,chosen_action,,0.0,0.137827,0.122321,0.095632,0.36432,0.0,1.721349,neutral,neutral,,,0,0,0,0.0,0.0,0.0
train,with_mine,mine best intruder smith,best,0,0,anchor,initiation,neutral,Q1_SW,0.186238,1.721349,chosen_action,,0.0,0.137827,0.122321,0.095632,0.36432,0.0,1.721349,neutral,neutral,,,0,0,0,0.0,0.0,0.0
train,with_mine,mine best intruder smith,intruder,20,1,feeder,attack,neutral,Q2_NW,0.738591,2.364019,chosen_action,,0.0,0.093662,0.0,0.213001,0.409493,0.333333,2.364019,neutral,neutral,,,0,0,0,0.0,0.0,0.0
train,with_mine,mine best intruder smith,mine,30,0,anchor,attack,neutral,Q1_SW,0.246073,2.290974,chosen_action,,0.0,0.18,0.058565,0.183841,0.407227,0.333333,2.290974,cash_in,cash_in,,,0,0,0,0.0,0.0,0.0
train,with_mine,mine best intruder smith,mine,30,0,expander,attack,friendly,Q0_SE,0.309954,1.969015,chosen_action,,0.0,0.0,0.0,0.150686,0.22768,0.333333,1.969015,neutral,neutral,,,0,0,0,0.0,0.0,0.0
train,with_mine,mine best intruder smith,mine,30,0,feeder,attack,friendly,Q0_SE,0.299078,1.989675,chosen_action,,0.0,0.014606,0.0,0.155042,0.23524,0.333333,1.989675,neutral,neutral,,,0,0,0,0.0,0.0,0.0
train,with_mine,mine best intruder smith,mine,40,0,anchor,attack,friendly,Q0_SE,0.273015,1.679347,chosen_action,,0.0,0.000598,0.0,0.156881,0.22432,0.0,1.679347,neutral,neutral,,,0,0,0,0.0,0.0,0.0
train,with_mine,mine best intruder smith,intruder,40,1,anchor,attack,neutral,Q3_NE,0.711778,1.758078,chosen_action,,0.0,0.107232,0.0,0.103376,0.37776,0.0,1.758078,cash_in,cash_in,,,0,0,0,0.0,0.0,0.0
train,with_mine,mine best intruder smith,intruder,50,1,expander,attack,friendly,Q3_NE,1.0,1.484975,chosen_action,,0.0,0.0,0.0,0.078728,0.21928,0.0,1.484975,pressured,concentrated_inbound,0,Q0_SE,2,2,26,34.0,0.7647,3.745
train,with_mine,mine best intruder smith,intruder,50,1,anchor,attack,friendly,Q3_NE,1.0,1.576799,chosen_action,,0.0,0.0,0.0,0.098088,0.25288,0.0,1.576799,pressured,concentrated_inbound,0,Q0_SE,2,2,26,34.0,0.7647,3.745
train,with_mine,mine best intruder smith,intruder,60,1,expander,established,friendly,Q2_NW,0.760278,1.717073,chosen_action,,0.0,0.064544,0.056835,0.125363,0.308298,0.0,1.717073,pressured,concentrated_inbound,11,Q2_NW,2,2,78,77.0,1.013,3.986
train,with_mine,mine best intruder smith,intruder,60,1,expander,established,friendly,Q0_SE,1.0,1.567617,chosen_action,,0.0,0.0,0.0,0.096152,0.24952,0.0,1.567617,pressured,concentrated_inbound,11,Q2_NW,2,2,78,77.0,1.013,3.986
train,with_mine,mine best intruder smith,intruder,70,1,expander,established,friendly,Q2_NW,1.0,1.658933,chosen_action,,0.0,0.0,0.0,0.111518,0.289844,0.0,1.658933,neutral,neutral,,,0,0,0,0.0,0.0,0.0
train,with_mine,mine best intruder smith,intruder,70,1,expander,established,friendly,Q0_SE,1.0,1.489566,chosen_action,,0.0,0.0,0.0,0.079696,0.22096,0.0,1.489566,neutral,neutral,,,0,0,0,0.0,0.0,0.0
train,with_mine,mine best intruder smith,intruder,70,1,expander,established,friendly,Q2_NW,0.944617,1.700253,chosen_action,,0.0,0.02438,0.0,0.12023,0.304964,0.0,1.700253,neutral,neutral,,,0,0,0,0.0,0.0,0.0
train,with_mine,mine best intruder smith,intruder,80,1,expander,attack,enemy,Q2_NW,0.986049,1.567787,chosen_action,,0.0,0.0,0.0,0.094578,0.252444,0.0,1.567787,neutral,neutral,,,0,0,0,0.0,0.0,0.0
train,with_mine,mine best,best,50,1,expander,expansion,neutral,Q3_NE,0.991316,2.10854,chosen_action,,0.0,0.147766,0.005178,0.177267,0.506,0.0,2.10854,cash_in,cash_in,,,0,0,0,0.0,0.0,0.0
train,with_mine,mine best,best,60,1,expander,established,neutral,Q3_NE,1.0,2.131496,chosen_action,,0.0,0.057492,0.0,0.182107,0.5144,0.0,2.131496,cash_in,cash_in,,,0,0,0,0.0,0.0,0.0
train,with_mine,mine best,best,60,1,anchor,established,neutral,Q1_SW,0.173023,2.330977,chosen_action,,0.0,0.18,0.321601,0.222049,0.591156,0.0,2.330977,cash_in,cash_in,,,0,0,0,0.0,0.0,0.0
train,with_mine,mine best,mine,70,0,expander,established,neutral,Q0_SE,0.347224,2.131496,chosen_action,,0.0,0.0,0.0,0.182107,0.5144,0.0,2.131496,cash_in,cash_in,,,0,0,0,0.0,0.0,0.0
train,with_mine,mine best,mine,80,0,attacker,established,neutral,Q0_SE,0.343406,2.246276,chosen_action,,0.0,0.093188,0.0,0.206307,0.5564,0.0,2.246276,cash_in,cash_in,,,0,0,0,0.0,0.0,0.0
train,with_mine,mine best,mine,80,0,anchor,attack,enemy,Q3_NE,0.307601,2.986622,chosen_action,,0.0,0.18,0.095363,0.310454,0.475209,0.0,2.986622,cash_in,cash_in,,,0,0,0,0.0,0.0,0.0
train,with_mine,mine best,mine,80,0,expander,established,neutral,Q0_SE,0.146247,1.426908,chosen_action,,0.0,0.18,0.027661,0.057076,0.21476,0.0,1.426908,neutral,neutral,,,0,0,0,0.0,0.0,0.0
train,with_mine,mine best,mine,80,0,expander,established,neutral,Q0_SE,0.246207,2.246276,chosen_action,,0.0,0.18,0.059186,0.206307,0.5564,0.0,2.246276,cash_in,cash_in,,,0,0,0,0.0,0.0,0.0
train,with_mine,mine best,mine,80,0,expander,attack,enemy,Q3_NE,0.25253,2.619488,chosen_action,,0.0,0.18,0.191351,0.256572,0.299049,0.0,2.619488,chasing_leader,leader_target,,,0,0,0,0.0,0.0,0.0
train,with_mine,mine best,mine,80,0,expander,established,friendly,Q0_SE,0.253194,1.881349,chosen_action,,0.0,0.18,0.125367,0.162299,0.36432,0.0,1.881349,cash_in,cash_in,,,0,0,0,0.0,0.0,0.0
train,with_mine,mine best,mine,80,0,feeder,established,friendly,Q1_SW,0.183065,2.023676,chosen_action,,0.0,0.18,0.287897,0.192307,0.4164,0.0,2.023676,cash_in,cash_in,,,0,0,0,0.0,0.0,0.0
train,with_mine,mine best,mine,90,0,expander,attack,neutral,Q2_NW,0.347224,2.131496,chosen_action,,0.0,0.0,0.0,0.182107,0.5144,0.0,2.131496,cash_in,cash_in,,,0,0,0,0.0,0.0,0.0
train,with_mine,mine best,mine,90,0,expander,attack,friendly,Q2_NW,0.135174,1.17217,chosen_action,,0.0,0.127263,0.028019,0.0363,0.063,0.0,1.17217,neutral,neutral,,,0,0,0,0.0,0.0,0.0
train,with_mine,mine best,best,90,1,expander,attack,enemy,Q1_SW,0.939596,3.645122,chosen_action,,0.0,0.050132,0.030232,0.527598,0.280658,0.0,3.645122,chasing_leader,leader_target,,,0,0,0,0.0,0.0,0.0
train,with_mine,mine best,best,90,1,feeder,attack,neutral,Q2_NW,0.711147,2.559576,chosen_action,,0.0,0.126684,0.023039,0.353673,0.526489,0.0,2.559576,cash_in,cash_in,,,0,0,0,0.0,0.0,0.0
train,with_mine,mine best,mine,100,0,expander,attack,friendly,Q2_NW,0.241938,1.327636,chosen_action,,0.0,0.0,0.0,0.087335,0.087431,0.0,1.327636,neutral,neutral,,,0,0,0,0.0,0.0,0.0
train,with_mine,mine best,mine,100,0,anchor,attack,friendly,Q1_SW,0.346157,2.195007,chosen_action,,0.0,0.0,0.0,0.302439,0.34752,0.0,2.195007,neutral,neutral,,,0,0,0,0.0,0.0,0.0
train,with_mine,mine best,mine,100,0,feeder,attack,friendly,Q3_NE,0.220965,1.946055,chosen_action,,0.0,0.18,0.041853,0.240239,0.273689,0.0,1.946055,neutral,neutral,,,0,0,0,0.0,0.0,0.0
train,with_mine,mine best,best,100,1,expander,attack,enemy,Q2_NW,1.0,2.702984,chosen_action,,0.0,0.0,0.0,0.258427,0.3576,0.0,2.702984,pressured,concentrated_inbound,16,Q0_SE,2,3,163,101.0,1.6139,1.558
train,with_mine,mine best,mine,110,0,expander,attack,friendly,Q1_SW,0.356388,2.286419,chosen_action,,0.0,0.0,0.0,0.328243,0.36936,0.0,2.286419,cash_in,cash_in,,,0,0,0,0.0,0.0,0.0
train,with_mine,mine best,best,110,1,attacker,attack,friendly,Q0_SE,0.98647,1.853802,chosen_action,,0.0,0.107827,0.016414,0.156491,0.35424,0.0,1.853802,pressured,concentrated_inbound,11,Q2_NW,2,2,87,30.0,2.9,1.59
train,with_mine,mine best,mine,120,0,feeder,attack,friendly,Q1_SW,0.22021,1.84029,chosen_action,,0.0,0.091399,0.07062,0.237194,0.20076,0.0,1.84029,pressured,concentrated_inbound,8,Q0_SE,2,2,145,60.0,2.4167,1.254
train,with_mine,mine best,mine,120,0,expander,attack,neutral,Q0_SE,0.322526,2.277514,chosen_action,,0.0,0.18,0.033906,0.251418,0.499342,0.0,2.277514,pressured,concentrated_inbound,8,Q0_SE,2,2,145,60.0,2.4167,1.254
train,with_mine,mine best,mine,120,0,expander,attack,enemy,Q0_SE,0.366029,3.035628,chosen_action,,0.0,0.116245,0.0,0.340284,0.162182,0.0,3.035628,pressured,concentrated_inbound,8,Q0_SE,2,2,145,60.0,2.4167,1.254
train,with_mine,mine best,mine,120,0,expander,attack,enemy,Q2_NW,0.437787,3.18536,chosen_action,,0.0,0.18,0.029864,0.414385,0.14136,0.0,3.18536,pressured,concentrated_inbound,8,Q0_SE,2,2,145,60.0,2.4167,1.254
train,with_mine,mine best,best,120,1,expander,attack,friendly,Q0_SE,0.683039,1.146918,chosen_action,,0.0,0.0,0.335931,0.030976,0.05376,0.0,1.146918,pressured,concentrated_inbound,10,Q3_NE,2,2,193,216.0,0.8935,0.682
train,with_mine,mine best,best,130,1,expander,established,friendly,Q2_NW,0.997668,1.440755,chosen_action,,0.0,0.059241,0.0,0.092928,0.16128,0.0,1.440755,pressured,concentrated_inbound,15,Q0_SE,3,3,71,53.0,1.3396,3.085
train,with_mine,mine best,best,130,1,expander,attack,enemy,Q1_SW,0.616297,2.661863,chosen_action,,0.0,0.18,0.0,0.264218,0.316844,0.0,2.661863,pressured,concentrated_inbound,15,Q0_SE,3,3,71,53.0,1.3396,3.085
train,with_mine,mine best,best,160,1,expander,established,friendly,Q1_SW,0.709145,1.844619,chosen_action,,0.0,0.112452,0.007928,0.154555,0.35088,0.0,1.844619,cash_in,cash_in,,,0,0,0,0.0,0.0,0.0
train,with_mine,mine intruder,intruder,40,1,feeder,established,neutral,Q0_SE,0.096065,1.734911,chosen_action,,0.95,0.18,0.060876,0.096145,0.373453,0.0,1.734911,cash_in,cash_in,,,0,0,0,0.0,0.0,0.0
train,with_mine,mine intruder,mine,50,0,expander,attack,enemy,Q3_NE,0.386161,2.886631,chosen_action,,0.0,0.18,0.099195,0.310857,0.104129,0.0,2.886631,chasing_leader,leader_target,,,0,0,0,0.0,0.0,0.0
train,with_mine,mine intruder,mine,50,0,expander,established,friendly,Q1_SW,0.292488,1.776619,chosen_action,,0.0,0.0,0.0,0.184339,0.24756,0.0,1.776619,neutral,neutral,,,0,0,0,0.0,0.0,0.0
train,with_mine,mine intruder,intruder,50,1,feeder,established,friendly,Q2_NW,0.929932,2.1331,chosen_action,,0.0,0.046389,0.0,0.215377,0.45644,0.0,2.1331,cash_in,cash_in,,,0,0,0,0.0,0.0,0.0
train,with_mine,mine intruder,intruder,50,1,expander,attack,enemy,Q1_SW,0.909865,2.145691,chosen_action,,0.0,0.18,0.059676,0.160886,0.118196,0.0,2.145691,chasing_leader,leader_target,,,0,0,0,0.0,0.0,0.0
train,with_mine,mine intruder,intruder,60,1,expander,attack,friendly,Q2_NW,0.986309,1.546191,chosen_action,,0.0,0.072795,0.011888,0.091635,0.24168,0.0,1.546191,neutral,neutral,,,0,0,0,0.0,0.0,0.0
train,with_mine,mine intruder,intruder,60,1,expander,attack,enemy,Q1_SW,1.0,3.034203,chosen_action,,0.0,0.18,0.044263,0.323522,0.487222,0.0,3.034203,cash_in,cash_in,,,0,0,0,0.0,0.0,0.0
train,with_mine,mine intruder,mine,70,0,anchor,attack,friendly,Q1_SW,0.265024,1.843421,chosen_action,,0.0,0.046389,0.0,0.203195,0.26352,0.0,1.843421,neutral,neutral,,,0,0,0,0.0,0.0,0.0
train,with_mine,mine intruder,intruder,70,1,expander,attack,friendly,Q2_NW,0.476248,1.162988,chosen_action,,0.0,0.18,0.364796,0.034364,0.05964,0.0,1.162988,neutral,neutral,,,0,0,0,0.0,0.0,0.0
train,with_mine,mine intruder,intruder,70,1,expander,attack,friendly,Q1_SW,0.804229,1.183279,chosen_action,,0.0,0.18,0.039452,0.037791,0.068578,0.0,1.183279,neutral,neutral,,,0,0,0,0.0,0.0,0.0
train,with_mine,mine intruder,mine,80,0,expander,attack,friendly,Q1_SW,0.213541,1.478943,chosen_action,,0.0,0.054006,0.0,0.100312,0.17644,0.0,1.478943,neutral,neutral,,,0,0,0,0.0,0.0,0.0
train,with_mine,mine intruder,intruder,80,1,expander,attack,friendly,Q2_NW,0.985265,1.156101,chosen_action,,0.0,0.0,0.03489,0.032912,0.05712,0.0,1.156101,neutral,neutral,,,0,0,0,0.0,0.0,0.0
train,with_mine,mine intruder,intruder,80,1,expander,attack,friendly,Q1_SW,0.785078,1.19893,chosen_action,,0.0,0.18,0.060632,0.0407,0.075,0.0,1.19893,neutral,neutral,,,0,0,0,0.0,0.0,0.0
train,with_mine,mine intruder,intruder,80,1,expander,attack,neutral,Q0_SE,0.05489,1.420022,chosen_action,,0.95,0.18,0.009719,0.055624,0.21224,0.0,1.420022,neutral,neutral,,,0,0,0,0.0,0.0,0.0
train,with_mine,mine intruder,intruder,80,1,feeder,attack,enemy,Q1_SW,0.517726,2.32588,chosen_action,,0.0,0.18,0.055034,0.2012,0.18,0.0,2.32588,chasing_leader,leader_target,,,0,0,0,0.0,0.0,0.0
train,with_mine,mine intruder,mine,90,0,expander,attack,friendly,Q1_SW,0.260547,1.493007,chosen_action,,0.0,0.0,0.0,0.104282,0.1798,0.0,1.493007,neutral,neutral,,,0,0,0,0.0,0.0,0.0
train,with_mine,mine intruder,intruder,100,1,expander,attack,enemy,Q1_SW,1.0,2.253812,chosen_action,,0.0,0.0,0.0,0.163724,0.19324,0.0,2.253812,chasing_leader,leader_target,,,0,0,0,0.0,0.0,0.0
train,with_mine,mine best intruder 1039,1039,0,0,anchor,initiation,neutral,Q0_SE,0.054021,1.413195,chosen_action,,0.95,0.18,0.199213,0.05361,0.210764,0.0,1.413195,neutral,neutral,,,0,0,0,0.0,0.0,0.0
train,with_mine,mine best intruder 1039,mine,10,0,anchor,expansion,neutral,Q2_NW,0.223018,2.406385,chosen_action,,0.0,0.18,0.098664,0.238339,0.618053,0.0,2.406385,neutral,neutral,,,0,0,0,0.0,0.0,0.0
train,with_mine,mine best intruder 1039,best,10,1,anchor,expansion,neutral,Q1_SW,0.138134,2.111596,chosen_action,,0.95,0.083028,0.144687,0.170585,0.29792,0.333333,2.111596,neutral,neutral,,,0,0,0,0.0,0.0,0.0
train,with_mine,mine best intruder 1039,1039,10,0,anchor,initiation,neutral,Q0_SE,0.375586,3.884516,chosen_action,,0.0,0.18,0.197136,0.479439,0.617676,1.0,3.884516,cash_in,cash_in,,,0,0,0,0.0,0.0,0.0
train,with_mine,mine best intruder 1039,mine,20,0,expander,expansion,neutral,Q2_NW,0.354353,2.933671,chosen_action,,0.0,0.18,0.272305,0.317104,0.646387,0.333333,2.933671,cash_in,cash_in,,,0,0,0,0.0,0.0,0.0
train,with_mine,mine best intruder 1039,best,20,1,expander,expansion,neutral,Q3_NE,0.952329,2.488324,chosen_action,,0.0,0.18,0.061043,0.253568,0.651676,0.0,2.488324,cash_in,cash_in,,,0,0,0,0.0,0.0,0.0
train,with_mine,mine best intruder 1039,1039,20,0,expander,expansion,neutral,Q2_NW,0.238354,2.020315,chosen_action,,0.0,0.18,0.288011,0.204294,0.3926,0.0,2.020315,cash_in,cash_in,,,0,0,0,0.0,0.0,0.0
train,with_mine,mine best intruder 1039,mine,30,0,expander,expansion,friendly,Q0_SE,0.278986,2.553906,chosen_action,,0.0,0.18,0.368518,0.258208,0.24756,0.666667,2.553906,pressured,concentrated_inbound,28,Q1_SW,2,2,58,35.0,1.6571,8.954
train,with_mine,mine best intruder 1039,1039,30,0,expander,expansion,enemy,Q1_SW,0.234075,2.713982,chosen_action,,0.0,0.18,0.4,0.356105,0.340244,0.0,2.713982,chasing_leader,leader_target,,,0,0,0,0.0,0.0,0.0
train,with_mine,mine best intruder 1039,mine,40,0,feeder,attack,friendly,Q0_SE,0.396461,2.609229,chosen_action,,0.0,0.0,0.0,0.3231,0.3954,0.333333,2.609229,cash_in,cash_in,,,0,0,0,0.0,0.0,0.0
train,with_mine,mine best intruder 1039,best,40,1,expander,expansion,neutral,Q2_NW,0.990605,2.410067,chosen_action,,0.0,0.161101,0.031522,0.239023,0.619564,0.0,2.410067,cash_in,cash_in,,,0,0,0,0.0,0.0,0.0
train,with_mine,mine best intruder 1039,best,40,1,anchor,expansion,neutral,Q0_SE,0.203276,2.564372,chosen_action,,0.95,0.18,0.087174,0.265369,0.687027,0.0,2.564372,cash_in,cash_in,,,0,0,0,0.0,0.0,0.0
train,with_mine,mine best intruder 1039,mine,50,0,feeder,attack,friendly,Q0_SE,0.397996,2.646426,chosen_action,,0.0,0.0,0.0,0.332456,0.40632,0.333333,2.646426,cash_in,cash_in,,,0,0,0,0.0,0.0,0.0
train,with_mine,mine best intruder 1039,best,50,1,expander,expansion,enemy,Q0_SE,0.767634,2.217089,chosen_action,,0.0,0.043009,0.12417,0.227565,0.496987,0.0,2.217089,cash_in,cash_in,,,0,0,0,0.0,0.0,0.0
train,with_mine,mine best intruder 1039,best,50,1,expander,expansion,enemy,Q0_SE,0.752154,2.36857,chosen_action,,0.0,0.18,0.246203,0.205923,0.203227,0.0,2.36857,chasing_leader,leader_target,,,0,0,0,0.0,0.0,0.0
train,with_mine,mine best intruder 1039,best,60,1,expander,expansion,friendly,Q0_SE,0.707759,2.040896,chosen_action,,0.0,0.07548,0.115173,0.193729,0.426627,0.0,2.040896,pressured,concentrated_inbound,8,Q0_SE,2,2,55,24.0,2.2917,1.059
train,with_mine,mine best intruder 1039,intruder,60,0,expander,expansion,enemy,Q1_SW,0.447243,3.836754,chosen_action,,0.0,0.18,0.4,0.582879,0.324329,0.0,3.836754,overtake_window,overtake_window,,,0,0,0,0.0,0.0,0.0
train,with_mine,mine best intruder 1039,intruder,60,0,expander,expansion,neutral,Q1_SW,0.419291,3.173127,chosen_action,,0.0,0.18,0.122487,0.498102,0.724209,0.0,3.173127,cash_in,cash_in,,,0,0,0,0.0,0.0,0.0
train,with_mine,mine best intruder 1039,1039,60,0,expander,attack,enemy,Q1_SW,0.575009,4.392253,chosen_action,,0.0,0.18,0.120158,0.696347,0.534089,0.0,4.392253,overtake_window,overtake_window,,,0,0,0,0.0,0.0,0.0
train,with_mine,mine best intruder 1039,best,70,1,expander,expansion,neutral,Q1_SW,1.0,2.337335,chosen_action,,0.0,0.0,0.0,0.225505,0.58972,0.0,2.337335,cash_in,cash_in,,,0,0,0,0.0,0.0,0.0
train,with_mine,mine best intruder 1039,best,70,1,expander,expansion,enemy,Q2_NW,0.646658,1.548033,chosen_action,,0.0,0.18,0.244573,0.091977,0.242436,0.0,1.548033,neutral,neutral,,,0,0,0,0.0,0.0,0.0
train,with_mine,mine best intruder 1039,best,70,1,anchor,expansion,friendly,Q1_SW,0.054241,1.420095,chosen_action,,0.95,0.18,0.336997,0.088572,0.15372,0.0,1.420095,neutral,neutral,,,0,0,0,0.0,0.0,0.0
train,with_mine,mine best intruder 1039,intruder,70,0,expander,expansion,enemy,Q1_SW,0.552933,4.835859,chosen_action,,0.0,0.18,0.083614,0.78962,0.474644,0.333333,4.835859,overtake_window,overtake_window,,,0,0,0,0.0,0.0,0.0
train,with_mine,mine best intruder 1039,intruder,70,0,expander,expansion,enemy,Q0_SE,0.154012,1.310557,chosen_action,,0.0,0.18,0.248831,0.081449,0.085244,0.0,1.310557,neutral,neutral,,,0,0,0,0.0,0.0,0.0
train,with_mine,mine best intruder 1039,intruder,80,0,expander,expansion,enemy,Q2_NW,0.427959,3.664472,chosen_action,,0.0,0.18,0.385693,0.541605,0.270089,0.0,3.664472,chasing_leader,leader_target,,,0,0,0,0.0,0.0,0.0
train,with_mine,mine best intruder 1039,intruder,80,0,expander,expansion,enemy,Q0_SE,0.393322,3.417717,chosen_action,,0.0,0.18,0.4,0.485333,0.187347,0.0,3.417717,chasing_leader,leader_target,,,0,0,0,0.0,0.0,0.0
train,with_mine,mine best intruder 1039,1039,80,0,anchor,attack,enemy,Q0_SE,0.436193,4.401838,chosen_action,,0.95,0.18,0.4,0.702628,0.530022,0.0,4.401838,pressured,concentrated_inbound,15,Q2_NW,2,2,53,44.0,1.2045,0.612
train,with_mine,mine best intruder 1039,intruder,90,0,expander,expansion,enemy,Q0_SE,0.621452,4.293147,chosen_action,,0.0,0.0,0.0,0.715053,0.427422,0.0,4.293147,overtake_window,overtake_window,,,0,0,0,0.0,0.0,0.0
train,with_mine,mine best intruder 1039,best,100,1,feeder,established,friendly,Q0_SE,1.0,1.580625,chosen_action,,0.0,0.0,0.0,0.098895,0.25428,0.0,1.580625,neutral,neutral,,,0,0,0,0.0,0.0,0.0
train,with_mine,mine best intruder 1039,intruder,100,0,expander,expansion,friendly,Q3_NE,0.127296,1.530895,chosen_action,,0.0,0.072596,0.4,0.149859,0.12684,0.0,1.530895,pressured,concentrated_inbound,2,Q3_NE,2,2,92,61.0,1.5082,2.998
train,with_mine,mine best intruder 1039,intruder,100,0,expander,expansion,enemy,Q1_SW,0.610688,4.743184,chosen_action,,0.0,0.18,0.163169,0.821831,0.570956,0.0,4.743184,pressured,concentrated_inbound,2,Q3_NE,2,2,92,61.0,1.5082,2.998
train,with_mine,mine best intruder 1039,intruder,110,0,expander,expansion,friendly,Q0_SE,0.388402,2.575775,chosen_action,,0.0,0.069421,0.0,0.390835,0.472422,0.0,2.575775,cash_in,cash_in,,,0,0,0,0.0,0.0,0.0
train,with_mine,mine best intruder 1039,intruder,110,0,expander,expansion,enemy,Q3_NE,0.584255,4.285697,chosen_action,,0.0,0.18,0.0,0.725236,0.4038,0.0,4.285697,overtake_window,overtake_window,,,0,0,0,0.0,0.0,0.0
train,with_mine,mine best intruder 1039,intruder,110,0,anchor,expansion,friendly,Q3_NE,0.260844,1.808262,chosen_action,,0.0,0.014523,0.1,0.193271,0.25512,0.0,1.808262,neutral,neutral,,,0,0,0,0.0,0.0,0.0
train,with_mine,mine best intruder 1039,intruder,120,0,expander,expansion,enemy,Q1_SW,0.659817,5.259621,chosen_action,,0.0,0.18,0.249261,0.947338,0.730378,0.0,5.259621,pressured,concentrated_inbound,17,Q0_SE,2,2,81,14.0,5.7857,3.49
train,with_mine,mine best intruder 1039,intruder,120,0,expander,expansion,friendly,Q3_NE,0.270805,1.885011,chosen_action,,0.0,0.014523,0.1,0.206857,0.287818,0.0,1.885011,pressured,concentrated_inbound,17,Q0_SE,2,2,81,14.0,5.7857,3.49
train,with_mine,mine best intruder 1039,intruder,130,0,anchor,attack,friendly,Q0_SE,0.333009,2.050057,chosen_action,,0.0,0.0,0.0,0.235159,0.35976,0.0,2.050057,pressured,concentrated_inbound,21,Q0_SE,2,2,149,27.0,5.5185,3.66
train,with_mine,mine best,mine,0,0,anchor,initiation,neutral,Q0_SE,0.188202,1.640238,chosen_action,,0.0,0.18,0.017963,0.078531,0.33464,0.0,1.640238,neutral,neutral,,,0,0,0,0.0,0.0,0.0
train,with_mine,mine best,mine,20,0,anchor,established,neutral,Q0_SE,0.424626,3.800237,chosen_action,,0.0,0.18,0.134399,0.492965,0.5312,1.0,3.800237,neutral,neutral,,,0,0,0,0.0,0.0,0.0
train,with_mine,mine best,mine,50,0,expander,established,neutral,Q3_NE,0.440971,3.004663,chosen_action,,0.0,0.0,0.0,0.315849,0.25676,1.0,3.004663,neutral,neutral,,,0,0,0,0.0,0.0,0.0
train,with_mine,mine best,mine,50,0,expander,established,neutral,Q0_SE,0.440971,3.004663,chosen_action,,0.0,0.0,0.0,0.315849,0.25676,1.0,3.004663,neutral,neutral,,,0,0,0,0.0,0.0,0.0
train,with_mine,mine best,mine,50,0,expander,established,friendly,Q0_SE,0.495693,3.447625,chosen_action,,0.0,0.0,0.0,0.418651,0.40212,1.0,3.447625,cash_in,cash_in,,,0,0,0,0.0,0.0,0.0
train,with_mine,mine best,best,50,1,expander,established,neutral,Q2_NW,0.054001,1.413135,chosen_action,,0.95,0.18,0.060086,0.054172,0.20972,0.0,1.413135,neutral,neutral,,,0,0,0,0.0,0.0,0.0
train,with_mine,mine best,best,60,1,expander,attack,enemy,Q0_SE,1.0,2.658726,chosen_action,,0.0,0.03363,0.0,0.246473,0.346067,0.0,2.658726,pressured,concentrated_inbound,7,Q2_NW,2,2,25,35.0,0.7143,1.926
train,with_mine,mine best,best,60,1,attacker,established,friendly,Q0_SE,1.0,1.534233,chosen_action,,0.0,0.0,0.0,0.110015,0.200147,0.0,1.534233,pressured,concentrated_inbound,7,Q2_NW,2,2,25,35.0,0.7143,1.926
train,with_mine,mine best,best,70,1,expander,established,friendly,Q0_SE,1.0,1.215786,chosen_action,,0.0,0.0,0.0,0.045496,0.07896,0.0,1.215786,pressured,concentrated_inbound,7,Q2_NW,2,2,56,65.0,0.8615,1.415
train,with_mine,mine best,mine,90,0,expander,attack,enemy,Q0_SE,0.545776,3.712009,chosen_action,,0.0,0.0,0.0,0.545735,0.29796,0.0,3.712009,chasing_leader,leader_target,,,0,0,0,0.0,0.0,0.0
train,with_mine,mine best,best,90,1,expander,attack,enemy,Q3_NE,1.0,2.517756,chosen_action,,0.0,0.0,0.0,0.212588,0.301884,0.0,2.517756,pressured,concentrated_inbound,21,Q3_NE,2,2,126,192.0,0.6562,0.006
train,with_mine,mine best,mine,100,0,expander,attack,enemy,Q3_NE,0.49825,3.331577,chosen_action,,0.0,0.0,0.0,0.464696,0.160227,0.0,3.331577,chasing_leader,leader_target,,,0,0,0,0.0,0.0,0.0
train,with_mine,mine best,mine,100,0,expander,attack,friendly,Q3_NE,0.266739,1.56893,chosen_action,,0.0,0.0,0.033153,0.124382,0.200307,0.0,1.56893,neutral,neutral,,,0,0,0,0.0,0.0,0.0
train,with_mine,mine best,best,100,1,expander,established,friendly,Q0_SE,1.0,1.413046,chosen_action,,0.0,0.0,0.0,0.063563,0.19296,0.0,1.413046,pressured,concentrated_inbound,32,Q0_SE,2,2,39,11.0,3.5455,3.041
train,with_mine,mine best,mine,110,0,expander,expansion,enemy,Q0_SE,0.418626,3.309533,chosen_action,,0.0,0.148378,0.238692,0.428209,0.208764,0.0,3.309533,pressured,concentrated_inbound,21,Q3_NE,2,2,221,27.0,8.1852,4.888
train,with_mine,mine best,mine,110,0,sweeper,expansion,friendly,Q3_NE,0.21877,1.918521,chosen_action,,0.0,0.18,0.034817,0.236817,0.259378,0.0,1.918521,pressured,concentrated_inbound,21,Q3_NE,2,2,221,27.0,8.1852,4.888
train,with_mine,mine intruder,mine,0,0,expander,initiation,neutral,Q0_SE,0.218383,1.642533,chosen_action,,0.0,0.046556,0.281982,0.079015,0.33548,0.0,1.642533,neutral,neutral,,,0,0,0,0.0,0.0,0.0
train,with_mine,mine intruder,intruder,0,1,expander,initiation,neutral,Q2_NW,0.755553,1.642533,chosen_action,,0.0,0.046556,0.281982,0.079015,0.33548,0.0,1.642533,neutral,neutral,,,0,0,0,0.0,0.0,0.0
train,with_mine,mine intruder,mine,30,0,expander,established,neutral,Q1_SW,0.420526,3.672256,chosen_action,,0.0,0.18,0.016455,0.424205,0.55864,1.0,3.672256,cash_in,cash_in,,,0,0,0,0.0,0.0,0.0
train,with_mine,mine intruder,mine,50,0,expander,established,neutral,Q1_SW,0.285571,2.252398,chosen_action,,0.0,0.062429,0.323887,0.207597,0.55864,0.0,2.252398,cash_in,cash_in,,,0,0,0,0.0,0.0,0.0
train,with_mine,mine intruder,mine,60,0,expander,attack,enemy,Q3_NE,0.30057,2.382406,chosen_action,,0.0,0.0,0.4,0.187548,0.246142,0.0,2.382406,chasing_leader,leader_target,,,0,0,0,0.0,0.0,0.0
train,with_mine,mine intruder,mine,60,0,expander,established,friendly,Q1_SW,0.334916,2.041276,chosen_action,,0.0,0.0,0.0,0.196017,0.42284,0.0,2.041276,cash_in,cash_in,,,0,0,0,0.0,0.0,0.0
train,with_mine,mine intruder,intruder,60,1,expander,attack,friendly,Q3_NE,0.508949,1.544573,chosen_action,,0.0,0.029084,0.4,0.118838,0.19212,0.0,1.544573,neutral,neutral,,,0,0,0,0.0,0.0,0.0
train,with_mine,mine intruder,intruder,70,1,expander,established,neutral,Q3_NE,0.899555,1.401657,chosen_action,,0.0,0.06693,0.086035,0.051752,0.20552,0.0,1.401657,neutral,neutral,,,0,0,0,0.0,0.0,0.0
train,with_mine,mine intruder,intruder,70,1,expander,established,friendly,Q2_NW,0.943218,1.587512,chosen_action,,0.0,0.020087,0.000333,0.100347,0.2568,0.0,1.587512,neutral,neutral,,,0,0,0,0.0,0.0,0.0
train,with_mine,mine intruder,intruder,70,1,expander,established,friendly,Q2_NW,1.0,1.587512,chosen_action,,0.0,0.0,0.026525,0.100347,0.2568,0.0,1.587512,neutral,neutral,,,0,0,0,0.0,0.0,0.0
train,with_mine,mine intruder,mine,80,0,expander,attack,friendly,Q0_SE,0.269335,1.537541,chosen_action,,0.0,0.0,0.0,0.116853,0.19044,0.0,1.537541,neutral,neutral,,,0,0,0,0.0,0.0,0.0
train,with_mine,mine intruder,mine,80,0,expander,attack,friendly,Q2_NW,0.202529,1.643623,chosen_action,,0.0,0.0,0.4,0.164369,0.184547,0.0,1.643623,neutral,neutral,,,0,0,0,0.0,0.0,0.0
train,with_mine,mine intruder,intruder,80,1,expander,attack,neutral,Q0_SE,0.933163,2.234668,chosen_action,,0.0,0.18,0.047561,0.194935,0.568018,0.0,2.234668,pressured,concentrated_inbound,30,Q3_NE,3,3,130,49.0,2.6531,6.304
train,with_mine,mine intruder,intruder,80,1,expander,attack,friendly,Q3_NE,1.0,1.392548,chosen_action,,0.0,0.0,0.0,0.082764,0.14364,0.0,1.392548,pressured,concentrated_inbound,30,Q3_NE,3,3,130,49.0,2.6531,6.304
train,with_mine,mine intruder,mine,90,0,expander,attack,friendly,Q2_NW,0.212745,1.47681,chosen_action,,0.0,0.0,0.24115,0.129976,0.122124,0.0,1.47681,neutral,neutral,,,0,0,0,0.0,0.0,0.0
train,with_mine,mine intruder,intruder,90,1,expander,attack,enemy,Q0_SE,1.0,3.034573,chosen_action,,0.0,0.18,0.0,0.324451,0.485844,0.0,3.034573,cash_in,cash_in,,,0,0,0,0.0,0.0,0.0
train,with_mine,mine intruder,intruder,90,1,expander,attack,enemy,Q2_NW,0.768932,2.009874,chosen_action,,0.0,0.04388,0.154267,0.135816,0.06216,0.0,2.009874,chasing_leader,leader_target,,,0,0,0,0.0,0.0,0.0
train,with_mine,mine intruder,intruder,90,1,expander,attack,friendly,Q1_SW,0.854431,1.415342,chosen_action,,0.0,0.041068,0.0,0.064047,0.1938,0.0,1.415342,neutral,neutral,,,0,0,0,0.0,0.0,0.0
train,with_mine,mine intruder,mine,100,0,expander,attack,neutral,Q0_SE,0.140421,1.482774,chosen_action,,0.0,0.18,0.151002,0.087441,0.20216,0.0,1.482774,neutral,neutral,,,0,0,0,0.0,0.0,0.0
train,with_mine,mine intruder,mine,100,0,expander,attack,enemy,Q2_NW,0.427045,3.442525,chosen_action,,0.0,0.18,0.252504,0.439545,0.287124,0.0,3.442525,chasing_leader,leader_target,,,0,0,0,0.0,0.0,0.0
train,with_mine,mine intruder,mine,100,0,anchor,attack,friendly,Q0_SE,0.271586,1.611374,chosen_action,,0.0,0.0,0.000158,0.137694,0.20808,0.0,1.611374,neutral,neutral,,,0,0,0,0.0,0.0,0.0
train,with_mine,mine intruder,intruder,100,1,expander,attack,friendly,Q0_SE,0.397056,1.198942,chosen_action,,0.0,0.18,0.168657,0.040588,0.075209,0.0,1.198942,pressured,concentrated_inbound,12,Q2_NW,2,2,64,41.0,1.561,0.644
train,with_mine,mine intruder,intruder,100,1,expander,attack,neutral,Q0_SE,0.325812,1.446794,chosen_action,,0.0,0.18,0.132563,0.059912,0.224449,0.0,1.446794,pressured,concentrated_inbound,12,Q2_NW,2,2,64,41.0,1.561,0.644
train,with_mine,mine intruder,intruder,100,1,expander,attack,friendly,Q1_SW,1.0,1.442889,chosen_action,,0.0,0.0,0.003542,0.069855,0.20388,0.0,1.442889,pressured,concentrated_inbound,12,Q2_NW,2,2,64,41.0,1.561,0.644
train,with_mine,mine intruder,mine,110,0,anchor,attack,neutral,Q2_NW,0.256034,2.548881,chosen_action,,0.0,0.18,0.021,0.31417,0.588796,0.0,2.548881,pressured,concentrated_inbound,8,Q0_SE,2,2,167,120.0,1.3917,4.277
train,with_mine,mine intruder,mine,110,0,expander,attack,enemy,Q3_NE,0.461821,3.443279,chosen_action,,0.0,0.18,0.079981,0.431009,0.302858,0.0,3.443279,pressured,concentrated_inbound,8,Q0_SE,2,2,167,120.0,1.3917,4.277
train,with_mine,mine intruder,mine,110,0,expander,attack,friendly,Q0_SE,0.248695,1.435967,chosen_action,,0.0,0.010518,0.024347,0.123063,0.10416,0.0,1.435967,pressured,concentrated_inbound,8,Q0_SE,2,2,167,120.0,1.3917,4.277
train,with_mine,mine intruder,intruder,110,1,expander,established,friendly,Q1_SW,0.139066,2.073414,chosen_action,,0.95,0.18,0.0,0.202793,0.4346,0.0,2.073414,cash_in,cash_in,,,0,0,0,0.0,0.0,0.0
train,with_mine,mine intruder,intruder,110,1,expander,established,friendly,Q1_SW,0.857921,1.176761,chosen_action,,0.0,0.002922,0.085629,0.037268,0.06468,0.0,1.176761,neutral,neutral,,,0,0,0,0.0,0.0,0.0
train,with_mine,mine intruder,mine,120,0,attacker,attack,neutral,Q3_NE,0.244539,1.730433,chosen_action,,0.0,0.18,0.070911,0.13347,0.303782,0.0,1.730433,neutral,neutral,,,0,0,0,0.0,0.0,0.0
train,with_mine,mine intruder,mine,120,0,feeder,attack,neutral,Q3_NE,0.15147,1.730433,chosen_action,,0.0,0.18,0.196259,0.13347,0.303782,0.0,1.730433,neutral,neutral,,,0,0,0,0.0,0.0,0.0
train,with_mine,mine intruder,intruder,120,1,expander,attack,enemy,Q0_SE,1.0,2.972458,chosen_action,,0.0,0.098384,0.0,0.31262,0.460867,0.0,2.972458,cash_in,cash_in,,,0,0,0,0.0,0.0,0.0
train,with_mine,mine intruder,intruder,120,1,attacker,attack,enemy,Q0_SE,1.0,2.42687,chosen_action,,0.0,0.0,0.0,0.197589,0.261227,0.0,2.42687,chasing_leader,leader_target,,,0,0,0,0.0,0.0,0.0
train,with_mine,mine intruder,intruder,120,1,expander,established,friendly,Q1_SW,0.651378,2.03898,chosen_action,,0.0,0.18,0.023242,0.195533,0.422,0.0,2.03898,cash_in,cash_in,,,0,0,0,0.0,0.0,0.0
train,with_mine,mine intruder,intruder,130,1,expander,established,friendly,Q0_SE,1.0,2.006842,chosen_action,,0.0,0.0,0.0,0.188757,0.41024,0.0,2.006842,cash_in,cash_in,,,0,0,0,0.0,0.0,0.0
train,with_mine,mine intruder,intruder,130,1,feeder,established,friendly,Q0_SE,0.497254,1.298428,chosen_action,,0.0,0.111602,0.149675,0.06292,0.1092,0.0,1.298428,neutral,neutral,,,0,0,0,0.0,0.0,0.0
train,with_mine,mine best intruder smith,best,30,0,expander,expansion,enemy,Q0_SE,0.290374,2.0899,chosen_action,,0.0,0.18,0.079592,0.151377,0.093773,0.0,2.0899,chasing_leader,leader_target,,,0,0,0,0.0,0.0,0.0
train,with_mine,mine best intruder smith,best,40,0,expander,expansion,neutral,Q0_SE,0.267935,1.849654,chosen_action,,0.0,0.18,0.034692,0.120683,0.414827,0.0,1.849654,cash_in,cash_in,,,0,0,0,0.0,0.0,0.0
train,with_mine,mine best intruder smith,best,40,0,expander,expansion,enemy,Q0_SE,0.314815,2.291985,chosen_action,,0.0,0.18,0.087917,0.193295,0.168947,0.0,2.291985,chasing_leader,leader_target,,,0,0,0,0.0,0.0,0.0
train,with_mine,mine best intruder smith,intruder,60,1,attacker,attack,enemy,Q3_NE,0.944098,2.301228,chosen_action,,0.0,0.18,0.045506,0.194668,0.173351,0.0,2.301228,chasing_leader,leader_target,,,0,0,0,0.0,0.0,0.0
train,with_mine,mine best intruder smith,best,70,0,expander,expansion,enemy,Q1_SW,0.491285,3.742708,chosen_action,,0.0,0.18,0.09383,0.482173,0.211476,0.333333,3.742708,chasing_leader,leader_target,,,0,0,0,0.0,0.0,0.0
train,with_mine,mine best intruder smith,intruder,80,1,attacker,attack,neutral,Q3_NE,0.883179,1.889243,chosen_action,,0.0,0.18,0.052826,0.12804,0.431071,0.0,1.889243,cash_in,cash_in,,,0,0,0,0.0,0.0,0.0
train,with_mine,mine best intruder smith,best,90,0,expander,expansion,neutral,Q0_SE,0.281743,1.97578,chosen_action,,0.0,0.18,0.042634,0.191723,0.38196,0.0,1.97578,cash_in,cash_in,,,0,0,0,0.0,0.0,0.0
train,with_mine,mine best intruder smith,intruder,90,1,sweeper,established,neutral,Q2_NW,0.88648,1.769556,chosen_action,,0.0,0.18,0.034012,0.105796,0.38196,0.0,1.769556,cash_in,cash_in,,,0,0,0,0.0,0.0,0.0
train,with_mine,mine best intruder smith,best,110,0,expander,expansion,enemy,Q1_SW,0.475391,3.255208,chosen_action,,0.0,0.05589,0.016532,0.374268,0.264418,0.0,3.255208,pressured,concentrated_inbound,13,Q0_SE,2,2,130,66.0,1.9697,0.166
train,with_mine,mine best intruder smith,intruder,110,1,expander,attack,enemy,Q0_SE,0.889991,2.224086,chosen_action,,0.0,0.18,0.089651,0.178496,0.14496,0.0,2.224086,chasing_leader,leader_target,,,0,0,0,0.0,0.0,0.0
train,with_mine,mine best intruder smith,best,120,0,expander,expansion,friendly,Q0_SE,0.189305,1.344535,chosen_action,,0.0,0.18,0.094558,0.086069,0.1022,0.0,1.344535,neutral,neutral,,,0,0,0,0.0,0.0,0.0
train,with_mine,mine best intruder smith,intruder,130,1,expander,attack,unknown,unknown,0.612232,1.0,chosen_action,,0.0,0.18,0.027768,0.0,0.0,0.0,1.0,neutral,neutral,,,0,0,0,0.0,0.0,0.0
train,with_mine,mine best intruder smith,best,140,0,expander,expansion,enemy,Q3_NE,0.449819,3.44512,chosen_action,,0.0,0.18,0.136084,0.482328,0.212987,0.0,3.44512,chasing_leader,leader_target,,,0,0,0,0.0,0.0,0.0
train,with_mine,mine best intruder smith,intruder,150,1,expander,attack,friendly,Q1_SW,0.873052,1.571443,chosen_action,,0.0,0.18,0.021201,0.096959,0.25092,0.0,1.571443,neutral,neutral,,,0,0,0,0.0,0.0,0.0
train,with_mine,mine best intruder 1039,1039,0,0,expander,initiation,neutral,Q0_SE,0.124754,1.95739,chosen_action,,0.95,0.18,0.232341,0.144892,0.451591,0.0,1.95739,neutral,neutral,,,0,0,0,0.0,0.0,0.0
train,with_mine,mine best intruder 1039,best,10,1,expander,expansion,neutral,Q2_NW,0.76474,1.902142,chosen_action,,0.0,0.18,0.17291,0.131795,0.433951,0.0,1.902142,cash_in,cash_in,,,0,0,0,0.0,0.0,0.0
train,with_mine,mine best intruder 1039,best,10,1,expander,expansion,unknown,unknown,0.0,1.0,chosen_action,,0.95,0.18,0.185834,0.0,0.0,0.0,1.0,neutral,neutral,,,0,0,0,0.0,0.0,0.0
train,with_mine,mine best intruder 1039,intruder,10,0,expander,expansion,unknown,unknown,0.0,1.0,chosen_action,,0.95,0.18,0.185834,0.0,0.0,0.0,1.0,neutral,neutral,,,0,0,0,0.0,0.0,0.0
train,with_mine,mine best intruder 1039,best,20,1,expander,expansion,neutral,Q0_SE,0.174358,2.388191,chosen_action,,0.95,0.18,0.216069,0.203365,0.444529,0.333333,2.388191,cash_in,cash_in,,,0,0,0,0.0,0.0,0.0
train,with_mine,mine best intruder 1039,intruder,20,0,expander,expansion,neutral,Q2_NW,0.450385,3.454004,chosen_action,,0.0,0.18,0.066578,0.374994,0.484458,1.0,3.454004,cash_in,cash_in,,,0,0,0,0.0,0.0,0.0
train,with_mine,mine best intruder 1039,intruder,20,0,expander,expansion,enemy,Q2_NW,0.329454,3.709947,chosen_action,,0.95,0.18,0.118542,0.426953,0.285378,1.0,3.709947,chasing_leader,leader_target,,,0,0,0,0.0,0.0,0.0
train,with_mine,mine best intruder 1039,best,30,1,expander,expansion,neutral,Q0_SE,0.138221,2.061187,chosen_action,,0.95,0.18,0.275886,0.163534,0.495338,0.0,2.061187,cash_in,cash_in,,,0,0,0,0.0,0.0,0.0
train,with_mine,mine best intruder 1039,best,40,1,expander,expansion,unknown,unknown,0.24,1.0,chosen_action,,0.0,0.18,0.4,0.0,0.0,0.0,1.0,neutral,neutral,,,0,0,0,0.0,0.0,0.0
train,with_mine,mine best intruder 1039,best,40,1,expander,expansion,enemy,Q0_SE,0.208178,2.59979,chosen_action,,0.95,0.18,0.240095,0.256352,0.284849,0.0,2.59979,chasing_leader,leader_target,,,0,0,0,0.0,0.0,0.0
train,with_mine,mine best intruder 1039,intruder,50,0,expander,expansion,enemy,Q3_NE,0.150204,2.165481,chosen_action,,0.95,0.18,0.104922,0.259662,0.401698,0.0,2.165481,pressured,concentrated_inbound,22,Q1_SW,2,2,82,40.0,2.05,2.132
train,with_mine,mine best intruder 1039,best,70,1,expander,expansion,enemy,Q1_SW,0.262771,2.399965,chosen_action,,0.0,0.18,0.4,0.194539,0.24672,0.0,2.399965,chasing_leader,leader_target,,,0,0,0,0.0,0.0,0.0
train,with_mine,mine best intruder 1200,mine,20,1,expander,expansion,neutral,Q3_NE,0.689259,2.262479,chosen_action,,0.0,0.134903,0.0,0.208458,0.564578,0.0,2.262479,neutral,neutral,,,0,0,0,0.0,0.0,0.0
train,with_mine,mine best intruder 1200,mine,20,1,anchor,expansion,neutral,Q0_SE,0.448774,1.690902,chosen_action,,0.0,0.18,0.181092,0.112736,0.31136,0.0,1.690902,neutral,neutral,,,0,0,0,0.0,0.0,0.0
train,with_mine,mine best intruder 1200,best,20,0,expander,expansion,neutral,Q3_NE,0.096429,1.741539,chosen_action,,0.95,0.18,0.171978,0.122147,0.332138,0.0,1.741539,neutral,neutral,,,0,0,0,0.0,0.0,0.0
train,with_mine,mine best intruder 1200,1200,20,0,anchor,expansion,neutral,Q2_NW,0.417453,3.575569,chosen_action,,0.0,0.18,0.030552,0.392266,0.5438,1.0,3.575569,neutral,neutral,,,0,0,0,0.0,0.0,0.0
train,with_mine,mine best intruder 1200,best,30,0,anchor,expansion,neutral,Q0_SE,0.237095,2.381659,chosen_action,,0.0,0.18,0.160816,0.214836,0.419298,0.333333,2.381659,cash_in,cash_in,,,0,0,0,0.0,0.0,0.0
train,with_mine,mine best intruder 1200,intruder,30,0,anchor,expansion,neutral,Q2_NW,0.387557,3.313017,chosen_action,,0.0,0.15739,0.0,0.401707,0.554756,0.666667,3.313017,neutral,neutral,,,0,0,0,0.0,0.0,0.0
train,with_mine,mine best intruder 1200,1200,30,0,anchor,expansion,neutral,Q1_SW,0.316117,2.859674,chosen_action,,0.0,0.18,0.043694,0.288372,0.420431,0.666667,2.859674,cash_in,cash_in,,,0,0,0,0.0,0.0,0.0
train,with_mine,mine best intruder 1200,mine,40,1,anchor,expansion,friendly,Q3_NE,0.662737,1.972791,chosen_action,,0.0,0.18,0.003352,0.180842,0.399089,0.0,1.972791,cash_in,cash_in,,,0,0,0,0.0,0.0,0.0
train,with_mine,mine best intruder 1200,1200,40,0,anchor,expansion,neutral,Q1_SW,0.402639,3.40051,chosen_action,,0.0,0.138109,0.0,0.423713,0.580444,0.666667,3.40051,cash_in,cash_in,,,0,0,0,0.0,0.0,0.0
train,with_mine,mine best intruder 1200,mine,50,1,expander,expansion,friendly,Q0_SE,0.941604,1.546191,chosen_action,,0.0,0.0,0.129389,0.091635,0.24168,0.0,1.546191,neutral,neutral,,,0,0,0,0.0,0.0,0.0
train,with_mine,mine best intruder 1200,mine,50,1,expander,expansion,friendly,Q3_NE,1.0,1.660971,chosen_action,,0.0,0.0,0.0,0.115835,0.28368,0.0,1.660971,neutral,neutral,,,0,0,0,0.0,0.0,0.0
train,with_mine,mine best intruder 1200,mine,50,1,expander,expansion,friendly,Q0_SE,0.834662,1.741317,chosen_action,,0.0,0.029159,0.1,0.132775,0.31308,0.0,1.741317,neutral,neutral,,,0,0,0,0.0,0.0,0.0
train,with_mine,mine best intruder 1200,best,50,0,expander,expansion,friendly,Q1_SW,0.191559,1.752008,chosen_action,,0.0,0.125804,0.4,0.177392,0.24168,0.0,1.752008,neutral,neutral,,,0,0,0,0.0,0.0,0.0
train,with_mine,mine best intruder 1200,intruder,50,0,expander,expansion,friendly,Q2_NW,0.348796,2.197337,chosen_action,,0.0,0.0,0.0,0.209123,0.29292,0.333333,2.197337,neutral,neutral,,,0,0,0,0.0,0.0,0.0
train,with_mine,mine best intruder 1200,1200,50,0,expander,expansion,enemy,Q2_NW,0.314786,2.231193,chosen_action,,0.0,0.026194,0.05528,0.22818,0.210044,0.0,2.231193,chasing_leader,leader_target,,,0,0,0,0.0,0.0,0.0
train,with_mine,mine best intruder 1200,mine,60,1,expander,attack,enemy,Q0_SE,1.0,1.94333,chosen_action,,0.0,0.0,0.0,0.175367,0.387,0.0,1.94333,cash_in,cash_in,,,0,0,0,0.0,0.0,0.0
train,with_mine,mine best intruder 1200,mine,60,1,expander,attack,friendly,Q0_SE,0.779305,1.429116,chosen_action,,0.0,0.003656,0.19504,0.066951,0.19884,0.0,1.429116,neutral,neutral,,,0,0,0,0.0,0.0,0.0
train,with_mine,mine best intruder 1200,mine,60,1,expander,attack,friendly,Q3_NE,0.992334,1.711474,chosen_action,,0.0,0.0,0.1,0.126483,0.30216,0.0,1.711474,neutral,neutral,,,0,0,0,0.0,0.0,0.0
train,with_mine,mine best intruder 1200,mine,60,1,expander,attack,friendly,Q3_NE,0.963421,1.592103,chosen_action,,0.0,0.0,0.1,0.101315,0.25848,0.0,1.592103,neutral,neutral,,,0,0,0,0.0,0.0,0.0
train,with_mine,mine best intruder 1200,best,60,0,expander,expansion,neutral,Q1_SW,0.180021,1.805847,chosen_action,,0.0,0.048215,0.4,0.143755,0.34136,0.0,1.805847,pressured,concentrated_inbound,25,Q1_SW,2,2,32,43.0,0.7442,1.761
train,with_mine,mine best intruder 1200,best,60,0,expander,expansion,friendly,Q1_SW,0.289739,1.853968,chosen_action,,0.0,0.0,0.1,0.206173,0.26604,0.0,1.853968,pressured,concentrated_inbound,25,Q1_SW,2,2,32,43.0,0.7442,1.761
train,with_mine,mine best intruder 1200,intruder,60,0,expander,expansion,friendly,Q2_NW,0.359345,2.281507,chosen_action,,0.0,0.0,0.0,0.242776,0.29544,0.333333,2.281507,neutral,neutral,,,0,0,0,0.0,0.0,0.0
train,with_mine,mine best intruder 1200,intruder,60,0,expander,expansion,friendly,Q2_NW,0.20957,1.537541,chosen_action,,0.0,0.006394,0.208839,0.116853,0.19044,0.0,1.537541,neutral,neutral,,,0,0,0,0.0,0.0,0.0
train,with_mine,mine best intruder 1200,mine,70,1,expander,attack,enemy,Q3_NE,1.0,2.397669,chosen_action,,0.0,0.0,0.0,0.194055,0.24588,0.0,2.397669,chasing_leader,leader_target,,,0,0,0,0.0,0.0,0.0
train,with_mine,mine best intruder 1200,mine,70,1,expander,attack,enemy,Q3_NE,1.0,2.397669,chosen_action,,0.0,0.0,0.0,0.194055,0.24588,0.0,2.397669,chasing_leader,leader_target,,,0,0,0,0.0,0.0,0.0
train,with_mine,mine best intruder 1200,mine,70,1,feeder,attack,friendly,Q3_NE,0.696199,1.79182,chosen_action,,0.0,0.126509,0.0,0.143423,0.33156,0.0,1.79182,neutral,neutral,,,0,0,0,0.0,0.0,0.0
train,with_mine,mine best intruder 1200,mine,70,1,expander,attack,friendly,Q3_NE,0.631735,1.989242,chosen_action,,0.0,0.18,0.036463,0.185047,0.4038,0.0,1.989242,cash_in,cash_in,,,0,0,0,0.0,0.0,0.0
train,with_mine,mine best intruder 1200,best,70,0,expander,attack,friendly,Q1_SW,0.302107,1.794199,chosen_action,,0.0,0.0,0.0,0.189301,0.25176,0.0,1.794199,neutral,neutral,,,0,0,0,0.0,0.0,0.0
train,with_mine,mine best intruder 1200,best,70,0,expander,attack,friendly,Q1_SW,0.386506,2.45518,chosen_action,,0.0,0.0,0.0,0.37588,0.40968,0.0,2.45518,cash_in,cash_in,,,0,0,0,0.0,0.0,0.0
train,with_mine,mine best intruder 1200,intruder,70,0,expander,attack,enemy,Q1_SW,0.343932,2.750714,chosen_action,,0.0,0.061007,0.0,0.430807,0.530947,0.0,2.750714,cash_in,cash_in,,,0,0,0,0.0,0.0,0.0
train,with_mine,mine best intruder 1200,mine,80,1,expander,attack,enemy,Q1_SW,0.488827,2.267483,chosen_action,,0.0,0.18,0.075386,0.239225,0.513587,0.0,2.267483,cash_in,cash_in,,,0,0,0,0.0,0.0,0.0
train,with_mine,mine best intruder 1200,mine,80,1,expander,attack,enemy,Q3_NE,1.0,2.276002,chosen_action,,0.0,0.0,0.069239,0.168403,0.20136,0.0,2.276002,chasing_leader,leader_target,,,0,0,0,0.0,0.0,0.0
train,with_mine,mine best intruder 1200,mine,80,1,expander,attack,friendly,Q0_SE,1.0,1.644902,chosen_action,,0.0,0.0,0.0,0.112447,0.2778,0.0,1.644902,neutral,neutral,,,0,0,0,0.0,0.0,0.0
train,with_mine,mine best intruder 1200,mine,80,1,expander,attack,friendly,Q3_NE,1.0,1.720657,chosen_action,,0.0,0.0,0.0,0.128419,0.30552,0.0,1.720657,neutral,neutral,,,0,0,0,0.0,0.0,0.0
train,with_mine,mine best intruder 1200,best,80,0,expander,attack,enemy,Q3_NE,0.435174,3.925287,chosen_action,,0.0,0.18,0.00174,0.55916,0.432076,0.0,3.925287,overtake_window,overtake_window,,,0,0,0,0.0,0.0,0.0
train,with_mine,mine best intruder 1200,best,80,0,expander,attack,friendly,Q1_SW,0.391535,2.581751,chosen_action,,0.0,0.0,0.0,0.411608,0.43992,0.0,2.581751,cash_in,cash_in,,,0,0,0,0.0,0.0,0.0
train,with_mine,mine best intruder 1200,mine,90,1,expander,attack,enemy,Q1_SW,0.584066,2.15091,chosen_action,,0.0,0.145104,0.0,0.214233,0.471667,0.0,2.15091,pressured,concentrated_inbound,24,Q0_SE,2,2,53,64.0,0.8281,8.225
train,with_mine,mine best intruder 1200,best,90,0,expander,attack,enemy,Q1_SW,0.38845,2.485848,chosen_action,,0.0,0.0,0.0,0.316492,0.24168,0.0,2.485848,chasing_leader,leader_target,,,0,0,0,0.0,0.0,0.0
train,with_mine,mine best intruder 1200,mine,100,1,expander,attack,enemy,Q3_NE,1.0,2.813173,chosen_action,,0.0,0.028948,0.0,0.281659,0.39792,0.0,2.813173,pressured,concentrated_inbound,15,Q1_SW,2,2,106,48.0,2.2083,8.417
train,with_mine,mine best intruder 1200,mine,100,1,expander,attack,enemy,Q1_SW,0.914029,1.816443,chosen_action,,0.0,0.013442,0.0,0.145877,0.345436,0.0,1.816443,pressured,concentrated_inbound,15,Q1_SW,2,2,106,48.0,2.2083,8.417
train,with_mine,mine best intruder 1200,mine,100,1,expander,attack,friendly,Q3_NE,0.999744,1.768864,chosen_action,,0.0,0.0,0.1,0.138583,0.32316,0.0,1.768864,pressured,concentrated_inbound,15,Q1_SW,2,2,106,48.0,2.2083,8.417
train,with_mine,mine best intruder 1200,best,100,0,anchor,expansion,enemy,Q1_SW,0.32863,2.335954,chosen_action,,0.0,0.0,0.16481,0.260121,0.230862,0.0,2.335954,pressured,concentrated_inbound,1,Q1_SW,2,2,64,28.0,2.2857,2.593
train,with_mine,mine best intruder 1200,mine,110,1,expander,attack,enemy,Q2_NW,0.569566,2.815198,chosen_action,,0.0,0.18,0.067028,0.271597,0.417307,0.0,2.815198,cash_in,cash_in,,,0,0,0,0.0,0.0,0.0
train,with_mine,mine best intruder 1200,mine,110,1,expander,attack,enemy,Q1_SW,0.915472,2.283883,chosen_action,,0.0,0.032545,0.0,0.169351,0.205511,0.0,2.283883,chasing_leader,leader_target,,,0,0,0,0.0,0.0,0.0
train,with_mine,mine best intruder 1200,intruder,110,0,expander,attack,friendly,Q1_SW,0.332186,2.029761,chosen_action,,0.0,0.0,0.0,0.255795,0.30804,0.0,2.029761,neutral,neutral,,,0,0,0,0.0,0.0,0.0
train,with_mine,mine best intruder 1200,mine,120,1,expander,attack,enemy,Q1_SW,1.0,2.2747,chosen_action,,0.0,0.0,0.0,0.167415,0.202151,0.0,2.2747,pressured,concentrated_inbound,14,Q2_NW,2,2,142,5.0,28.4,0.0
train,with_mine,mine best intruder 1200,mine,130,1,expander,attack,enemy,Q2_NW,0.440607,2.8049,chosen_action,,0.0,0.18,0.19462,0.271289,0.410227,0.0,2.8049,cash_in,cash_in,,,0,0,0,0.0,0.0,0.0
train,with_mine,mine best intruder 1200,intruder,130,0,expander,attack,enemy,Q3_NE,0.465619,4.512851,chosen_action,,0.0,0.18,0.220104,0.770346,0.491867,0.0,4.512851,pressured,concentrated_inbound,21,Q1_SW,2,2,101,99.0,1.0202,5.315
train,with_mine,mine best intruder 1200,intruder,130,0,expander,attack,friendly,Q2_NW,0.383364,2.430569,chosen_action,,0.0,0.0,0.0,0.368933,0.4038,0.0,2.430569,pressured,concentrated_inbound,21,Q1_SW,2,2,101,99.0,1.0202,5.315
train,with_mine,mine best intruder 1200,intruder,130,0,expander,attack,friendly,Q1_SW,0.346503,2.297034,chosen_action,,0.0,0.0,0.1,0.321741,0.388782,0.0,2.297034,pressured,concentrated_inbound,21,Q1_SW,2,2,101,99.0,1.0202,5.315
train,with_mine,mine best intruder 1200,mine,140,1,expander,attack,friendly,Q3_NE,0.87101,1.497984,chosen_action,,0.0,0.18,0.013759,0.081471,0.22404,0.0,1.497984,neutral,neutral,,,0,0,0,0.0,0.0,0.0
train,with_mine,mine best intruder 1200,mine,140,1,expander,attack,enemy,Q2_NW,0.451299,3.17044,chosen_action,,0.0,0.18,0.231141,0.3476,0.545333,0.0,3.17044,cash_in,cash_in,,,0,0,0,0.0,0.0,0.0
train,with_mine,mine best intruder 1200,mine,140,1,expander,attack,enemy,Q1_SW,0.88608,2.280594,chosen_action,,0.0,0.066156,0.0,0.169371,0.20304,0.0,2.280594,chasing_leader,leader_target,,,0,0,0,0.0,0.0,0.0
train,with_mine,mine best intruder 1200,mine,140,1,expander,attack,friendly,Q3_NE,0.989962,1.69311,chosen_action,,0.0,0.0,0.1,0.122611,0.29544,0.0,1.69311,neutral,neutral,,,0,0,0,0.0,0.0,0.0
train,with_mine,mine best intruder 1200,intruder,140,0,expander,attack,friendly,Q2_NW,0.353929,2.377831,chosen_action,,0.0,0.01395,0.0,0.354046,0.3912,0.0,2.377831,pressured,concentrated_inbound,27,Q2_NW,2,2,119,127.0,0.937,8.968
train,with_mine,mine best intruder 1200,mine,150,1,expander,attack,enemy,Q2_NW,0.324302,2.340473,chosen_action,,0.0,0.18,0.250825,0.180156,0.228222,0.0,2.340473,chasing_leader,leader_target,,,0,0,0,0.0,0.0,0.0
train,with_mine,mine best intruder 1200,mine,150,1,expander,attack,neutral,Q1_SW,0.283563,1.569839,chosen_action,,0.0,0.18,0.271142,0.063688,0.30888,0.0,1.569839,neutral,neutral,,,0,0,0,0.0,0.0,0.0
train,with_mine,mine best intruder 1200,mine,150,1,expander,attack,friendly,Q3_NE,0.32003,1.582921,chosen_action,,0.0,0.169352,0.306353,0.099379,0.25512,0.0,1.582921,neutral,neutral,,,0,0,0,0.0,0.0,0.0
train,with_mine,mine best intruder 1200,mine,150,1,expander,attack,friendly,Q1_SW,0.620389,2.042041,chosen_action,,0.0,0.042312,0.31095,0.196179,0.42312,0.0,2.042041,cash_in,cash_in,,,0,0,0,0.0,0.0,0.0
train,with_mine,mine best intruder 1200,mine,150,1,expander,attack,friendly,Q0_SE,0.858577,1.431411,chosen_action,,0.0,0.040425,0.0,0.067435,0.19968,0.0,1.431411,neutral,neutral,,,0,0,0,0.0,0.0,0.0
train,with_mine,mine best intruder 1200,mine,150,1,feeder,attack,friendly,Q1_SW,0.675015,2.042041,chosen_action,,0.0,0.18,0.0,0.196179,0.42312,0.0,2.042041,cash_in,cash_in,,,0,0,0,0.0,0.0,0.0
train,with_mine,mine best intruder 1200,mine,150,1,expander,attack,friendly,Q0_SE,0.674422,2.03745,chosen_action,,0.0,0.18,0.0,0.195211,0.42144,0.0,2.03745,cash_in,cash_in,,,0,0,0,0.0,0.0,0.0
train,with_mine,mine best intruder 1200,mine,150,1,anchor,attack,friendly,Q0_SE,0.752097,2.03745,chosen_action,,0.0,0.102326,0.0,0.195211,0.42144,0.0,2.03745,cash_in,cash_in,,,0,0,0,0.0,0.0,0.0
train,with_mine,mine best intruder 1200,mine,150,1,expander,attack,friendly,Q1_SW,1.0,2.042041,chosen_action,,0.0,0.131773,0.0,0.196179,0.42312,0.0,2.042041,cash_in,cash_in,,,0,0,0,0.0,0.0,0.0
train,with_mine,mine best intruder 1200,intruder,150,0,expander,attack,enemy,Q3_NE,0.532862,3.606854,chosen_action,,0.0,0.0,0.0,0.496693,0.307253,0.0,3.606854,pressured,concentrated_inbound,25,Q1_SW,3,3,138,12.0,11.5,4.475
train,with_mine,mine best intruder 1200,mine,160,1,expander,attack,enemy,Q3_NE,0.571788,2.260095,chosen_action,,0.0,0.18,0.052453,0.188572,0.15372,0.0,2.260095,chasing_leader,leader_target,,,0,0,0,0.0,0.0,0.0
train,with_mine,mine best intruder 1200,intruder,160,0,expander,attack,enemy,Q3_NE,0.457558,3.166912,chosen_action,,0.0,0.0,0.103055,0.370968,0.20488,0.0,3.166912,pressured,concentrated_inbound,2,Q3_NE,2,2,47,50.0,0.94,5.766
train,with_mine,mine best intruder 1200,intruder,160,0,anchor,attack,friendly,Q2_NW,0.289183,1.811778,chosen_action,,0.0,0.001807,0.0,0.194263,0.25596,0.0,1.811778,pressured,concentrated_inbound,2,Q3_NE,2,2,47,50.0,0.94,5.766
train,with_mine,mine best intruder 1200,intruder,170,0,expander,attack,friendly,Q2_NW,0.252509,1.541057,chosen_action,,0.0,0.005226,0.0,0.117845,0.19128,0.0,1.541057,pressured,concentrated_inbound,23,Q2_NW,2,2,165,54.0,3.0556,2.192
train,with_mine,mine best intruder 1200,intruder,170,0,expander,attack,friendly,Q2_NW,0.37691,2.41299,chosen_action,,0.0,0.0,0.0,0.363971,0.3996,0.0,2.41299,pressured,concentrated_inbound,23,Q2_NW,2,2,165,54.0,3.0556,2.192
train,with_mine,mine best intruder 1200,mine,180,1,expander,attack,enemy,Q2_NW,0.407059,2.308302,chosen_action,,0.0,0.107349,0.236058,0.198736,0.17136,0.0,2.308302,chasing_leader,leader_target,,,0,0,0,0.0,0.0,0.0
train,with_mine,mine best intruder 1200,intruder,180,0,expander,attack,enemy,Q3_NE,0.564365,4.047214,chosen_action,,0.0,0.0,0.130158,0.628279,0.399516,0.0,4.047214,pressured,concentrated_inbound,27,Q2_NW,2,2,125,82.0,1.5244,7.081
train,with_mine,mine best intruder 1200,intruder,180,0,expander,attack,friendly,Q2_NW,0.32873,2.001115,chosen_action,,0.0,0.0,0.0,0.237589,0.319187,0.0,2.001115,pressured,concentrated_inbound,27,Q2_NW,2,2,125,82.0,1.5244,7.081
train,with_mine,mine best intruder 1200,mine,190,1,sweeper,attack,enemy,Q2_NW,1.0,2.537701,chosen_action,,0.0,0.0,0.0,0.223579,0.29712,0.0,2.537701,pressured,concentrated_inbound,26,Q3_NE,2,2,33,13.0,2.5385,2.316
train,with_mine,mine best intruder 1200,mine,190,1,expander,established,friendly,Q3_NE,1.0,1.553078,chosen_action,,0.0,0.0,0.0,0.093087,0.2442,0.0,1.553078,pressured,concentrated_inbound,26,Q3_NE,2,2,33,13.0,2.5385,2.316
test,with_mine,mine best,mine,0,0,expander,initiation,neutral,Q0_SE,0.221739,2.058037,chosen_action,,0.0,0.18,0.4,0.166619,0.48752,0.0,2.058037,neutral,neutral,,,0,0,0,0.0,0.0,0.0
test,with_mine,mine best,best,0,1,expander,initiation,neutral,Q2_NW,0.557739,2.058037,chosen_action,,0.0,0.18,0.4,0.166619,0.48752,0.0,2.058037,neutral,neutral,,,0,0,0,0.0,0.0,0.0
test,with_mine,mine best,mine,30,0,expander,expansion,neutral,Q1_SW,0.358317,2.417607,chosen_action,,0.0,0.121843,0.0,0.316439,0.48752,0.0,2.417607,cash_in,cash_in,,,0,0,0,0.0,0.0,0.0
test,with_mine,mine best,best,30,1,expander,expansion,neutral,Q3_NE,1.0,2.058037,chosen_action,,0.0,0.1154,0.0,0.166619,0.48752,0.0,2.058037,cash_in,cash_in,,,0,0,0,0.0,0.0,0.0
test,with_mine,mine best,mine,40,0,expander,expansion,neutral,Q1_SW,0.526479,3.876996,chosen_action,,0.0,0.005417,0.046045,0.525893,0.52952,1.0,3.876996,cash_in,cash_in,,,0,0,0,0.0,0.0,0.0
test,with_mine,mine best,mine,50,0,expander,established,friendly,Q1_SW,0.505081,3.508764,chosen_action,,0.0,0.0,0.0,0.471058,0.35424,1.0,3.508764,cash_in,cash_in,,,0,0,0,0.0,0.0,0.0
test,with_mine,mine best,mine,50,0,expander,attack,enemy,Q3_NE,0.68104,5.27539,chosen_action,,0.0,0.18,0.075951,0.724406,0.471716,1.0,5.27539,overtake_window,overtake_window,,,0,0,0,0.0,0.0,0.0
test,with_mine,mine best,best,50,1,expander,established,friendly,Q2_NW,1.0,1.300724,chosen_action,,0.0,0.0,0.0,0.063404,0.11004,0.0,1.300724,pressured,concentrated_inbound,10,Q3_NE,2,2,110,120.0,0.9167,0.597
test,with_mine,mine best,best,50,1,anchor,established,friendly,Q2_NW,1.0,1.968582,chosen_action,,0.0,0.0,0.0,0.180691,0.39624,0.0,1.968582,pressured,concentrated_inbound,10,Q3_NE,2,2,110,120.0,0.9167,0.597
test,with_mine,mine best,best,60,1,expander,established,friendly,Q0_SE,1.0,2.115018,chosen_action,,0.0,0.0,0.0,0.205976,0.45976,0.0,2.115018,pressured,concentrated_inbound,10,Q3_NE,2,3,163,140.0,1.1643,5.198
test,with_mine,mine best,best,70,1,expander,attack,enemy,Q0_SE,0.276849,2.744767,chosen_action,,0.95,0.0,0.0,0.289356,0.333564,0.0,2.744767,pressured,concentrated_inbound,16,Q1_SW,2,2,56,46.0,1.2174,1.574
test,with_mine,mine best,best,70,1,expander,attack,enemy,Q0_SE,1.0,2.759145,chosen_action,,0.0,0.0,0.0,0.268864,0.380644,0.0,2.759145,pressured,concentrated_inbound,16,Q1_SW,2,2,56,46.0,1.2174,1.574
test,with_mine,mine best,mine,100,0,anchor,attack,friendly,Q1_SW,0.283948,2.429504,chosen_action,,0.0,0.18,0.034536,0.387269,0.370413,0.0,2.429504,cash_in,cash_in,,,0,0,0,0.0,0.0,0.0
test,with_mine,mine best,best,100,1,attacker,attack,enemy,Q1_SW,1.0,2.663355,chosen_action,,0.0,0.0,0.0,0.273595,0.30128,0.0,2.663355,chasing_leader,leader_target,,,0,0,0,0.0,0.0,0.0
test,with_mine,mine best,best,100,1,expander,established,friendly,Q1_SW,1.0,1.792586,chosen_action,,0.0,0.06333,0.00397,0.143584,0.33184,0.0,1.792586,neutral,neutral,,,0,0,0,0.0,0.0,0.0
test,with_mine,mine best,best,100,1,expander,established,friendly,Q2_NW,1.0,2.003781,chosen_action,,0.0,0.0,0.0,0.188112,0.40912,0.0,2.003781,cash_in,cash_in,,,0,0,0,0.0,0.0,0.0
test,with_mine,mine best,best,110,1,feeder,established,friendly,Q1_SW,1.0,1.89911,chosen_action,,0.0,0.0,0.0,0.189567,0.329,0.0,1.89911,neutral,neutral,,,0,0,0,0.0,0.0,0.0
test,with_mine,mine intruder,intruder,40,1,expander,expansion,enemy,Q0_SE,0.401132,4.255508,chosen_action,,0.95,0.18,0.078259,0.480132,0.150511,1.0,4.255508,chasing_leader,leader_target,,,0,0,0,0.0,0.0,0.0
test,with_mine,mine intruder,mine,50,0,expander,expansion,neutral,Q1_SW,0.344359,2.109305,chosen_action,,0.0,0.0,0.0,0.177428,0.50628,0.0,2.109305,cash_in,cash_in,,,0,0,0,0.0,0.0,0.0
test,with_mine,mine intruder,mine,50,0,anchor,expansion,neutral,Q1_SW,0.335878,2.109305,chosen_action,,0.0,0.0,0.0,0.177428,0.50628,0.0,2.109305,cash_in,cash_in,,,0,0,0,0.0,0.0,0.0
test,with_mine,mine intruder,mine,50,0,expander,expansion,neutral,Q1_SW,0.246403,1.663194,chosen_action,,0.0,0.179595,0.022181,0.083371,0.34304,0.0,1.663194,neutral,neutral,,,0,0,0,0.0,0.0,0.0
test,with_mine,mine intruder,mine,50,0,expander,expansion,neutral,Q0_SE,0.24347,1.663194,chosen_action,,0.0,0.168832,0.047612,0.083371,0.34304,0.0,1.663194,neutral,neutral,,,0,0,0,0.0,0.0,0.0
test,with_mine,mine intruder,mine,50,0,expander,expansion,neutral,Q2_NW,0.21851,1.710148,chosen_action,,0.0,0.18,0.19167,0.092097,0.362307,0.0,1.710148,cash_in,cash_in,,,0,0,0,0.0,0.0,0.0
test,with_mine,mine intruder,intruder,50,1,expander,expansion,neutral,Q1_SW,0.336938,3.745551,chosen_action,,0.95,0.18,0.192628,0.456784,0.555013,1.0,3.745551,cash_in,cash_in,,,0,0,0,0.0,0.0,0.0
test,with_mine,mine intruder,intruder,50,1,expander,expansion,neutral,Q2_NW,0.321544,3.626785,chosen_action,,0.95,0.18,0.192628,0.434711,0.50628,1.0,3.626785,cash_in,cash_in,,,0,0,0,0.0,0.0,0.0
test,with_mine,mine intruder,mine,70,0,expander,expansion,neutral,Q2_NW,0.217663,2.016192,chosen_action,,0.0,0.18,0.050014,0.191323,0.412604,0.0,2.016192,cash_in,cash_in,,,0,0,0,0.0,0.0,0.0
test,with_mine,mine intruder,mine,80,0,expander,attack,friendly,Q1_SW,0.25805,1.55512,chosen_action,,0.0,0.0,0.0,0.121815,0.19464,0.0,1.55512,neutral,neutral,,,0,0,0,0.0,0.0,0.0
test,with_mine,mine intruder,mine,80,0,feeder,attack,friendly,Q1_SW,0.368101,2.321578,chosen_action,,0.0,0.0,0.0,0.338167,0.37776,0.0,2.321578,cash_in,cash_in,,,0,0,0,0.0,0.0,0.0
test,with_mine,mine intruder,intruder,90,1,expander,expansion,enemy,Q1_SW,1.0,2.248455,chosen_action,,0.0,0.0,0.0,0.162595,0.19128,0.0,2.248455,chasing_leader,leader_target,,,0,0,0,0.0,0.0,0.0
test,with_mine,mine intruder,mine,100,0,expander,attack,friendly,Q1_SW,0.328565,2.20907,chosen_action,,0.0,0.020024,0.0,0.306409,0.35088,0.0,2.20907,cash_in,cash_in,,,0,0,0,0.0,0.0,0.0
test,with_mine,mine intruder,mine,110,0,expander,expansion,enemy,Q1_SW,0.586183,4.026875,chosen_action,,0.0,0.0,0.0,0.636066,0.370604,0.0,4.026875,overtake_window,overtake_window,,,0,0,0,0.0,0.0,0.0
test,with_mine,mine intruder,mine,110,0,anchor,expansion,enemy,Q1_SW,0.448436,3.266511,chosen_action,,0.0,0.0,0.212343,0.398155,0.230324,0.0,3.266511,chasing_leader,leader_target,,,0,0,0,0.0,0.0,0.0
test,with_mine,mine intruder,intruder,110,1,expander,attack,enemy,Q1_SW,1.0,2.678498,chosen_action,,0.0,0.143551,0.0,0.253264,0.34864,0.0,2.678498,chasing_leader,leader_target,,,0,0,0,0.0,0.0,0.0
test,with_mine,mine intruder,intruder,120,1,expander,attack,friendly,Q1_SW,1.0,1.417638,chosen_action,,0.0,0.0,0.0,0.064531,0.19464,0.0,1.417638,neutral,neutral,,,0,0,0,0.0,0.0,0.0
train,with_mine,mine best intruder 1200,mine,10,0,anchor,initiation,neutral,Q0_SE,0.268926,2.210013,chosen_action,,0.0,0.079034,0.086028,0.18952,0.33716,0.333333,2.210013,neutral,neutral,,,0,0,0,0.0,0.0,0.0
train,with_mine,mine best intruder 1200,best,30,1,expander,attack,enemy,Q0_SE,0.993617,1.635904,chosen_action,,0.0,0.089023,0.0,0.107352,0.280191,0.0,1.635904,neutral,neutral,,,0,0,0,0.0,0.0,0.0
train,with_mine,mine best intruder 1200,best,30,1,expander,attack,unknown,unknown,0.559534,1.0,chosen_action,,0.0,0.18,0.080466,0.0,0.0,0.0,1.0,neutral,neutral,,,0,0,0,0.0,0.0,0.0
train,with_mine,mine best intruder 1200,intruder,30,0,expander,expansion,neutral,Q2_NW,0.259036,1.795999,chosen_action,,0.0,0.18,0.039091,0.163961,0.298142,0.0,1.795999,neutral,neutral,,,0,0,0,0.0,0.0,0.0
train,with_mine,mine best intruder 1200,1200,30,0,expander,expansion,neutral,Q0_SE,0.309059,3.121578,chosen_action,,0.0,0.18,0.067592,0.348323,0.507853,0.666667,3.121578,cash_in,cash_in,,,0,0,0,0.0,0.0,0.0
train,with_mine,mine best intruder 1200,mine,40,0,expander,attack,enemy,Q0_SE,0.493355,3.310448,chosen_action,,0.0,0.0,0.0,0.41039,0.24112,0.0,3.310448,chasing_leader,leader_target,,,0,0,0,0.0,0.0,0.0
train,with_mine,mine best intruder 1200,mine,40,0,feeder,attack,friendly,Q0_SE,0.29672,1.752008,chosen_action,,0.0,0.0,0.0,0.177392,0.24168,0.0,1.752008,neutral,neutral,,,0,0,0,0.0,0.0,0.0
train,with_mine,mine best intruder 1200,mine,40,0,expander,attack,friendly,Q0_SE,0.302562,2.02273,chosen_action,,0.0,0.023522,0.0,0.25381,0.30636,0.0,2.02273,neutral,neutral,,,0,0,0,0.0,0.0,0.0
train,with_mine,mine best intruder 1200,best,40,1,attacker,attack,neutral,Q0_SE,0.873056,1.535656,chosen_action,,0.0,0.18,0.01684,0.076255,0.261218,0.0,1.535656,pressured,concentrated_inbound,0,Q0_SE,3,3,75,44.0,1.7045,2.781
train,with_mine,mine best intruder 1200,best,40,1,expander,attack,neutral,Q0_SE,0.853835,1.535656,chosen_action,,0.0,0.18,0.036061,0.076255,0.261218,0.0,1.535656,pressured,concentrated_inbound,0,Q0_SE,3,3,75,44.0,1.7045,2.781
train,with_mine,mine best intruder 1200,best,40,1,expander,attack,enemy,Q2_NW,0.932896,2.336359,chosen_action,,0.0,0.18,0.061289,0.199821,0.190213,0.0,2.336359,pressured,concentrated_inbound,0,Q0_SE,3,3,75,44.0,1.7045,2.781
train,with_mine,mine best intruder 1200,1200,40,0,expander,expansion,enemy,Q1_SW,0.389944,3.362488,chosen_action,,0.0,0.18,0.045271,0.433313,0.238916,0.0,3.362488,chasing_leader,leader_target,,,0,0,0,0.0,0.0,0.0
train,with_mine,mine best intruder 1200,1200,40,0,expander,expansion,neutral,Q1_SW,0.18997,1.795473,chosen_action,,0.0,0.18,0.045469,0.149965,0.322636,0.0,1.795473,neutral,neutral,,,0,0,0,0.0,0.0,0.0
train,with_mine,mine best intruder 1200,mine,50,0,attacker,attack,neutral,Q3_NE,0.330852,2.514698,chosen_action,,0.0,0.18,0.118826,0.233809,0.484116,0.333333,2.514698,pressured,concentrated_inbound,0,Q0_SE,2,3,53,53.0,1.0,4.258
train,with_mine,mine best intruder 1200,intruder,50,0,expander,expansion,enemy,Q0_SE,0.210309,2.312566,chosen_action,,0.0,0.18,0.273073,0.304288,0.431316,0.0,2.312566,cash_in,cash_in,,,0,0,0,0.0,0.0,0.0
train,with_mine,mine best intruder 1200,1200,50,0,anchor,expansion,neutral,Q2_NW,0.284618,1.788268,chosen_action,,0.0,0.005926,0.0,0.138792,0.33716,0.0,1.788268,neutral,neutral,,,0,0,0,0.0,0.0,0.0
train,with_mine,mine best intruder 1200,1200,50,0,expander,expansion,enemy,Q3_NE,0.349439,2.713718,chosen_action,,0.0,0.18,0.159688,0.3893,0.281036,0.0,2.713718,chasing_leader,leader_target,,,0,0,0,0.0,0.0,0.0
train,with_mine,mine best intruder 1200,1200,50,0,expander,expansion,enemy,Q3_NE,0.330112,2.917513,chosen_action,,0.0,0.18,0.04984,0.412767,0.390276,0.0,2.917513,cash_in,cash_in,,,0,0,0,0.0,0.0,0.0
train,with_mine,mine best intruder 1200,1200,50,0,sweeper,expansion,neutral,Q1_SW,0.179292,1.710679,chosen_action,,0.0,0.18,0.044448,0.128781,0.297484,0.0,1.710679,neutral,neutral,,,0,0,0,0.0,0.0,0.0
train,with_mine,mine best intruder 1200,mine,60,0,feeder,attack,friendly,Q0_SE,0.327296,2.034105,chosen_action,,0.0,0.0,0.0,0.251517,0.318862,0.0,2.034105,neutral,neutral,,,0,0,0,0.0,0.0,0.0
train,with_mine,mine best intruder 1200,mine,60,0,anchor,attack,friendly,Q0_SE,0.293353,1.80909,chosen_action,,0.0,0.0,0.0,0.188001,0.265102,0.0,1.80909,neutral,neutral,,,0,0,0,0.0,0.0,0.0
train,with_mine,mine best intruder 1200,best,60,1,sweeper,attack,enemy,Q2_NW,1.0,1.851607,chosen_action,,0.0,0.002246,0.0,0.195564,0.283151,0.0,1.851607,neutral,neutral,,,0,0,0,0.0,0.0,0.0
train,with_mine,mine best intruder 1200,intruder,60,0,expander,expansion,friendly,Q0_SE,0.224952,1.316866,chosen_action,,0.0,0.0,0.079872,0.066117,0.117173,0.0,1.316866,pressured,concentrated_inbound,18,Q1_SW,3,3,90,18.0,5.0,6.793
train,with_mine,mine best intruder 1200,intruder,60,0,expander,expansion,enemy,Q0_SE,0.274573,1.573811,chosen_action,,0.0,0.0,0.0,0.096768,0.253013,0.0,1.573811,pressured,concentrated_inbound,18,Q1_SW,3,3,90,18.0,5.0,6.793
train,with_mine,mine best intruder 1200,intruder,60,0,expander,expansion,enemy,Q2_NW,0.160752,1.746442,chosen_action,,0.0,0.18,0.160988,0.128795,0.323951,0.0,1.746442,pressured,concentrated_inbound,18,Q1_SW,3,3,90,18.0,5.0,6.793
train,with_mine,mine best intruder 1200,intruder,60,0,expander,expansion,friendly,Q3_NE,0.237346,1.289246,chosen_action,,0.0,0.0,0.0,0.060984,0.10584,0.0,1.289246,pressured,concentrated_inbound,18,Q1_SW,3,3,90,18.0,5.0,6.793
train,with_mine,mine best intruder 1200,1200,60,0,feeder,attack,enemy,Q3_NE,0.434727,3.64286,chosen_action,,0.0,0.18,0.002137,0.49467,0.33752,0.0,3.64286,chasing_leader,leader_target,,,0,0,0,0.0,0.0,0.0
train,with_mine,mine best intruder 1200,1200,60,0,attacker,attack,enemy,Q1_SW,0.364427,2.909285,chosen_action,,0.0,0.18,0.213883,0.401734,0.403796,0.0,2.909285,cash_in,cash_in,,,0,0,0,0.0,0.0,0.0
train,with_mine,mine best intruder 1200,best,70,1,sweeper,attack,enemy,Q2_NW,0.841994,1.442889,chosen_action,,0.0,0.025789,0.064849,0.069855,0.20388,0.0,1.442889,neutral,neutral,,,0,0,0,0.0,0.0,0.0
train,with_mine,mine best intruder 1200,best,70,1,expander,attack,friendly,Q1_SW,0.920713,1.433868,chosen_action,,0.0,0.020889,0.0,0.091476,0.15876,0.0,1.433868,neutral,neutral,,,0,0,0,0.0,0.0,0.0
train,with_mine,mine best intruder 1200,best,70,1,expander,attack,friendly,Q1_SW,1.0,1.433868,chosen_action,,0.0,0.0,0.0,0.091476,0.15876,0.0,1.433868,neutral,neutral,,,0,0,0,0.0,0.0,0.0
train,with_mine,mine best intruder 1200,1200,70,0,feeder,attack,friendly,Q2_NW,0.180704,1.788976,chosen_action,,0.0,0.18,0.145563,0.169007,0.283969,0.0,1.788976,pressured,concentrated_inbound,3,Q2_NW,2,2,53,22.0,2.4091,1.17
train,with_mine,mine best intruder 1200,best,80,1,expander,attack,enemy,Q2_NW,1.0,2.347931,chosen_action,,0.0,0.0,0.107616,0.183568,0.22768,0.0,2.347931,pressured,concentrated_inbound,8,Q0_SE,2,2,68,8.0,8.5,0.0
train,with_mine,mine best intruder 1200,best,80,1,expander,attack,enemy,Q2_NW,1.0,1.546191,chosen_action,,0.0,0.041088,0.0,0.091635,0.24168,0.0,1.546191,pressured,concentrated_inbound,8,Q0_SE,2,2,68,8.0,8.5,0.0
train,with_mine,mine best intruder 1200,best,90,1,attacker,attack,enemy,Q0_SE,1.0,2.356278,chosen_action,,0.0,0.0,0.0,0.184546,0.232124,0.0,2.356278,chasing_leader,leader_target,,,0,0,0,0.0,0.0,0.0
train,with_mine,mine best intruder 1200,best,90,1,expander,attack,enemy,Q3_NE,0.921963,2.415597,chosen_action,,0.0,0.18,0.082503,0.213975,0.223747,0.0,2.415597,chasing_leader,leader_target,,,0,0,0,0.0,0.0,0.0
train,with_mine,mine best intruder 1200,best,90,1,expander,attack,enemy,Q2_NW,0.800468,2.338749,chosen_action,,0.0,0.094399,0.0,0.181632,0.22432,0.0,2.338749,chasing_leader,leader_target,,,0,0,0,0.0,0.0,0.0
train,with_mine,mine best intruder 1200,intruder,90,0,expander,attack,enemy,Q0_SE,0.297333,1.925601,chosen_action,,0.0,0.056838,0.052328,0.212367,0.308089,0.0,1.925601,neutral,neutral,,,0,0,0,0.0,0.0,0.0
train,with_mine,mine best intruder 1200,intruder,90,0,attacker,attack,friendly,Q2_NW,0.313099,1.877291,chosen_action,,0.0,0.0,0.0,0.19367,0.305542,0.0,1.877291,neutral,neutral,,,0,0,0,0.0,0.0,0.0
train,with_mine,mine best intruder 1200,intruder,100,0,sweeper,attack,enemy,Q0_SE,0.310682,1.859726,chosen_action,,0.0,0.0,0.0,0.197412,0.28588,0.0,1.859726,pressured,concentrated_inbound,16,Q3_NE,2,2,52,70.0,0.7429,3.438
train,with_mine,mine best intruder 1200,intruder,110,0,expander,attack,friendly,Q3_NE,0.324808,1.99929,chosen_action,,0.0,0.017435,0.0,0.247194,0.30076,0.0,1.99929,neutral,neutral,,,0,0,0,0.0,0.0,0.0
train,with_mine,mine best intruder 1200,intruder,110,0,expander,attack,friendly,Q0_SE,0.331896,2.026739,chosen_action,,0.0,0.0,0.0,0.250148,0.31584,0.0,2.026739,neutral,neutral,,,0,0,0,0.0,0.0,0.0
train,with_mine,mine best intruder 1200,best,120,1,expander,attack,enemy,Q0_SE,1.0,2.420244,chosen_action,,0.0,0.0,0.0,0.198078,0.255449,0.0,2.420244,chasing_leader,leader_target,,,0,0,0,0.0,0.0,0.0
train,with_mine,mine best intruder 1200,best,120,1,expander,attack,enemy,Q2_NW,0.738434,2.425982,chosen_action,,0.0,0.116775,0.050922,0.200024,0.25624,0.0,2.425982,chasing_leader,leader_target,,,0,0,0,0.0,0.0,0.0
train,with_mine,mine best intruder 1200,best,120,1,expander,attack,neutral,Q0_SE,0.794178,1.451779,chosen_action,,0.0,0.18,0.084827,0.061584,0.225169,0.0,1.451779,neutral,neutral,,,0,0,0,0.0,0.0,0.0
train,with_mine,mine best intruder 1200,intruder,120,0,expander,attack,friendly,Q0_SE,0.268637,1.75904,chosen_action,,0.0,0.023925,0.0,0.179377,0.24336,0.0,1.75904,neutral,neutral,,,0,0,0,0.0,0.0,0.0
train,with_mine,mine best intruder 1200,best,130,1,feeder,attack,enemy,Q0_SE,0.606161,2.120063,chosen_action,,0.0,0.18,0.0,0.159048,0.10248,0.0,2.120063,chasing_leader,leader_target,,,0,0,0,0.0,0.0,0.0
train,with_mine,mine best intruder 1200,best,130,1,expander,attack,enemy,Q3_NE,0.978228,2.562495,chosen_action,,0.0,0.18,0.045645,0.222987,0.316538,0.0,2.562495,chasing_leader,leader_target,,,0,0,0,0.0,0.0,0.0
train,with_mine,mine best intruder 1200,intruder,130,0,expander,attack,neutral,Q0_SE,0.273209,1.661056,chosen_action,,0.0,0.057388,0.004771,0.124982,0.26748,0.0,1.661056,neutral,neutral,,,0,0,0,0.0,0.0,0.0
train,with_mine,mine best intruder 1200,intruder,130,0,expander,attack,friendly,Q3_NE,0.219652,1.590279,chosen_action,,0.0,0.141521,0.140566,0.131739,0.20304,0.0,1.590279,neutral,neutral,,,0,0,0,0.0,0.0,0.0
train,with_mine,mine best intruder 1200,intruder,130,0,anchor,attack,friendly,Q3_NE,0.10672,1.752008,chosen_action,,0.95,0.0,0.0,0.177392,0.24168,0.0,1.752008,neutral,neutral,,,0,0,0,0.0,0.0,0.0
train,with_mine,mine best intruder 1200,intruder,130,0,expander,attack,friendly,Q3_NE,0.285954,1.752008,chosen_action,,0.0,0.0,0.0,0.177392,0.24168,0.0,1.752008,neutral,neutral,,,0,0,0,0.0,0.0,0.0
train,with_mine,mine best intruder 1200,best,140,1,expander,attack,enemy,Q0_SE,0.965476,2.51551,chosen_action,,0.0,0.18,0.052214,0.2189,0.289,0.0,2.51551,chasing_leader,leader_target,,,0,0,0,0.0,0.0,0.0
train,with_mine,mine best intruder 1200,intruder,140,0,expander,attack,enemy,Q3_NE,0.491075,3.898686,chosen_action,,0.0,0.0,0.4,0.604144,0.3324,0.0,3.898686,overtake_window,overtake_window,,,0,0,0,0.0,0.0,0.0
train,with_mine,mine best intruder 1200,intruder,140,0,anchor,attack,enemy,Q3_NE,0.515657,3.563275,chosen_action,,0.0,0.0,0.0,0.499197,0.27052,0.0,3.563275,chasing_leader,leader_target,,,0,0,0,0.0,0.0,0.0
train,with_mine,mine best intruder 1200,best,150,1,expander,attack,enemy,Q0_SE,1.0,2.248455,chosen_action,,0.0,0.0,0.0,0.162595,0.19128,0.0,2.248455,pressured,concentrated_inbound,30,Q3_NE,2,2,157,17.0,9.2353,0.479
train,with_mine,mine best intruder 1200,intruder,150,0,expander,attack,friendly,Q3_NE,0.283379,1.658252,chosen_action,,0.0,0.0,0.0,0.150927,0.21928,0.0,1.658252,neutral,neutral,,,0,0,0,0.0,0.0,0.0
train,with_mine,mine best intruder 1200,intruder,150,0,expander,attack,friendly,Q3_NE,0.282179,1.75904,chosen_action,,0.0,0.002246,0.0,0.179377,0.24336,0.0,1.75904,neutral,neutral,,,0,0,0,0.0,0.0,0.0
train,with_mine,mine best intruder 1200,intruder,150,0,expander,attack,friendly,Q3_NE,0.310793,2.033277,chosen_action,,0.0,0.012577,0.0,0.256787,0.30888,0.0,2.033277,neutral,neutral,,,0,0,0,0.0,0.0,0.0
train,with_mine,mine best intruder 1200,best,160,1,expander,attack,enemy,Q3_NE,1.0,2.425982,chosen_action,,0.0,0.0,0.0,0.200024,0.25624,0.0,2.425982,chasing_leader,leader_target,,,0,0,0,0.0,0.0,0.0
train,with_mine,mine best intruder 1200,intruder,160,0,anchor,expansion,enemy,Q3_NE,0.508218,3.51735,chosen_action,,0.0,0.0,0.07542,0.450559,0.322969,0.0,3.51735,chasing_leader,leader_target,,,0,0,0,0.0,0.0,0.0
train,with_mine,mine best intruder 1200,intruder,170,0,expander,attack,friendly,Q0_SE,0.329298,2.00335,chosen_action,,0.0,0.0,0.0,0.224105,0.344813,0.0,2.00335,neutral,neutral,,,0,0,0,0.0,0.0,0.0
train,with_mine,mine best intruder 1200,intruder,170,0,expander,attack,friendly,Q0_SE,0.327862,2.00335,chosen_action,,0.0,0.007181,0.0,0.224105,0.344813,0.0,2.00335,neutral,neutral,,,0,0,0,0.0,0.0,0.0
train,with_mine,mine best intruder 1200,intruder,180,0,anchor,expansion,friendly,Q0_SE,0.382936,2.441652,chosen_action,,0.0,0.0,0.0,0.342856,0.458369,0.0,2.441652,cash_in,cash_in,,,0,0,0,0.0,0.0,0.0
train,with_mine,mine best intruder 1200,intruder,180,0,expander,expansion,friendly,Q0_SE,0.310591,2.083035,chosen_action,,0.0,0.023925,0.0,0.241627,0.372689,0.0,2.083035,cash_in,cash_in,,,0,0,0,0.0,0.0,0.0
train,with_mine,mine best intruder 1200,intruder,190,0,expander,expansion,friendly,Q0_SE,0.377442,2.604023,chosen_action,,0.0,0.023925,0.0,0.372355,0.5262,0.0,2.604023,cash_in,cash_in,,,0,0,0,0.0,0.0,0.0
train,with_mine,mine best intruder 1200,best,200,1,expander,attack,enemy,Q0_SE,1.0,2.539996,chosen_action,,0.0,0.0,0.136034,0.224063,0.29796,0.0,2.539996,chasing_leader,leader_target,,,0,0,0,0.0,0.0,0.0
train,with_mine,mine best intruder 1200,intruder,200,0,expander,expansion,friendly,Q0_SE,0.404604,2.587846,chosen_action,,0.0,0.0,0.0,0.35545,0.544271,0.0,2.587846,cash_in,cash_in,,,0,0,0,0.0,0.0,0.0
train,with_mine,mine best intruder 1200,intruder,200,0,expander,expansion,friendly,Q0_SE,0.350932,2.394473,chosen_action,,0.0,0.023925,0.0,0.300866,0.498071,0.0,2.394473,cash_in,cash_in,,,0,0,0,0.0,0.0,0.0
test,with_mine,mine best intruder 1200,best,20,1,expander,expansion,enemy,Q1_SW,0.837239,1.66463,chosen_action,,0.0,0.18,0.062325,0.119327,0.05796,0.333333,1.66463,neutral,neutral,,,0,0,0,0.0,0.0,0.0
test,with_mine,mine best intruder 1200,mine,30,0,feeder,attack,friendly,Q0_SE,0.377004,2.67423,chosen_action,,0.0,0.021387,0.0,0.275908,0.305222,0.666667,2.67423,neutral,neutral,,,0,0,0,0.0,0.0,0.0
test,with_mine,mine best intruder 1200,mine,40,0,feeder,attack,neutral,Q0_SE,0.279494,2.309717,chosen_action,,0.0,0.121548,0.020018,0.207753,0.3786,0.333333,2.309717,cash_in,cash_in,,,0,0,0,0.0,0.0,0.0
test,with_mine,mine best intruder 1200,mine,50,0,expander,expansion,neutral,Q0_SE,0.241733,1.46871,chosen_action,,0.0,0.0,0.09546,0.083471,0.1988,0.0,1.46871,neutral,neutral,,,0,0,0,0.0,0.0,0.0
test,with_mine,mine best intruder 1200,best,50,1,feeder,attack,neutral,Q2_NW,0.415395,2.312087,chosen_action,,0.0,0.18,0.229045,0.191953,0.408444,0.333333,2.312087,cash_in,cash_in,,,0,0,0,0.0,0.0,0.0
test,with_mine,mine best intruder 1200,1200,50,0,anchor,attack,friendly,Q2_NW,0.057912,1.453546,chosen_action,,0.95,0.082269,0.040467,0.128025,0.10836,0.0,1.453546,neutral,neutral,,,0,0,0,0.0,0.0,0.0
test,with_mine,mine best intruder 1200,1200,50,0,anchor,attack,neutral,Q2_NW,0.224468,1.961717,chosen_action,,0.0,0.18,0.040031,0.187753,0.3786,0.0,1.961717,cash_in,cash_in,,,0,0,0,0.0,0.0,0.0
test,with_mine,mine best intruder 1200,1200,60,0,attacker,attack,neutral,Q3_NE,0.302085,2.120072,chosen_action,,0.0,0.141517,0.073056,0.217184,0.443578,0.0,2.120072,pressured,concentrated_inbound,11,Q2_NW,2,2,47,26.0,1.8077,1.092
test,with_mine,mine best intruder 1200,best,70,1,expander,attack,friendly,Q2_NW,1.0,1.249626,chosen_action,,0.0,0.0,0.0,0.070463,0.05964,0.0,1.249626,neutral,neutral,,,0,0,0,0.0,0.0,0.0
test,with_mine,mine best intruder 1200,intruder,70,0,attacker,attack,enemy,Q2_NW,0.322129,2.369408,chosen_action,,0.0,0.070589,0.213085,0.186164,0.238973,0.0,2.369408,pressured,concentrated_inbound,9,Q1_SW,2,2,49,20.0,2.45,6.051
test,with_mine,mine best intruder 1200,best,80,1,expander,attack,enemy,Q0_SE,0.980494,2.495214,chosen_action,,0.0,0.18,0.034645,0.211171,0.287707,0.0,2.495214,chasing_leader,leader_target,,,0,0,0,0.0,0.0,0.0
test,with_mine,mine best intruder 1200,intruder,90,0,expander,attack,enemy,Q2_NW,0.371565,3.416163,chosen_action,,0.0,0.18,0.064857,0.380938,0.149564,0.333333,3.416163,pressured,concentrated_inbound,10,Q3_NE,2,2,102,65.0,1.5692,1.006
test,with_mine,mine best intruder 1200,intruder,90,0,expander,attack,enemy,Q2_NW,0.404859,3.68076,chosen_action,,0.0,0.18,0.071559,0.413202,0.288204,0.333333,3.68076,pressured,concentrated_inbound,10,Q3_NE,2,2,102,65.0,1.5692,1.006
test,with_mine,mine best intruder 1200,intruder,90,0,anchor,attack,friendly,Q3_NE,0.313284,2.006274,chosen_action,,0.0,0.0,0.017344,0.176291,0.20976,0.333333,2.006274,pressured,concentrated_inbound,10,Q3_NE,2,2,102,65.0,1.5692,1.006
test,with_mine,mine best intruder 1200,best,100,1,attacker,attack,enemy,Q2_NW,1.0,2.007579,chosen_action,,0.0,0.0,0.0,0.135332,0.06132,0.0,2.007579,chasing_leader,leader_target,,,0,0,0,0.0,0.0,0.0
test,with_mine,mine best intruder 1200,intruder,100,0,expander,attack,enemy,Q2_NW,0.387435,3.52685,chosen_action,,0.0,0.18,0.055124,0.4227,0.157311,0.333333,3.52685,chasing_leader,leader_target,,,0,0,0,0.0,0.0,0.0
test,with_mine,mine best intruder 1200,best,110,1,anchor,attack,enemy,Q0_SE,0.518849,2.38324,chosen_action,,0.0,0.18,0.061399,0.209223,0.208227,0.0,2.38324,chasing_leader,leader_target,,,0,0,0,0.0,0.0,0.0
test,with_mine,mine best intruder 1200,best,110,1,feeder,attack,enemy,Q0_SE,0.524942,2.472607,chosen_action,,0.0,0.18,0.067315,0.204541,0.282747,0.0,2.472607,chasing_leader,leader_target,,,0,0,0,0.0,0.0,0.0
test,with_mine,mine best intruder 1200,best,120,1,expander,established,friendly,Q1_SW,1.0,1.282359,chosen_action,,0.0,0.0,0.0,0.059532,0.10332,0.0,1.282359,neutral,neutral,,,0,0,0,0.0,0.0,0.0
test,with_mine,mine best intruder 1200,intruder,120,0,attacker,attack,enemy,Q3_NE,0.461745,3.044582,chosen_action,,0.0,0.0,0.0,0.376652,0.10416,0.0,3.044582,chasing_leader,leader_target,,,0,0,0,0.0,0.0,0.0
test,with_mine,mine best intruder 1200,best,130,1,expander,attack,enemy,Q3_NE,1.0,2.484129,chosen_action,,0.0,0.18,0.006485,0.209455,0.282547,0.0,2.484129,chasing_leader,leader_target,,,0,0,0,0.0,0.0,0.0
test,with_mine,mine best intruder 1200,best,150,1,expander,attack,enemy,Q0_SE,0.546413,2.440034,chosen_action,,0.0,0.18,0.041584,0.200342,0.266084,0.0,2.440034,chasing_leader,leader_target,,,0,0,0,0.0,0.0,0.0
test,with_mine,mine best intruder 1200,best,150,1,expander,attack,enemy,Q0_SE,0.999896,2.377288,chosen_action,,0.0,0.18,0.0,0.187112,0.243124,0.0,2.377288,chasing_leader,leader_target,,,0,0,0,0.0,0.0,0.0
test,with_mine,mine best intruder 1200,intruder,150,0,anchor,attack,friendly,Q3_NE,0.252884,1.597311,chosen_action,,0.0,0.014959,0.003752,0.133724,0.20472,0.0,1.597311,neutral,neutral,,,0,0,0,0.0,0.0,0.0
test,with_mine,mine best intruder 1200,intruder,150,0,expander,attack,friendly,Q3_NE,0.319574,1.987571,chosen_action,,0.0,0.0,0.0,0.243885,0.29796,0.0,1.987571,neutral,neutral,,,0,0,0,0.0,0.0,0.0
test,with_mine,mine best intruder 1200,intruder,150,0,expander,attack,friendly,Q0_SE,0.249075,1.576215,chosen_action,,0.0,0.014959,0.009333,0.12777,0.19968,0.0,1.576215,neutral,neutral,,,0,0,0,0.0,0.0,0.0
test,with_mine,mine best intruder 1200,best,170,1,expander,attack,enemy,Q1_SW,1.0,1.989214,chosen_action,,0.0,0.0,0.0,0.13146,0.0546,0.0,1.989214,chasing_leader,leader_target,,,0,0,0,0.0,0.0,0.0
test,with_mine,mine best intruder 1200,intruder,170,0,expander,attack,enemy,Q3_NE,0.494512,3.358387,chosen_action,,0.0,0.0,0.039524,0.435089,0.23272,0.0,3.358387,chasing_leader,leader_target,,,0,0,0,0.0,0.0,0.0
test,with_mine,mine best intruder 1200,intruder,170,0,expander,attack,friendly,Q0_SE,0.258361,1.457062,chosen_action,,0.0,0.0,0.0,0.129017,0.1092,0.0,1.457062,neutral,neutral,,,0,0,0,0.0,0.0,0.0
test,with_mine,mine best intruder 1200,intruder,190,0,feeder,attack,enemy,Q2_NW,0.357711,3.437522,chosen_action,,0.0,0.18,0.073553,0.462407,0.242773,0.0,3.437522,chasing_leader,leader_target,,,0,0,0,0.0,0.0,0.0
test,with_mine,mine best intruder 1200,intruder,190,0,expander,attack,friendly,Q0_SE,0.30442,1.977023,chosen_action,,0.0,0.105159,0.0,0.240908,0.29544,0.0,1.977023,neutral,neutral,,,0,0,0,0.0,0.0,0.0
test,with_mine,mine best intruder 1200,best,200,1,sweeper,attack,friendly,Q3_NE,0.553031,1.500279,chosen_action,,0.0,0.18,0.052034,0.081955,0.22488,0.0,1.500279,neutral,neutral,,,0,0,0,0.0,0.0,0.0
test,with_mine,mine best intruder 1200,intruder,200,0,expander,attack,friendly,Q0_SE,0.282066,1.665284,chosen_action,,0.0,0.017901,0.0,0.152912,0.22096,0.0,1.665284,neutral,neutral,,,0,0,0,0.0,0.0,0.0
test,with_mine,mine best intruder 1200,intruder,200,0,expander,attack,neutral,Q3_NE,0.298084,2.051329,chosen_action,,0.0,0.18,0.011584,0.188814,0.443093,0.0,2.051329,cash_in,cash_in,,,0,0,0,0.0,0.0,0.0
test,with_mine,mine best intruder 1200,best,210,1,expander,attack,enemy,Q1_SW,0.961444,2.289776,chosen_action,,0.0,0.18,0.0271,0.171307,0.2064,0.0,2.289776,chasing_leader,leader_target,,,0,0,0,0.0,0.0,0.0
test,with_mine,mine best intruder 1200,intruder,210,0,feeder,attack,enemy,Q0_SE,0.338163,2.791451,chosen_action,,0.0,0.076873,0.140519,0.297216,0.057876,0.0,2.791451,pressured,concentrated_inbound,8,Q0_SE,2,2,69,29.0,2.3793,0.42
test,with_mine,mine best intruder 1200,intruder,210,0,expander,attack,enemy,Q2_NW,0.441225,4.445877,chosen_action,,0.95,0.18,0.052491,0.744596,0.488036,0.0,4.445877,pressured,concentrated_inbound,8,Q0_SE,2,2,69,29.0,2.3793,0.42
test,with_mine,mine best intruder smith,mine,0,0,anchor,initiation,neutral,Q0_SE,0.301578,1.777974,chosen_action,,0.0,0.0,0.0,0.107571,0.38504,0.0,1.777974,neutral,neutral,,,0,0,0,0.0,0.0,0.0
test,with_mine,mine best intruder smith,best,0,0,anchor,initiation,neutral,Q1_SW,0.301578,1.777974,chosen_action,,0.0,0.0,0.0,0.107571,0.38504,0.0,1.777974,neutral,neutral,,,0,0,0,0.0,0.0,0.0
test,with_mine,mine best intruder smith,intruder,0,1,anchor,initiation,neutral,Q3_NE,1.0,1.777974,chosen_action,,0.0,0.0,0.0,0.107571,0.38504,0.0,1.777974,neutral,neutral,,,0,0,0,0.0,0.0,0.0
test,with_mine,mine best intruder smith,smith,0,0,anchor,initiation,neutral,Q2_NW,0.301578,1.777974,chosen_action,,0.0,0.0,0.0,0.107571,0.38504,0.0,1.777974,neutral,neutral,,,0,0,0,0.0,0.0,0.0
test,with_mine,mine best intruder smith,mine,30,0,attacker,attack,neutral,Q3_NE,0.458477,3.349991,chosen_action,,0.0,0.0,0.137154,0.371223,0.414116,1.0,3.349991,cash_in,cash_in,,,0,0,0,0.0,0.0,0.0
test,with_mine,mine best intruder smith,best,30,0,expander,attack,friendly,Q1_SW,0.278121,1.61965,chosen_action,,0.0,0.0,0.0,0.107123,0.26856,0.0,1.61965,neutral,neutral,,,0,0,0,0.0,0.0,0.0
test,with_mine,mine best intruder smith,best,30,0,feeder,attack,friendly,Q1_SW,0.280478,1.61965,chosen_action,,0.0,0.0,0.0,0.107123,0.26856,0.0,1.61965,neutral,neutral,,,0,0,0,0.0,0.0,0.0
test,with_mine,mine best intruder smith,best,30,0,expander,attack,neutral,Q3_NE,0.280936,1.941324,chosen_action,,0.0,0.18,0.026942,0.159278,0.414116,0.0,1.941324,cash_in,cash_in,,,0,0,0,0.0,0.0,0.0
test,with_mine,mine best intruder smith,smith,30,0,attacker,attack,neutral,Q1_SW,0.41485,2.924897,chosen_action,,0.0,0.026415,0.084343,0.315913,0.419782,0.666667,2.924897,cash_in,cash_in,,,0,0,0,0.0,0.0,0.0
test,with_mine,mine best intruder smith,smith,30,0,anchor,attack,friendly,Q2_NW,0.47448,3.217643,chosen_action,,0.0,0.0,0.0,0.393646,0.49844,0.666667,3.217643,cash_in,cash_in,,,0,0,0,0.0,0.0,0.0
test,with_mine,mine best intruder smith,smith,30,0,feeder,attack,enemy,Q1_SW,0.546915,4.752975,chosen_action,,0.0,0.18,0.024206,0.59871,0.530422,0.666667,4.752975,overtake_window,overtake_window,,,0,0,0,0.0,0.0,0.0
test,with_mine,mine best intruder smith,mine,40,0,anchor,attack,friendly,Q0_SE,0.387509,2.544306,chosen_action,,0.0,0.0,0.0,0.253263,0.24924,0.666667,2.544306,neutral,neutral,,,0,0,0,0.0,0.0,0.0
test,with_mine,mine best intruder smith,mine,40,0,attacker,attack,friendly,Q0_SE,0.35653,2.308021,chosen_action,,0.0,0.0,0.0,0.226969,0.12096,0.666667,2.308021,neutral,neutral,,,0,0,0,0.0,0.0,0.0
test,with_mine,mine best intruder smith,best,40,0,feeder,attack,friendly,Q1_SW,0.273987,2.004546,chosen_action,,0.0,0.066052,0.0,0.188273,0.4094,0.0,2.004546,cash_in,cash_in,,,0,0,0,0.0,0.0,0.0
test,with_mine,mine best intruder smith,best,40,0,expander,attack,enemy,Q0_SE,0.252663,1.685689,chosen_action,,0.0,0.18,0.0,0.138106,0.262396,0.0,1.685689,neutral,neutral,,,0,0,0,0.0,0.0,0.0
test,with_mine,mine best intruder smith,intruder,40,1,anchor,attack,friendly,Q3_NE,0.148189,2.242803,chosen_action,,0.95,0.18,0.013266,0.209245,0.10416,0.666667,2.242803,neutral,neutral,,,0,0,0,0.0,0.0,0.0
test,with_mine,mine best intruder smith,intruder,40,1,expander,attack,enemy,Q2_NW,1.0,3.941012,chosen_action,,0.0,0.18,0.056775,0.492183,0.340573,1.0,3.941012,chasing_leader,leader_target,,,0,0,0,0.0,0.0,0.0
test,with_mine,mine best intruder smith,best,50,0,expander,attack,friendly,Q1_SW,0.274693,1.578491,chosen_action,,0.0,0.0,0.0,0.121968,0.21168,0.0,1.578491,pressured,concentrated_inbound,28,Q0_SE,3,8,34,12.0,2.8333,2.227
test,with_mine,mine best intruder smith,best,50,0,expander,attack,enemy,Q2_NW,0.406788,2.921962,chosen_action,,0.0,0.18,0.035687,0.316803,0.416027,0.0,2.921962,pressured,concentrated_inbound,28,Q0_SE,3,8,34,12.0,2.8333,2.227
test,with_mine,mine best intruder smith,intruder,50,1,attacker,attack,enemy,Q0_SE,0.850319,1.560003,chosen_action,,0.0,0.18,0.041453,0.14476,0.157467,0.0,1.560003,neutral,neutral,,,0,0,0,0.0,0.0,0.0
test,with_mine,mine best intruder smith,smith,50,0,feeder,attack,enemy,Q3_NE,0.212884,1.983549,chosen_action,,0.0,0.18,0.046696,0.245852,0.291484,0.0,1.983549,neutral,neutral,,,0,0,0,0.0,0.0,0.0
test,with_mine,mine best intruder smith,smith,50,0,anchor,attack,enemy,Q1_SW,0.477951,4.125457,chosen_action,,0.0,0.144941,0.047119,0.651575,0.416058,0.0,4.125457,overtake_window,overtake_window,,,0,0,0,0.0,0.0,0.0
test,with_mine,mine best intruder smith,mine,60,0,expander,attack,enemy,Q0_SE,0.608998,4.192143,chosen_action,,0.0,0.0,0.0,0.664405,0.442644,0.0,4.192143,pressured,concentrated_inbound,0,Q0_SE,2,2,63,22.0,2.8636,0.3
test,with_mine,mine best intruder smith,mine,60,0,feeder,attack,friendly,Q0_SE,0.226016,1.96663,chosen_action,,0.0,0.006825,0.4,0.230162,0.306844,0.0,1.96663,pressured,concentrated_inbound,0,Q0_SE,2,2,63,22.0,2.8636,0.3
test,with_mine,mine best intruder smith,intruder,60,1,attacker,attack,enemy,Q2_NW,1.0,2.675551,chosen_action,,0.0,0.0,0.0,0.267909,0.320422,0.0,2.675551,chasing_leader,leader_target,,,0,0,0,0.0,0.0,0.0
test,with_mine,mine best intruder smith,intruder,60,1,expander,attack,friendly,Q3_NE,1.0,1.560126,chosen_action,,0.0,0.0,0.0,0.118096,0.20496,0.0,1.560126,neutral,neutral,,,0,0,0,0.0,0.0,0.0
test,with_mine,mine best intruder smith,intruder,60,1,battery,attack,friendly,Q2_NW,0.922626,2.09725,chosen_action,,0.0,0.045221,0.006146,0.223085,0.416182,0.0,2.09725,cash_in,cash_in,,,0,0,0,0.0,0.0,0.0
test,with_mine,mine best intruder smith,smith,60,0,expander,attack,enemy,Q1_SW,0.209301,1.921864,chosen_action,,0.0,0.18,0.024631,0.234387,0.266173,0.0,1.921864,neutral,neutral,,,0,0,0,0.0,0.0,0.0
test,with_mine,mine best intruder smith,smith,60,0,attacker,attack,enemy,Q1_SW,0.320921,1.942959,chosen_action,,0.0,0.0,0.0,0.240342,0.271213,0.0,1.942959,neutral,neutral,,,0,0,0,0.0,0.0,0.0
test,with_mine,mine best intruder smith,best,70,0,expander,attack,enemy,Q2_NW,0.479081,3.650799,chosen_action,,0.0,0.18,0.127475,0.476548,0.375618,0.0,3.650799,cash_in,cash_in,,,0,0,0,0.0,0.0,0.0
test,with_mine,mine best intruder smith,best,70,0,shield,attack,friendly,Q1_SW,0.302107,1.794199,chosen_action,,0.0,0.0,0.0,0.189301,0.25176,0.0,1.794199,neutral,neutral,,,0,0,0,0.0,0.0,0.0
test,with_mine,mine best intruder smith,best,70,0,feeder,attack,friendly,Q1_SW,0.307519,1.868032,chosen_action,,0.0,0.0,0.0,0.210142,0.2694,0.0,1.868032,neutral,neutral,,,0,0,0,0.0,0.0,0.0
test,with_mine,mine best intruder smith,intruder,70,1,expander,attack,unknown,unknown,0.623872,1.0,chosen_action,,0.0,0.18,0.016128,0.0,0.0,0.0,1.0,neutral,neutral,,,0,0,0,0.0,0.0,0.0
test,with_mine,mine best intruder smith,smith,70,0,anchor,attack,enemy,Q1_SW,0.204399,1.827622,chosen_action,,0.0,0.151346,0.016652,0.21755,0.226298,0.0,1.827622,neutral,neutral,,,0,0,0,0.0,0.0,0.0
test,with_mine,mine best intruder smith,smith,70,0,expander,attack,enemy,Q1_SW,0.280601,1.960839,chosen_action,,0.0,0.18,0.035529,0.220272,0.320138,0.0,1.960839,neutral,neutral,,,0,0,0,0.0,0.0,0.0
test,with_mine,mine best intruder smith,best,80,0,expander,attack,enemy,Q0_SE,0.59603,4.092912,chosen_action,,0.0,0.0,0.0,0.651232,0.39256,0.0,4.092912,overtake_window,overtake_window,,,0,0,0,0.0,0.0,0.0
test,with_mine,mine best intruder smith,intruder,80,1,feeder,attack,friendly,Q3_NE,0.198391,1.452233,chosen_action,,0.0,0.18,0.4,0.095348,0.16548,0.0,1.452233,neutral,neutral,,,0,0,0,0.0,0.0,0.0
test,with_mine,mine best intruder smith,intruder,80,1,expander,attack,friendly,Q0_SE,0.527716,1.585756,chosen_action,,0.0,0.148401,0.4,0.099217,0.257507,0.0,1.585756,neutral,neutral,,,0,0,0,0.0,0.0,0.0
test,with_mine,mine best intruder smith,intruder,80,1,anchor,attack,enemy,Q2_NW,0.442969,2.008,chosen_action,,0.0,0.18,0.087398,0.201623,0.388227,0.0,2.008,cash_in,cash_in,,,0,0,0,0.0,0.0,0.0
test,with_mine,mine best intruder smith,intruder,80,1,expander,attack,friendly,Q0_SE,0.584795,1.585756,chosen_action,,0.0,0.006825,0.4,0.099217,0.257507,0.0,1.585756,neutral,neutral,,,0,0,0,0.0,0.0,0.0
test,with_mine,mine best intruder smith,intruder,80,1,expander,attack,friendly,Q3_NE,1.0,2.027502,chosen_action,,0.0,0.0,0.0,0.193113,0.4178,0.0,2.027502,cash_in,cash_in,,,0,0,0,0.0,0.0,0.0
test,with_mine,mine best intruder smith,mine,90,0,anchor,attack,friendly,Q0_SE,0.327169,2.382569,chosen_action,,0.0,0.0,0.219024,0.335943,0.426893,0.0,2.382569,cash_in,cash_in,,,0,0,0,0.0,0.0,0.0
test,with_mine,mine best intruder smith,intruder,90,1,expander,attack,enemy,Q0_SE,1.0,1.826254,chosen_action,,0.0,0.0,0.0,0.150683,0.34416,0.0,1.826254,pressured,concentrated_inbound,26,Q3_NE,3,3,87,100.0,0.87,0.374
test,with_mine,mine best intruder smith,intruder,90,1,expander,attack,friendly,Q0_SE,0.696122,1.617355,chosen_action,,0.0,0.0,0.380784,0.106639,0.26772,0.0,1.617355,pressured,concentrated_inbound,26,Q3_NE,3,3,87,100.0,0.87,0.374
test,with_mine,mine best intruder smith,intruder,90,1,expander,attack,friendly,Q3_NE,1.0,1.284654,chosen_action,,0.0,0.0,0.00458,0.060016,0.10416,0.0,1.284654,pressured,concentrated_inbound,26,Q3_NE,3,3,87,100.0,0.87,0.374
test,with_mine,mine best intruder smith,intruder,90,1,shield,attack,enemy,Q2_NW,0.543351,2.596277,chosen_action,,0.0,0.18,0.064404,0.254093,0.286262,0.0,2.596277,pressured,concentrated_inbound,26,Q3_NE,3,3,87,100.0,0.87,0.374
test,with_mine,mine best intruder smith,intruder,90,1,anchor,attack,friendly,Q3_NE,0.036754,1.284654,chosen_action,,0.95,0.18,0.015291,0.060016,0.10416,0.0,1.284654,pressured,concentrated_inbound,26,Q3_NE,3,3,87,100.0,0.87,0.374
test,with_mine,mine best intruder smith,best,100,0,expander,attack,friendly,Q1_SW,0.251128,1.464093,chosen_action,,0.0,0.0,0.040657,0.131002,0.11088,0.0,1.464093,neutral,neutral,,,0,0,0,0.0,0.0,0.0
test,with_mine,mine best intruder smith,smith,100,0,anchor,initiation,enemy,Q2_NW,0.553558,4.034562,chosen_action,,0.0,0.0,0.13557,0.600169,0.440116,0.0,4.034562,overtake_window,overtake_window,,,0,0,0,0.0,0.0,0.0
test,with_mine,mine best intruder smith,best,110,0,anchor,attack,friendly,Q1_SW,0.29672,1.752008,chosen_action,,0.0,0.0,0.0,0.177392,0.24168,0.0,1.752008,neutral,neutral,,,0,0,0,0.0,0.0,0.0
test,with_mine,mine best intruder smith,intruder,110,1,battery,attack,enemy,Q0_SE,1.0,1.842324,chosen_action,,0.0,0.0,0.0,0.154071,0.35004,0.0,1.842324,pressured,concentrated_inbound,19,Q0_SE,2,2,115,112.0,1.0268,8.082
test,with_mine,mine best intruder smith,intruder,110,1,expander,attack,neutral,Q2_NW,1.0,1.847607,chosen_action,,0.0,0.087785,0.0,0.122252,0.41052,0.0,1.847607,pressured,concentrated_inbound,19,Q0_SE,2,2,115,112.0,1.0268,8.082
test,with_mine,mine best intruder smith,intruder,110,1,anchor,attack,friendly,Q2_NW,1.0,1.835437,chosen_action,,0.0,0.0,0.0,0.152619,0.34752,0.0,1.835437,pressured,concentrated_inbound,19,Q0_SE,2,2,115,112.0,1.0268,8.082
test,with_mine,mine best intruder smith,best,120,0,anchor,attack,enemy,Q1_SW,0.509781,3.41616,chosen_action,,0.0,0.0,0.0,0.451996,0.245458,0.0,3.41616,chasing_leader,leader_target,,,0,0,0,0.0,0.0,0.0
test,with_mine,mine best intruder smith,intruder,120,1,battery,established,friendly,Q1_SW,1.0,1.426982,chosen_action,,0.0,0.0,0.0,0.090024,0.15624,0.0,1.426982,neutral,neutral,,,0,0,0,0.0,0.0,0.0
test,with_mine,mine best intruder smith,best,130,0,shield,expansion,friendly,Q1_SW,0.41948,2.755679,chosen_action,,0.0,0.0,0.0,0.447211,0.505462,0.0,2.755679,cash_in,cash_in,,,0,0,0,0.0,0.0,0.0
test,with_mine,mine best intruder smith,best,150,0,shield,expansion,friendly,Q1_SW,0.43788,2.85157,chosen_action,,0.0,0.0,0.0,0.449777,0.571929,0.0,2.85157,cash_in,cash_in,,,0,0,0,0.0,0.0,0.0
test,with_mine,mine best intruder smith,intruder,150,1,battery,attack,enemy,Q1_SW,1.0,2.846842,chosen_action,,0.0,0.049411,0.0,0.288757,0.41024,0.0,2.846842,cash_in,cash_in,,,0,0,0,0.0,0.0,0.0
test,with_mine,mine best intruder smith,intruder,160,1,feeder,established,friendly,Q1_SW,1.0,2.027502,chosen_action,,0.0,0.0,0.0,0.193113,0.4178,0.0,2.027502,cash_in,cash_in,,,0,0,0,0.0,0.0,0.0
test,with_mine,mine best intruder 1039,best,30,0,anchor,expansion,neutral,Q0_SE,0.314917,2.948751,chosen_action,,0.0,0.18,0.10815,0.297642,0.469933,0.666667,2.948751,cash_in,cash_in,,,0,0,0,0.0,0.0,0.0
test,with_mine,mine best intruder 1039,best,40,0,expander,expansion,enemy,Q2_NW,0.409596,3.031617,chosen_action,,0.0,0.18,0.021038,0.38726,0.371996,0.666667,3.031617,cash_in,cash_in,,,0,0,0,0.0,0.0,0.0
test,with_mine,mine best intruder 1039,1039,40,0,feeder,attack,enemy,Q1_SW,0.493786,4.552112,chosen_action,,0.0,0.18,0.025622,0.568547,0.213036,1.0,4.552112,overtake_window,overtake_window,,,0,0,0,0.0,0.0,0.0
test,with_mine,mine best intruder 1039,mine,50,0,feeder,attack,neutral,Q1_SW,0.188976,1.938989,chosen_action,,0.0,0.18,0.146978,0.141358,0.444244,0.0,1.938989,cash_in,cash_in,,,0,0,0,0.0,0.0,0.0
test,with_mine,mine best intruder 1039,mine,50,0,expander,attack,neutral,Q1_SW,0.275882,1.938989,chosen_action,,0.0,0.18,0.052447,0.141358,0.444244,0.0,1.938989,cash_in,cash_in,,,0,0,0,0.0,0.0,0.0
test,with_mine,mine best intruder 1039,mine,50,0,anchor,attack,neutral,Q0_SE,0.287351,1.667785,chosen_action,,0.0,0.0,0.0,0.084339,0.34472,0.0,1.667785,neutral,neutral,,,0,0,0,0.0,0.0,0.0
test,with_mine,mine best intruder 1039,mine,50,0,expander,attack,neutral,Q1_SW,0.205707,1.392032,chosen_action,,0.0,0.124622,0.10324,0.049562,0.202284,0.0,1.392032,neutral,neutral,,,0,0,0,0.0,0.0,0.0
test,with_mine,mine best intruder 1039,1039,50,0,attacker,attack,enemy,Q3_NE,0.411881,2.710735,chosen_action,,0.0,0.0,0.0,0.310872,0.196031,0.333333,2.710735,chasing_leader,leader_target,,,0,0,0,0.0,0.0,0.0
test,with_mine,mine best intruder 1039,best,60,0,expander,expansion,enemy,Q2_NW,0.35757,2.677471,chosen_action,,0.0,0.18,0.073142,0.273237,0.238298,0.333333,2.677471,chasing_leader,leader_target,,,0,0,0,0.0,0.0,0.0
test,with_mine,mine best intruder 1039,intruder,60,1,expander,expansion,enemy,Q2_NW,1.0,2.577961,chosen_action,,0.0,0.0,0.0,0.313864,0.388658,0.333333,2.577961,cash_in,cash_in,,,0,0,0,0.0,0.0,0.0
test,with_mine,mine best intruder 1039,mine,70,0,expander,attack,neutral,Q0_SE,0.273148,2.225406,chosen_action,,0.0,0.119361,0.025618,0.262186,0.4416,0.0,2.225406,cash_in,cash_in,,,0,0,0,0.0,0.0,0.0
test,with_mine,mine best intruder 1039,best,70,0,expander,expansion,enemy,Q0_SE,0.365696,3.182201,chosen_action,,0.0,0.18,0.050572,0.390806,0.180938,0.0,3.182201,chasing_leader,leader_target,,,0,0,0,0.0,0.0,0.0
test,with_mine,mine best intruder 1039,mine,80,0,expander,attack,friendly,Q0_SE,0.267543,2.218183,chosen_action,,0.0,0.138601,0.0,0.224739,0.2806,0.333333,2.218183,neutral,neutral,,,0,0,0,0.0,0.0,0.0
test,with_mine,mine best intruder 1039,best,80,0,expander,expansion,friendly,Q1_SW,0.285297,1.668013,chosen_action,,0.0,0.0,0.0,0.188564,0.1596,0.0,1.668013,neutral,neutral,,,0,0,0,0.0,0.0,0.0
test,with_mine,mine best intruder 1039,intruder,80,1,expander,expansion,enemy,Q0_SE,0.906913,1.871683,chosen_action,,0.0,0.18,0.026188,0.156144,0.368102,0.0,1.871683,cash_in,cash_in,,,0,0,0,0.0,0.0,0.0
test,with_mine,mine best intruder 1039,intruder,80,1,expander,expansion,enemy,Q2_NW,0.930782,1.699996,chosen_action,,0.0,0.160069,0.0,0.124063,0.29796,0.0,1.699996,neutral,neutral,,,0,0,0,0.0,0.0,0.0
test,with_mine,mine best intruder 1039,best,100,0,expander,expansion,enemy,Q0_SE,0.252976,1.874592,chosen_action,,0.0,0.18,0.120063,0.181191,0.325729,0.0,1.874592,neutral,neutral,,,0,0,0,0.0,0.0,0.0
test,with_mine,mine best intruder 1039,best,100,0,expander,expansion,neutral,Q1_SW,0.301106,1.819911,chosen_action,,0.0,0.026304,0.0,0.147724,0.34472,0.0,1.819911,neutral,neutral,,,0,0,0,0.0,0.0,0.0
test,with_mine,mine best intruder 1039,best,100,0,expander,expansion,friendly,Q1_SW,0.267818,1.91491,chosen_action,,0.0,0.18,0.068513,0.223375,0.2806,0.0,1.91491,neutral,neutral,,,0,0,0,0.0,0.0,0.0
test,with_mine,mine best intruder 1039,intruder,100,1,expander,attack,friendly,Q0_SE,0.949783,1.941034,chosen_action,,0.0,0.131041,0.041149,0.174883,0.38616,0.0,1.941034,cash_in,cash_in,,,0,0,0,0.0,0.0,0.0
test,with_mine,mine best intruder 1039,intruder,100,1,expander,attack,friendly,Q2_NW,1.0,1.413046,chosen_action,,0.0,0.0,0.0,0.063563,0.19296,0.0,1.413046,neutral,neutral,,,0,0,0,0.0,0.0,0.0
test,with_mine,mine best intruder 1039,best,110,0,expander,expansion,enemy,Q0_SE,0.336487,2.943713,chosen_action,,0.0,0.18,0.044558,0.321466,0.127551,0.0,2.943713,chasing_leader,leader_target,,,0,0,0,0.0,0.0,0.0
test,with_mine,mine best intruder 1039,best,110,0,expander,expansion,friendly,Q1_SW,0.284848,1.664497,chosen_action,,0.0,0.0,0.0,0.187571,0.15876,0.0,1.664497,neutral,neutral,,,0,0,0,0.0,0.0,0.0
test,with_mine,mine best intruder 1039,intruder,110,1,feeder,established,friendly,Q0_SE,0.054241,1.420095,chosen_action,,0.95,0.18,0.162847,0.088572,0.15372,0.0,1.420095,pressured,concentrated_inbound,12,Q2_NW,2,2,101,101.0,1.0,0.0
test,with_mine,mine best intruder 1039,intruder,120,1,expander,attack,enemy,Q1_SW,0.891019,2.296795,chosen_action,,0.0,0.18,0.098042,0.192239,0.174387,0.0,2.296795,chasing_leader,leader_target,,,0,0,0,0.0,0.0,0.0
test,with_mine,mine best intruder 1039,best,130,0,expander,expansion,friendly,Q1_SW,0.274123,1.682077,chosen_action,,0.0,0.0,0.064851,0.192534,0.16296,0.0,1.682077,neutral,neutral,,,0,0,0,0.0,0.0,0.0
test,with_mine,mine best intruder 1039,intruder,140,1,expander,attack,enemy,Q1_SW,1.0,2.471894,chosen_action,,0.0,0.18,0.0,0.209704,0.27304,0.0,2.471894,chasing_leader,leader_target,,,0,0,0,0.0,0.0,0.0
test,with_mine,mine best intruder smith,best,30,0,expander,expansion,enemy,Q0_SE,0.408754,2.664252,chosen_action,,0.0,0.0,0.0,0.323976,0.4346,0.333333,2.664252,neutral,neutral,,,0,0,0,0.0,0.0,0.0
test,with_mine,mine best intruder smith,intruder,60,1,expander,expansion,enemy,Q2_NW,0.755493,1.65317,chosen_action,,0.0,0.088464,0.239748,0.169194,0.18304,0.0,1.65317,neutral,neutral,,,0,0,0,0.0,0.0,0.0
test,with_mine,mine best intruder smith,smith,60,0,expander,expansion,enemy,Q1_SW,0.615639,4.732331,chosen_action,,0.0,0.18,0.084174,0.625196,0.468044,0.666667,4.732331,overtake_window,overtake_window,,,0,0,0,0.0,0.0,0.0
test,with_mine,mine best intruder smith,best,70,0,expander,expansion,neutral,Q2_NW,0.219049,2.036215,chosen_action,,0.0,0.18,0.4,0.155624,0.490902,0.0,2.036215,cash_in,cash_in,,,0,0,0,0.0,0.0,0.0
test,with_mine,mine best intruder smith,intruder,70,1,anchor,expansion,enemy,Q0_SE,0.754209,3.93791,chosen_action,,0.0,0.18,0.091521,0.466243,0.162169,0.666667,3.93791,chasing_leader,leader_target,,,0,0,0,0.0,0.0,0.0
test,with_mine,mine best intruder smith,smith,70,0,expander,expansion,enemy,Q1_SW,0.371522,3.380593,chosen_action,,0.0,0.18,0.12374,0.357114,0.165569,0.333333,3.380593,chasing_leader,leader_target,,,0,0,0,0.0,0.0,0.0
test,with_mine,mine best intruder smith,intruder,80,1,expander,expansion,neutral,Q0_SE,0.43435,1.89269,chosen_action,,0.0,0.18,0.102144,0.126559,0.436258,0.0,1.89269,cash_in,cash_in,,,0,0,0,0.0,0.0,0.0
test,with_mine,mine best intruder smith,smith,80,0,anchor,expansion,neutral,Q2_NW,0.191709,1.967221,chosen_action,,0.0,0.18,0.088509,0.177589,0.400747,0.0,1.967221,cash_in,cash_in,,,0,0,0,0.0,0.0,0.0
test,with_mine,mine best intruder smith,best,90,0,expander,expansion,neutral,Q0_SE,0.196523,1.867789,chosen_action,,0.0,0.18,0.4,0.159109,0.359947,0.0,1.867789,cash_in,cash_in,,,0,0,0,0.0,0.0,0.0
test,with_mine,mine intruder,mine,10,0,expander,initiation,neutral,Q1_SW,0.408424,3.172123,chosen_action,,0.0,0.18,0.095039,0.309214,0.3926,1.0,3.172123,neutral,neutral,,,0,0,0,0.0,0.0,0.0
test,with_mine,mine intruder,intruder,20,1,expander,expansion,neutral,Q2_NW,0.792651,1.798634,chosen_action,,0.0,0.108911,0.202684,0.111927,0.3926,0.0,1.798634,cash_in,cash_in,,,0,0,0,0.0,0.0,0.0
test,with_mine,mine intruder,intruder,40,1,expander,expansion,neutral,Q2_NW,0.871663,2.061098,chosen_action,,0.0,0.18,0.086471,0.167264,0.48864,0.0,2.061098,cash_in,cash_in,,,0,0,0,0.0,0.0,0.0
test,with_mine,mine intruder,intruder,50,1,expander,expansion,friendly,Q3_NE,0.823276,1.142327,chosen_action,,0.0,0.038968,0.002191,0.030008,0.05208,0.0,1.142327,neutral,neutral,,,0,0,0,0.0,0.0,0.0
test,with_mine,mine intruder,intruder,50,1,expander,expansion,neutral,Q0_SE,0.811801,1.706859,chosen_action,,0.0,0.18,0.100604,0.092117,0.359836,0.0,1.706859,cash_in,cash_in,,,0,0,0,0.0,0.0,0.0
test,with_mine,mine intruder,mine,60,0,expander,attack,friendly,Q0_SE,0.216028,1.856551,chosen_action,,0.0,0.18,0.010941,0.199534,0.279756,0.0,1.856551,pressured,concentrated_inbound,4,Q0_SE,2,2,90,38.0,2.3684,5.444
test,with_mine,mine intruder,mine,60,0,sweeper,attack,enemy,Q0_SE,0.514532,3.55354,chosen_action,,0.0,0.0,0.0,0.526193,0.215316,0.0,3.55354,pressured,concentrated_inbound,4,Q0_SE,2,2,90,38.0,2.3684,5.444
test,with_mine,mine intruder,intruder,60,1,expander,expansion,neutral,Q2_NW,1.0,2.061098,chosen_action,,0.0,0.0,0.0,0.167264,0.48864,0.0,2.061098,cash_in,cash_in,,,0,0,0,0.0,0.0,0.0
test,with_mine,mine intruder,intruder,60,1,expander,expansion,unknown,unknown,0.504831,1.0,chosen_action,,0.0,0.18,0.135169,0.0,0.0,0.0,1.0,neutral,neutral,,,0,0,0,0.0,0.0,0.0
test,with_mine,mine intruder,intruder,60,1,expander,expansion,neutral,Q0_SE,0.513971,1.719053,chosen_action,,0.0,0.18,0.4,0.095148,0.36348,0.0,1.719053,cash_in,cash_in,,,0,0,0,0.0,0.0,0.0
test,with_mine,mine intruder,mine,70,0,anchor,attack,friendly,Q1_SW,0.299414,1.773104,chosen_action,,0.0,0.0,0.0,0.183346,0.24672,0.0,1.773104,pressured,concentrated_inbound,32,Q0_SE,2,2,85,19.0,4.4737,1.772
test,with_mine,mine intruder,intruder,70,1,expander,expansion,enemy,Q1_SW,0.552872,2.733149,chosen_action,,0.0,0.18,0.153067,0.25738,0.381804,0.0,2.733149,cash_in,cash_in,,,0,0,0,0.0,0.0,0.0
test,with_mine,mine intruder,intruder,70,1,expander,expansion,friendly,Q2_NW,0.892456,1.454529,chosen_action,,0.0,0.004793,0.081193,0.095832,0.16632,0.0,1.454529,neutral,neutral,,,0,0,0,0.0,0.0,0.0
test,with_mine,mine intruder,intruder,70,1,expander,expansion,friendly,Q0_SE,1.0,1.612764,chosen_action,,0.0,0.0,0.0,0.105671,0.26604,0.0,1.612764,neutral,neutral,,,0,0,0,0.0,0.0,0.0
test,with_mine,mine intruder,mine,80,0,expander,attack,friendly,Q1_SW,0.301367,2.115314,chosen_action,,0.0,0.18,0.028714,0.279944,0.32848,0.0,2.115314,neutral,neutral,,,0,0,0,0.0,0.0,0.0
test,with_mine,mine intruder,intruder,80,1,expander,expansion,enemy,Q1_SW,1.0,2.57575,chosen_action,,0.0,0.0,0.0,0.2485,0.281,0.0,2.57575,chasing_leader,leader_target,,,0,0,0,0.0,0.0,0.0
test,with_mine,mine intruder,intruder,80,1,expander,expansion,friendly,Q2_NW,0.076328,1.587512,chosen_action,,0.95,0.18,0.046782,0.100347,0.2568,0.0,1.587512,neutral,neutral,,,0,0,0,0.0,0.0,0.0
test,with_mine,mine intruder,intruder,80,1,expander,expansion,neutral,Q1_SW,0.430209,1.666809,chosen_action,,0.0,0.18,0.136678,0.101032,0.31432,0.0,1.666809,neutral,neutral,,,0,0,0,0.0,0.0,0.0
test,with_mine,mine intruder,mine,90,0,feeder,attack,friendly,Q1_SW,0.257867,2.066424,chosen_action,,0.0,0.0,0.4,0.216166,0.405649,0.0,2.066424,pressured,concentrated_inbound,15,Q0_SE,2,2,127,63.0,2.0159,0.0
test,with_mine,mine intruder,intruder,90,1,expander,expansion,enemy,Q1_SW,1.0,2.253046,chosen_action,,0.0,0.0,0.0,0.163563,0.19296,0.0,2.253046,chasing_leader,leader_target,,,0,0,0,0.0,0.0,0.0
test,with_mine,mine intruder,intruder,90,1,expander,expansion,friendly,Q1_SW,1.0,2.306035,chosen_action,,0.0,0.045066,0.004819,0.251839,0.51972,0.0,2.306035,cash_in,cash_in,,,0,0,0,0.0,0.0,0.0
test,with_mine,mine best intruder 1039,1039,0,0,anchor,initiation,neutral,Q3_NE,0.16206,1.871053,chosen_action,,0.0,0.18,0.237712,0.126896,0.419631,0.0,1.871053,neutral,neutral,,,0,0,0,0.0,0.0,0.0
test,with_mine,mine best intruder 1039,mine,30,0,expander,expansion,friendly,Q0_SE,0.301631,1.826254,chosen_action,,0.0,0.0,0.0,0.150683,0.34416,0.0,1.826254,neutral,neutral,,,0,0,0,0.0,0.0,0.0
test,with_mine,mine best intruder 1039,mine,30,0,anchor,expansion,friendly,Q0_SE,0.257915,1.69617,chosen_action,,0.0,0.011398,0.056678,0.123256,0.29656,0.0,1.69617,neutral,neutral,,,0,0,0,0.0,0.0,0.0
test,with_mine,mine best intruder 1039,best,30,1,expander,expansion,neutral,Q2_NW,0.921501,2.553232,chosen_action,,0.0,0.170204,0.103824,0.245115,0.49256,0.333333,2.553232,cash_in,cash_in,,,0,0,0,0.0,0.0,0.0
test,with_mine,mine best intruder 1039,1039,30,0,anchor,initiation,neutral,Q2_NW,0.206556,2.108763,chosen_action,,0.0,0.18,0.220017,0.263787,0.352351,0.0,2.108763,neutral,neutral,,,0,0,0,0.0,0.0,0.0
test,with_mine,mine best intruder 1039,mine,40,0,anchor,expansion,friendly,Q0_SE,0.292762,1.936005,chosen_action,,0.0,0.011398,0.031728,0.22933,0.28564,0.0,1.936005,pressured,concentrated_inbound,16,Q0_SE,2,2,109,51.0,2.1373,6.329
test,with_mine,mine best intruder 1039,best,40,1,expander,expansion,friendly,Q2_NW,0.658357,1.84921,chosen_action,,0.0,0.0,0.4,0.155523,0.35256,0.0,1.84921,cash_in,cash_in,,,0,0,0,0.0,0.0,0.0
test,with_mine,mine best intruder 1039,mine,50,0,feeder,attack,friendly,Q0_SE,0.293243,2.350025,chosen_action,,0.0,0.0,0.4,0.33803,0.399076,0.0,2.350025,cash_in,cash_in,,,0,0,0,0.0,0.0,0.0
test,with_mine,mine best intruder 1039,best,60,1,expander,expansion,enemy,Q3_NE,0.908289,2.797367,chosen_action,,0.0,0.16867,0.157289,0.270023,0.406898,0.0,2.797367,cash_in,cash_in,,,0,0,0,0.0,0.0,0.0
test,with_mine,mine best intruder 1039,intruder,60,0,expander,expansion,friendly,Q3_NE,0.264221,1.87272,chosen_action,,0.0,0.011398,0.134028,0.211466,0.27052,0.0,1.87272,neutral,neutral,,,0,0,0,0.0,0.0,0.0
test,with_mine,mine best intruder 1039,best,70,1,expander,expansion,friendly,Q2_NW,0.71071,1.853802,chosen_action,,0.0,0.0,0.4,0.156491,0.35424,0.0,1.853802,cash_in,cash_in,,,0,0,0,0.0,0.0,0.0
test,with_mine,mine best intruder 1039,best,70,1,expander,expansion,friendly,Q2_NW,0.838628,1.532418,chosen_action,,0.0,0.0,0.198445,0.088731,0.23664,0.0,1.532418,neutral,neutral,,,0,0,0,0.0,0.0,0.0
test,with_mine,mine best intruder 1039,intruder,70,0,attacker,attack,friendly,Q3_NE,0.254255,2.180943,chosen_action,,0.0,0.086172,0.4,0.29847,0.34416,0.0,2.180943,neutral,neutral,,,0,0,0,0.0,0.0,0.0
test,with_mine,mine best intruder 1039,intruder,70,0,feeder,attack,neutral,Q2_NW,0.256615,2.870813,chosen_action,,0.0,0.18,0.4,0.44135,0.601164,0.0,2.870813,cash_in,cash_in,,,0,0,0,0.0,0.0,0.0
test,with_mine,mine best intruder 1039,mine,80,0,anchor,attack,friendly,Q0_SE,0.289114,2.012581,chosen_action,,0.0,0.011398,0.1,0.239494,0.324293,0.0,2.012581,neutral,neutral,,,0,0,0,0.0,0.0,0.0
test,with_mine,mine best intruder 1039,intruder,80,0,expander,attack,friendly,Q3_NE,0.292133,1.87272,chosen_action,,0.0,0.0,0.1,0.211466,0.27052,0.0,1.87272,neutral,neutral,,,0,0,0,0.0,0.0,0.0
test,with_mine,mine best intruder 1039,best,90,1,expander,expansion,friendly,Q1_SW,0.09095,1.700762,chosen_action,,0.95,0.18,0.4,0.124224,0.29824,0.0,1.700762,neutral,neutral,,,0,0,0,0.0,0.0,0.0
test,with_mine,mine best intruder 1039,best,90,1,expander,expansion,enemy,Q0_SE,0.979998,1.677806,chosen_action,,0.0,0.0,0.107989,0.119384,0.28984,0.0,1.677806,neutral,neutral,,,0,0,0,0.0,0.0,0.0
test,with_mine,mine best intruder 1039,best,90,1,expander,expansion,enemy,Q3_NE,1.0,2.673483,chosen_action,,0.0,0.0,0.0,0.247515,0.355147,0.0,2.673483,cash_in,cash_in,,,0,0,0,0.0,0.0,0.0
test,with_mine,mine best intruder 1039,intruder,90,0,anchor,attack,friendly,Q3_NE,0.305958,1.904362,chosen_action,,0.0,0.0,0.051078,0.220398,0.27808,0.0,1.904362,neutral,neutral,,,0,0,0,0.0,0.0,0.0
test,with_mine,mine best intruder 1039,intruder,100,0,expander,attack,friendly,Q3_NE,0.190592,1.565668,chosen_action,,0.0,0.012859,0.301581,0.124792,0.19716,0.0,1.565668,pressured,concentrated_inbound,6,Q3_NE,2,2,188,134.0,1.403,5.437
test,with_mine,mine best intruder 1039,intruder,100,0,anchor,attack,friendly,Q3_NE,0.153285,2.195007,chosen_action,,0.95,0.0,0.1,0.302439,0.34752,0.0,2.195007,pressured,concentrated_inbound,6,Q3_NE,2,2,188,134.0,1.403,5.437
test,with_mine,mine best,mine,0,0,anchor,initiation,neutral,Q0_SE,0.252071,1.647124,chosen_action,,0.0,0.0,0.140551,0.079983,0.33716,0.0,1.647124,neutral,neutral,,,0,0,0,0.0,0.0,0.0
test,with_mine,mine best,best,0,1,anchor,initiation,neutral,Q2_NW,0.921621,1.647124,chosen_action,,0.0,0.0,0.140551,0.079983,0.33716,0.0,1.647124,neutral,neutral,,,0,0,0,0.0,0.0,0.0
test,with_mine,mine best,mine,50,0,anchor,established,neutral,Q3_NE,0.283985,3.068146,chosen_action,,0.0,0.18,0.229051,0.297855,0.335773,1.0,3.068146,neutral,neutral,,,0,0,0,0.0,0.0,0.0
test,with_mine,mine best,mine,50,0,feeder,established,neutral,Q0_SE,0.374027,2.852055,chosen_action,,0.0,0.027107,0.081981,0.275887,0.21476,1.0,2.852055,neutral,neutral,,,0,0,0,0.0,0.0,0.0
test,with_mine,mine best,mine,60,0,sweeper,established,friendly,Q3_NE,0.252493,1.614463,chosen_action,,0.0,0.015757,0.014629,0.133861,0.217182,0.0,1.614463,neutral,neutral,,,0,0,0,0.0,0.0,0.0
test,with_mine,mine best,best,60,1,expander,attack,friendly,Q2_NW,0.687221,1.280063,chosen_action,,0.0,0.151053,0.197887,0.059048,0.10248,0.0,1.280063,neutral,neutral,,,0,0,0,0.0,0.0,0.0
test,with_mine,mine best,best,60,1,attacker,attack,enemy,Q3_NE,1.0,2.499441,chosen_action,,0.0,0.11644,0.0,0.215512,0.28312,0.0,2.499441,chasing_leader,leader_target,,,0,0,0,0.0,0.0,0.0
test,with_mine,mine best,mine,70,0,expander,attack,enemy,Q3_NE,0.531906,4.707925,chosen_action,,0.0,0.18,0.039273,0.564797,0.33512,1.0,4.707925,overtake_window,overtake_window,,,0,0,0,0.0,0.0,0.0
test,with_mine,mine best,mine,70,0,expander,attack,neutral,Q0_SE,0.150566,1.535512,chosen_action,,0.0,0.18,0.133945,0.102327,0.21476,0.0,1.535512,neutral,neutral,,,0,0,0,0.0,0.0,0.0
test,with_mine,mine best,mine,70,0,expander,attack,friendly,Q1_SW,0.380032,3.148541,chosen_action,,0.0,0.042858,0.191567,0.351993,0.29908,1.0,3.148541,neutral,neutral,,,0,0,0,0.0,0.0,0.0
test,with_mine,mine best,mine,70,0,expander,attack,neutral,Q2_NW,0.180291,1.759234,chosen_action,,0.0,0.131262,0.039049,0.143907,0.30656,0.0,1.759234,neutral,neutral,,,0,0,0,0.0,0.0,0.0
test,with_mine,mine best,best,80,1,expander,established,friendly,Q2_NW,0.042089,1.325975,chosen_action,,0.95,0.053758,0.067165,0.068728,0.11928,0.0,1.325975,neutral,neutral,,,0,0,0,0.0,0.0,0.0
test,with_mine,mine best,best,90,1,expander,attack,enemy,Q1_SW,1.0,2.309672,chosen_action,,0.0,0.0,0.106286,0.194747,0.179467,0.0,2.309672,chasing_leader,leader_target,,,0,0,0,0.0,0.0,0.0
test,with_mine,mine best,mine,100,0,expander,attack,enemy,Q1_SW,0.47285,3.16564,chosen_action,,0.0,0.0,0.0,0.374781,0.19716,0.0,3.16564,chasing_leader,leader_target,,,0,0,0,0.0,0.0,0.0
test,with_mine,mine best,mine,100,0,expander,attack,friendly,Q0_SE,0.380119,2.409474,chosen_action,,0.0,0.0,0.0,0.362978,0.39876,0.0,2.409474,cash_in,cash_in,,,0,0,0,0.0,0.0,0.0
test,with_mine,mine best,best,110,1,expander,attack,enemy,Q1_SW,1.0,2.884912,chosen_action,,0.0,0.0,0.0,0.29568,0.426133,0.0,2.884912,pressured,concentrated_inbound,6,Q3_NE,2,2,98,93.0,1.0538,3.697
test,with_mine,mine best,best,110,1,expander,established,friendly,Q3_NE,1.0,1.673214,chosen_action,,0.0,0.0,0.0,0.118416,0.28816,0.0,1.673214,pressured,concentrated_inbound,6,Q3_NE,2,2,98,93.0,1.0538,3.697
test,with_mine,mine best,best,110,1,expander,attack,enemy,Q1_SW,0.440774,2.223941,chosen_action,,0.0,0.18,0.018821,0.179845,0.142453,0.0,2.223941,pressured,concentrated_inbound,6,Q3_NE,2,2,98,93.0,1.0538,3.697
test,with_mine,mine best,best,110,1,expander,attack,enemy,Q0_SE,0.587742,2.565558,chosen_action,,0.0,0.18,0.016556,0.222161,0.320276,0.0,2.565558,pressured,concentrated_inbound,6,Q3_NE,2,2,98,93.0,1.0538,3.697
test,with_mine,mine best,best,130,1,sweeper,attack,enemy,Q0_SE,1.0,3.067622,chosen_action,,0.0,0.0,0.0,0.330039,0.500391,0.0,3.067622,pressured,concentrated_inbound,1,Q1_SW,2,2,22,21.0,1.0476,0.782
test,with_mine,mine best,best,130,1,expander,established,friendly,Q1_SW,1.0,1.69311,chosen_action,,0.0,0.0,0.0,0.122611,0.29544,0.0,1.69311,pressured,concentrated_inbound,1,Q1_SW,2,2,22,21.0,1.0476,0.782
test,with_mine,mine best,mine,150,0,expander,attack,enemy,Q1_SW,0.435196,3.35955,chosen_action,,0.0,0.0,0.336984,0.434034,0.235458,0.0,3.35955,chasing_leader,leader_target,,,0,0,0,0.0,0.0,0.0
test,with_mine,mine best,best,150,1,expander,established,friendly,Q0_SE,1.0,1.699996,chosen_action,,0.0,0.0,0.0,0.124063,0.29796,0.0,1.699996,neutral,neutral,,,0,0,0,0.0,0.0,0.0
test,with_mine,mine best,best,150,1,expander,attack,enemy,Q0_SE,1.0,2.465007,chosen_action,,0.0,0.027062,0.0,0.208252,0.27052,0.0,2.465007,chasing_leader,leader_target,,,0,0,0,0.0,0.0,0.0
test,with_mine,mine best,best,150,1,expander,established,friendly,Q1_SW,0.663278,1.977764,chosen_action,,0.0,0.18,0.003438,0.182627,0.3996,0.0,1.977764,cash_in,cash_in,,,0,0,0,0.0,0.0,0.0
test,with_mine,mine best,mine,50,0,expander,established,neutral,Q0_SE,0.331824,2.12266,chosen_action,,0.0,0.062514,0.0,0.268065,0.35504,0.0,2.12266,cash_in,cash_in,,,0,0,0,0.0,0.0,0.0
test,with_mine,mine best,mine,60,0,expander,attack,neutral,Q3_NE,0.290673,2.076568,chosen_action,,0.0,0.18,0.06233,0.220173,0.40604,0.0,2.076568,cash_in,cash_in,,,0,0,0,0.0,0.0,0.0
test,with_mine,mine best,best,60,1,expander,attack,neutral,Q2_NW,1.0,1.371814,chosen_action,,0.0,0.001584,0.005757,0.04546,0.1946,0.0,1.371814,neutral,neutral,,,0,0,0,0.0,0.0,0.0
test,with_mine,mine best,best,70,1,expander,attack,enemy,Q1_SW,1.0,2.023648,chosen_action,,0.0,0.079332,0.033863,0.13872,0.0672,0.0,2.023648,pressured,concentrated_inbound,5,Q1_SW,2,2,20,22.0,0.9091,1.877
test,with_mine,mine best,best,80,1,expander,attack,enemy,Q1_SW,1.0,2.712166,chosen_action,,0.0,0.032075,0.0,0.260363,0.36096,0.0,2.712166,cash_in,cash_in,,,0,0,0,0.0,0.0,0.0
test,with_mine,mine best,best,80,1,expander,attack,friendly,Q3_NE,0.919175,1.149214,chosen_action,,0.0,0.0,0.100091,0.03146,0.0546,0.0,1.149214,neutral,neutral,,,0,0,0,0.0,0.0,0.0
test,with_mine,mine best,best,90,1,expander,attack,friendly,Q3_NE,1.0,1.179057,chosen_action,,0.0,0.0,0.0,0.037752,0.06552,0.0,1.179057,neutral,neutral,,,0,0,0,0.0,0.0,0.0
test,with_mine,mine best,mine,100,0,expander,attack,friendly,Q0_SE,0.327497,1.998504,chosen_action,,0.0,0.0,0.0,0.281853,0.23856,0.0,1.998504,pressured,concentrated_inbound,9,Q1_SW,3,3,134,9.0,14.8889,2.736
test,with_mine,mine best,mine,110,0,expander,attack,enemy,Q3_NE,0.427079,3.834928,chosen_action,,0.0,0.18,0.158596,0.592951,0.305071,0.0,3.834928,overtake_window,overtake_window,,,0,0,0,0.0,0.0,0.0
test,with_mine,mine best,mine,110,0,expander,attack,friendly,Q0_SE,0.187353,1.85787,chosen_action,,0.0,0.176265,0.154666,0.242156,0.20496,0.0,1.85787,neutral,neutral,,,0,0,0,0.0,0.0,0.0
test,with_mine,mine best,mine,120,0,attacker,attack,enemy,Q0_SE,0.483702,3.213985,chosen_action,,0.0,0.0,0.0,0.408137,0.173671,0.0,3.213985,chasing_leader,leader_target,,,0,0,0,0.0,0.0,0.0
test,with_mine,mine best,mine,120,0,anchor,attack,friendly,Q0_SE,0.380041,2.434727,chosen_action,,0.0,0.0,0.0,0.353773,0.433831,0.0,2.434727,cash_in,cash_in,,,0,0,0,0.0,0.0,0.0
test,with_mine,mine best,best,120,1,expander,established,friendly,Q3_NE,1.0,1.67704,chosen_action,,0.0,0.0,0.0,0.119223,0.28956,0.0,1.67704,neutral,neutral,,,0,0,0,0.0,0.0,0.0
test,with_mine,mine best,best,130,1,expander,established,friendly,Q0_SE,0.885858,1.573738,chosen_action,,0.0,0.032208,0.156484,0.097443,0.25176,0.0,1.573738,neutral,neutral,,,0,0,0,0.0,0.0,0.0
test,with_mine,mine intruder,mine,0,0,expander,initiation,neutral,Q0_SE,0.220643,1.78486,chosen_action,,0.0,0.18,0.229123,0.109023,0.38756,0.0,1.78486,neutral,neutral,,,0,0,0,0.0,0.0,0.0
test,with_mine,mine intruder,mine,20,0,attacker,established,neutral,Q0_SE,0.522323,3.63627,chosen_action,,0.0,0.0,0.0,0.458981,0.47016,1.0,3.63627,cash_in,cash_in,,,0,0,0,0.0,0.0,0.0
test,with_mine,mine intruder,mine,20,0,expander,established,neutral,Q3_NE,0.441383,3.63627,chosen_action,,0.0,0.18,0.224702,0.458981,0.47016,1.0,3.63627,cash_in,cash_in,,,0,0,0,0.0,0.0,0.0
test,with_mine,mine intruder,intruder,30,1,expander,established,neutral,Q3_NE,0.892831,1.80093,chosen_action,,0.0,0.056851,0.15486,0.112411,0.39344,0.0,1.80093,cash_in,cash_in,,,0,0,0,0.0,0.0,0.0
test,with_mine,mine intruder,intruder,40,1,expander,established,neutral,Q3_NE,0.973232,2.351108,chosen_action,,0.0,0.18,0.022348,0.228409,0.59476,0.0,2.351108,cash_in,cash_in,,,0,0,0,0.0,0.0,0.0
test,with_mine,mine intruder,intruder,50,1,expander,expansion,friendly,Q2_NW,0.586671,1.752957,chosen_action,,0.0,0.112624,0.117924,0.158752,0.27552,0.0,1.752957,neutral,neutral,,,0,0,0,0.0,0.0,0.0
test,with_mine,mine intruder,intruder,50,1,expander,expansion,friendly,Q2_NW,1.0,1.752957,chosen_action,,0.0,0.0,0.0,0.158752,0.27552,0.0,1.752957,neutral,neutral,,,0,0,0,0.0,0.0,0.0
test,with_mine,mine intruder,intruder,50,1,anchor,expansion,neutral,Q0_SE,0.213289,2.642039,chosen_action,,0.95,0.18,0.4,0.28248,0.714138,0.0,2.642039,cash_in,cash_in,,,0,0,0,0.0,0.0,0.0
test,with_mine,mine intruder,mine,60,0,anchor,attack,neutral,Q3_NE,0.353968,3.129775,chosen_action,,0.0,0.18,0.000802,0.492079,0.702804,0.0,3.129775,cash_in,cash_in,,,0,0,0,0.0,0.0,0.0
test,with_mine,mine intruder,intruder,60,1,attacker,attack,enemy,Q1_SW,0.914618,2.494242,chosen_action,,0.0,0.069081,0.211275,0.212921,0.283876,0.0,2.494242,chasing_leader,leader_target,,,0,0,0,0.0,0.0,0.0
test,with_mine,mine intruder,intruder,60,1,expander,established,friendly,Q3_NE,0.712085,1.569309,chosen_action,,0.0,0.0,0.361422,0.120032,0.20832,0.0,1.569309,neutral,neutral,,,0,0,0,0.0,0.0,0.0
test,with_mine,mine intruder,intruder,60,1,expander,established,friendly,Q3_NE,0.800879,1.569309,chosen_action,,0.0,0.0,0.272628,0.120032,0.20832,0.0,1.569309,neutral,neutral,,,0,0,0,0.0,0.0,0.0
test,with_mine,mine intruder,intruder,60,1,expander,established,friendly,Q2_NW,1.0,1.649655,chosen_action,,0.0,0.0,0.0,0.136972,0.23772,0.0,1.649655,neutral,neutral,,,0,0,0,0.0,0.0,0.0
test,with_mine,mine intruder,intruder,70,1,expander,attack,friendly,Q0_SE,0.098448,1.761728,chosen_action,,0.95,0.18,0.012385,0.155794,0.287276,0.0,1.761728,neutral,neutral,,,0,0,0,0.0,0.0,0.0
test,with_mine,mine intruder,intruder,70,1,expander,attack,friendly,Q2_NW,1.0,1.592265,chosen_action,,0.0,0.0,0.0,0.124872,0.21672,0.0,1.592265,neutral,neutral,,,0,0,0,0.0,0.0,0.0
test,with_mine,mine intruder,intruder,80,1,expander,attack,friendly,Q1_SW,1.0,1.670315,chosen_action,,0.0,0.0,0.0,0.141328,0.24528,0.0,1.670315,neutral,neutral,,,0,0,0,0.0,0.0,0.0
test,with_mine,mine intruder,intruder,90,1,shield,established,friendly,Q1_SW,0.782202,1.741479,chosen_action,,0.0,0.075951,0.0,0.156332,0.27132,0.0,1.741479,neutral,neutral,,,0,0,0,0.0,0.0,0.0
test,with_mine,mine best intruder smith,mine,0,0,anchor,initiation,neutral,Q0_SE,0.217445,1.859085,chosen_action,,0.0,0.109748,0.083282,0.124672,0.41472,0.0,1.859085,neutral,neutral,,,0,0,0,0.0,0.0,0.0
test,with_mine,mine best intruder smith,best,0,0,anchor,initiation,neutral,Q1_SW,0.217445,1.859085,chosen_action,,0.0,0.109748,0.083282,0.124672,0.41472,0.0,1.859085,neutral,neutral,,,0,0,0,0.0,0.0,0.0
test,with_mine,mine best intruder smith,intruder,0,1,anchor,initiation,neutral,Q3_NE,0.639021,1.859085,chosen_action,,0.0,0.109748,0.083282,0.124672,0.41472,0.0,1.859085,neutral,neutral,,,0,0,0,0.0,0.0,0.0
test,with_mine,mine best intruder smith,best,40,0,expander,attack,enemy,Q2_NW,0.196293,1.772683,chosen_action,,0.0,0.18,0.0,0.136559,0.329587,0.0,1.772683,pressured,concentrated_inbound,17,Q1_SW,2,2,82,67.0,1.2239,3.434
test,with_mine,mine best intruder smith,intruder,40,1,expander,expansion,enemy,Q2_NW,0.70878,3.088036,chosen_action,,0.0,0.18,0.028095,0.40987,0.373591,0.666667,3.088036,pressured,concentrated_inbound,18,Q3_NE,2,2,75,74.0,1.0135,0.007
test,with_mine,mine best intruder smith,smith,50,0,anchor,attack,friendly,Q2_NW,0.306183,1.836716,chosen_action,,0.0,0.0,0.0,0.196864,0.269809,0.0,1.836716,pressured,concentrated_inbound,3,Q2_NW,2,3,108,104.0,1.0385,5.188
test,with_mine,mine best intruder smith,mine,60,0,sweeper,attack,friendly,Q3_NE,0.218931,1.837297,chosen_action,,0.0,0.148924,0.015227,0.193921,0.275471,0.0,1.837297,pressured,concentrated_inbound,6,Q3_NE,2,2,102,28.0,3.6429,1.934
test,with_mine,mine best intruder smith,mine,60,0,expander,attack,friendly,Q3_NE,0.197082,1.837297,chosen_action,,0.0,0.18,0.093394,0.193921,0.275471,0.0,1.837297,pressured,concentrated_inbound,6,Q3_NE,2,2,102,28.0,3.6429,1.934
test,with_mine,mine best intruder smith,mine,70,0,anchor,attack,friendly,Q0_SE,0.304469,1.946962,chosen_action,,0.0,0.005184,0.0,0.227185,0.297569,0.0,1.946962,pressured,concentrated_inbound,4,Q0_SE,3,5,128,59.0,2.1695,7.52
test,with_mine,mine best intruder smith,intruder,70,1,expander,attack,friendly,Q3_NE,0.706579,1.582921,chosen_action,,0.0,0.092705,0.0,0.099379,0.25512,0.0,1.582921,pressured,concentrated_inbound,19,Q2_NW,2,2,110,65.0,1.6923,4.316
test,with_mine,mine best intruder smith,intruder,80,1,expander,attack,friendly,Q2_NW,0.93178,1.861708,chosen_action,,0.0,0.18,0.0,0.155743,0.361427,0.0,1.861708,pressured,concentrated_inbound,11,Q2_NW,2,3,106,123.0,0.8618,7.231
test,with_mine,mine best intruder smith,best,90,0,expander,attack,friendly,Q0_SE,0.270363,1.820133,chosen_action,,0.0,0.18,0.0,0.149392,0.34192,0.0,1.820133,neutral,neutral,,,0,0,0,0.0,0.0,0.0
test,with_mine,mine best intruder smith,intruder,90,1,expander,attack,friendly,Q0_SE,0.621229,2.230833,chosen_action,,0.0,0.18,0.071565,0.232514,0.276147,0.333333,2.230833,pressured,concentrated_inbound,11,Q2_NW,2,2,34,21.0,1.619,0.274
test,with_mine,mine best intruder smith,intruder,100,1,sweeper,attack,friendly,Q2_NW,0.926911,2.154446,chosen_action,,0.0,0.04273,0.011033,0.214667,0.251293,0.333333,2.154446,neutral,neutral,,,0,0,0,0.0,0.0,0.0
test,with_mine,mine best intruder smith,intruder,110,1,expander,attack,friendly,Q2_NW,0.122907,1.951909,chosen_action,,0.95,0.18,0.07926,0.200699,0.34832,0.0,1.951909,pressured,concentrated_inbound,13,Q0_SE,2,2,127,90.0,1.4111,7.191
test,with_mine,mine best intruder smith,intruder,110,1,attacker,attack,enemy,Q2_NW,1.0,2.513214,chosen_action,,0.0,0.014246,0.0,0.218416,0.28816,0.0,2.513214,pressured,concentrated_inbound,13,Q0_SE,2,2,127,90.0,1.4111,7.191
test,with_mine,mine best intruder smith,intruder,120,1,expander,attack,enemy,Q0_SE,1.0,2.641944,chosen_action,,0.0,0.105088,0.0,0.267493,0.296267,0.0,2.641944,pressured,concentrated_inbound,16,Q0_SE,2,2,116,107.0,1.0841,0.611
test,with_mine,mine best intruder smith,intruder,120,1,expander,established,friendly,Q2_NW,0.872883,1.645667,chosen_action,,0.0,0.044568,0.0,0.112608,0.27808,0.0,1.645667,pressured,concentrated_inbound,16,Q0_SE,2,2,116,107.0,1.0841,0.611
test,with_mine,mine best intruder smith,intruder,120,1,expander,established,friendly,Q0_SE,1.0,1.67629,chosen_action,,0.0,0.0,0.0,0.117477,0.292107,0.0,1.67629,pressured,concentrated_inbound,16,Q0_SE,2,2,116,107.0,1.0841,0.611
test,with_mine,mine best intruder smith,intruder,140,1,expander,attack,friendly,Q0_SE,0.855504,1.573738,chosen_action,,0.0,0.035265,0.038018,0.097443,0.25176,0.0,1.573738,pressured,concentrated_inbound,13,Q1_SW,2,2,220,40.0,5.5,0.11
test,with_mine,mine best intruder smith,best,150,0,expander,attack,enemy,Q2_NW,0.395513,4.082051,chosen_action,,0.0,0.18,0.4,0.604676,0.46728,0.0,4.082051,overtake_window,overtake_window,,,0,0,0,0.0,0.0,0.0
test,with_mine,mine best intruder smith,best,160,0,expander,attack,enemy,Q0_SE,0.468528,3.664856,chosen_action,,0.0,0.075639,0.054015,0.507473,0.331053,0.0,3.664856,chasing_leader,leader_target,,,0,0,0,0.0,0.0,0.0
test,with_mine,mine best,best,50,1,expander,expansion,neutral,Q3_NE,1.0,3.309717,chosen_action,,0.0,0.18,0.00469,0.347014,0.42732,1.0,3.309717,cash_in,cash_in,,,0,0,0,0.0,0.0,0.0
test,with_mine,mine best,best,60,1,sweeper,expansion,enemy,Q1_SW,0.55667,2.27663,chosen_action,,0.0,0.118947,0.210761,0.191989,0.159893,0.0,2.27663,chasing_leader,leader_target,,,0,0,0,0.0,0.0,0.0
test,with_mine,mine best,mine,70,0,expander,expansion,neutral,Q3_NE,0.192491,2.083321,chosen_action,,0.0,0.18,0.219175,0.205834,0.436533,0.0,2.083321,pressured,concentrated_inbound,16,Q0_SE,2,2,199,33.0,6.0303,2.548
test,with_mine,mine best,mine,70,0,expander,expansion,friendly,Q0_SE,0.26062,1.597311,chosen_action,,0.0,0.031576,0.050159,0.133724,0.20472,0.0,1.597311,pressured,concentrated_inbound,16,Q0_SE,2,2,199,33.0,6.0303,2.548
test,with_mine,mine best intruder 1200,mine,10,0,attacker,attack,neutral,Q0_SE,0.308881,2.339291,chosen_action,,0.0,0.14314,0.15267,0.193143,0.42648,0.333333,2.339291,neutral,neutral,,,0,0,0,0.0,0.0,0.0
test,with_mine,mine best intruder 1200,intruder,10,0,expander,expansion,neutral,Q2_NW,0.325934,2.593113,chosen_action,,0.0,0.18,0.160781,0.249557,0.291982,0.666667,2.593113,neutral,neutral,,,0,0,0,0.0,0.0,0.0
test,with_mine,mine best intruder 1200,mine,20,0,expander,attack,friendly,Q0_SE,0.263373,2.106311,chosen_action,,0.0,0.090218,0.008003,0.18474,0.26884,0.333333,2.106311,neutral,neutral,,,0,0,0,0.0,0.0,0.0
test,with_mine,mine best intruder 1200,mine,20,0,anchor,attack,friendly,Q0_SE,0.336232,2.106311,chosen_action,,0.0,0.0,0.0,0.18474,0.26884,0.333333,2.106311,neutral,neutral,,,0,0,0,0.0,0.0,0.0
test,with_mine,mine best intruder 1200,1200,20,0,expander,attack,neutral,Q3_NE,0.37505,2.857608,chosen_action,,0.0,0.18,0.08814,0.283473,0.427609,0.666667,2.857608,cash_in,cash_in,,,0,0,0,0.0,0.0,0.0
test,with_mine,mine best intruder 1200,best,30,1,attacker,attack,neutral,Q3_NE,0.509674,1.688934,chosen_action,,0.0,0.18,0.4,0.109216,0.31616,0.0,1.688934,neutral,neutral,,,0,0,0,0.0,0.0,0.0
test,with_mine,mine best intruder 1200,best,40,1,expander,attack,friendly,Q2_NW,1.0,1.580625,chosen_action,,0.0,0.0,0.0,0.098895,0.25428,0.0,1.580625,neutral,neutral,,,0,0,0,0.0,0.0,0.0
test,with_mine,mine best intruder 1200,best,40,1,expander,attack,enemy,Q0_SE,0.085906,1.661262,chosen_action,,0.95,0.18,0.109082,0.113136,0.288693,0.0,1.661262,neutral,neutral,,,0,0,0,0.0,0.0,0.0
test,with_mine,mine best intruder 1200,best,40,1,anchor,attack,friendly,Q2_NW,1.0,1.621946,chosen_action,,0.0,0.0,0.0,0.107607,0.2694,0.0,1.621946,neutral,neutral,,,0,0,0,0.0,0.0,0.0
test,with_mine,mine best intruder 1200,best,40,1,feeder,attack,enemy,Q0_SE,0.206378,2.582374,chosen_action,,0.95,0.18,0.023878,0.230237,0.318373,0.0,2.582374,chasing_leader,leader_target,,,0,0,0,0.0,0.0,0.0
test,with_mine,mine best intruder 1200,intruder,40,0,expander,attack,neutral,Q2_NW,0.240998,1.952692,chosen_action,,0.0,0.18,0.230117,0.200203,0.349782,0.0,1.952692,pressured,concentrated_inbound,6,Q3_NE,2,3,41,13.0,3.1538,0.991
test,with_mine,mine best intruder 1200,intruder,40,0,expander,attack,friendly,Q0_SE,0.309897,1.883267,chosen_action,,0.0,0.017914,0.0,0.214443,0.27304,0.0,1.883267,pressured,concentrated_inbound,6,Q3_NE,2,3,41,13.0,3.1538,0.991
test,with_mine,mine best intruder 1200,mine,50,0,expander,expansion,enemy,Q1_SW,0.337534,3.144746,chosen_action,,0.0,0.138318,0.268881,0.382945,0.167169,0.0,3.144746,chasing_leader,leader_target,,,0,0,0,0.0,0.0,0.0
test,with_mine,mine best intruder 1200,best,50,1,attacker,attack,enemy,Q1_SW,0.855514,1.624242,chosen_action,,0.0,0.18,0.045556,0.108091,0.27024,0.0,1.624242,neutral,neutral,,,0,0,0,0.0,0.0,0.0
test,with_mine,mine best intruder 1200,best,60,1,expander,established,friendly,Q2_NW,0.086161,1.280063,chosen_action,,0.95,0.0,0.0,0.059048,0.10248,0.0,1.280063,pressured,concentrated_inbound,27,Q2_NW,2,2,64,126.0,0.5079,4.44
test,with_mine,mine best intruder 1200,best,70,1,expander,established,neutral,Q0_SE,0.835955,1.870306,chosen_action,,0.0,0.18,0.097227,0.142925,0.390582,0.0,1.870306,cash_in,cash_in,,,0,0,0,0.0,0.0,0.0
test,with_mine,mine best intruder 1200,best,70,1,attacker,established,neutral,Q2_NW,0.734934,1.61116,chosen_action,,0.0,0.18,0.165106,0.0724,0.324,0.0,1.61116,neutral,neutral,,,0,0,0,0.0,0.0,0.0
test,with_mine,mine best intruder 1200,best,70,1,anchor,established,friendly,Q1_SW,1.0,1.631894,chosen_action,,0.0,0.0,0.0,0.109704,0.27304,0.0,1.631894,neutral,neutral,,,0,0,0,0.0,0.0,0.0
test,with_mine,mine best intruder 1200,intruder,70,0,expander,established,neutral,Q0_SE,0.058581,1.451131,chosen_action,,0.95,0.118311,0.047781,0.078509,0.1946,0.0,1.451131,pressured,concentrated_inbound,18,Q0_SE,2,2,199,162.0,1.2284,3.198
test,with_mine,mine best intruder 1200,best,80,1,expander,attack,friendly,Q1_SW,1.0,1.587512,chosen_action,,0.0,0.0,0.0,0.100347,0.2568,0.0,1.587512,neutral,neutral,,,0,0,0,0.0,0.0,0.0
test,with_mine,mine best intruder 1200,intruder,80,0,expander,attack,enemy,Q0_SE,0.594602,4.478745,chosen_action,,0.0,0.029661,0.0,0.730298,0.315578,0.333333,4.478745,pressured,concentrated_inbound,22,Q0_SE,3,3,182,173.0,1.052,6.554
test,with_mine,mine best intruder 1200,best,90,1,expander,attack,enemy,Q0_SE,1.0,2.560469,chosen_action,,0.0,0.0,0.0,0.225803,0.310031,0.0,2.560469,chasing_leader,leader_target,,,0,0,0,0.0,0.0,0.0
test,with_mine,mine best intruder 1200,best,90,1,expander,attack,enemy,Q3_NE,0.554462,2.515607,chosen_action,,0.0,0.18,0.043259,0.218,0.290671,0.0,2.515607,chasing_leader,leader_target,,,0,0,0,0.0,0.0,0.0
test,with_mine,mine best intruder 1200,intruder,90,0,expander,attack,friendly,Q3_NE,0.257463,1.45003,chosen_action,,0.0,0.0,0.0,0.127033,0.10752,0.0,1.45003,neutral,neutral,,,0,0,0,0.0,0.0,0.0
test,with_mine,mine best intruder 1200,intruder,90,0,anchor,attack,friendly,Q0_SE,0.306371,1.861,chosen_action,,0.0,0.0,0.0,0.208157,0.26772,0.0,1.861,neutral,neutral,,,0,0,0,0.0,0.0,0.0
test,with_mine,mine best intruder 1200,intruder,90,0,expander,attack,enemy,Q0_SE,0.523759,3.804589,chosen_action,,0.0,0.176795,0.0,0.574702,0.31504,0.0,3.804589,overtake_window,overtake_window,,,0,0,0,0.0,0.0,0.0
test,with_mine,mine best intruder 1200,intruder,90,0,expander,attack,friendly,Q3_NE,0.287603,1.836389,chosen_action,,0.0,0.009447,0.0,0.20121,0.26184,0.0,1.836389,neutral,neutral,,,0,0,0,0.0,0.0,0.0
test,with_mine,mine best intruder 1200,best,100,1,expander,established,friendly,Q0_SE,0.837143,1.772112,chosen_action,,0.0,0.18,0.083113,0.134598,0.332649,0.0,1.772112,neutral,neutral,,,0,0,0,0.0,0.0,0.0
test,with_mine,mine best intruder 1200,best,100,1,expander,attack,enemy,Q0_SE,0.206403,2.582269,chosen_action,,0.95,0.18,0.110561,0.228306,0.321729,0.0,2.582269,chasing_leader,leader_target,,,0,0,0,0.0,0.0,0.0
test,with_mine,mine best intruder 1200,intruder,100,0,feeder,attack,friendly,Q0_SE,0.298516,1.766072,chosen_action,,0.0,0.0,0.0,0.181362,0.24504,0.0,1.766072,neutral,neutral,,,0,0,0,0.0,0.0,0.0
test,with_mine,mine best intruder 1200,intruder,100,0,expander,attack,enemy,Q1_SW,0.477146,3.476039,chosen_action,,0.0,0.18,0.021167,0.471301,0.255493,0.0,3.476039,chasing_leader,leader_target,,,0,0,0,0.0,0.0,0.0
test,with_mine,mine best intruder 1200,intruder,100,0,attacker,attack,enemy,Q1_SW,0.356701,3.77922,chosen_action,,0.95,0.18,0.111924,0.526414,0.382093,0.0,3.77922,cash_in,cash_in,,,0,0,0,0.0,0.0,0.0
test,with_mine,mine best intruder 1200,best,110,1,expander,attack,enemy,Q0_SE,0.193904,2.485968,chosen_action,,0.95,0.18,0.111276,0.211268,0.280684,0.0,2.485968,chasing_leader,leader_target,,,0,0,0,0.0,0.0,0.0
test,with_mine,mine best intruder 1200,intruder,110,0,anchor,attack,friendly,Q0_SE,0.31348,1.883267,chosen_action,,0.0,0.0,0.0,0.214443,0.27304,0.0,1.883267,neutral,neutral,,,0,0,0,0.0,0.0,0.0
test,with_mine,mine best intruder 1200,intruder,110,0,feeder,attack,enemy,Q0_SE,0.273895,3.140197,chosen_action,,0.95,0.18,0.0,0.406569,0.1218,0.0,3.140197,chasing_leader,leader_target,,,0,0,0,0.0,0.0,0.0
test,with_mine,mine best intruder 1200,best,120,1,expander,attack,enemy,Q0_SE,0.883097,2.194467,chosen_action,,0.0,0.18,0.092676,0.174482,0.130156,0.0,2.194467,chasing_leader,leader_target,,,0,0,0,0.0,0.0,0.0
test,with_mine,mine best intruder 1200,intruder,120,0,expander,attack,enemy,Q0_SE,0.528453,3.563275,chosen_action,,0.0,0.0,0.0,0.499197,0.27052,0.0,3.563275,chasing_leader,leader_target,,,0,0,0,0.0,0.0,0.0
test,with_mine,mine best intruder 1200,intruder,120,0,expander,attack,enemy,Q2_NW,0.402604,4.148962,chosen_action,,0.95,0.18,0.072615,0.696238,0.354067,0.0,4.148962,overtake_window,overtake_window,,,0,0,0,0.0,0.0,0.0
test,with_mine,mine best intruder 1200,intruder,130,0,expander,attack,friendly,Q3_NE,0.352141,2.190865,chosen_action,,0.0,0.0,0.0,0.332069,0.291778,0.0,2.190865,neutral,neutral,,,0,0,0,0.0,0.0,0.0
test,with_mine,mine best intruder 1200,intruder,140,0,feeder,attack,friendly,Q0_SE,0.312669,1.896139,chosen_action,,0.0,0.0,0.0,0.206891,0.296,0.0,1.896139,pressured,concentrated_inbound,6,Q3_NE,3,3,208,46.0,4.5217,6.692
test,with_mine,mine best intruder 1200,intruder,150,0,anchor,initiation,enemy,Q0_SE,0.541643,3.661978,chosen_action,,0.0,0.0,0.0,0.497683,0.346324,0.0,3.661978,pressured,concentrated_inbound,24,Q0_SE,2,2,191,61.0,3.1311,4.343
test,with_mine,mine best intruder 1039,best,10,0,feeder,attack,enemy,Q0_SE,0.227945,2.075867,chosen_action,,0.0,0.18,0.037337,0.201816,0.438156,0.0,2.075867,neutral,neutral,,,0,0,0,0.0,0.0,0.0
test,with_mine,mine best intruder 1039,1039,10,0,anchor,expansion,enemy,Q1_SW,0.524215,5.086288,chosen_action,,0.0,0.18,0.4,0.664491,0.438156,1.0,5.086288,overtake_window,overtake_window,,,0,0,0,0.0,0.0,0.0
test,with_mine,mine best intruder 1039,best,30,0,feeder,attack,enemy,Q3_NE,0.437966,4.446566,chosen_action,,0.95,0.18,0.159362,0.57879,0.561089,0.333333,4.446566,overtake_window,overtake_window,,,0,0,0,0.0,0.0,0.0
test,with_mine,mine best intruder 1039,best,30,0,feeder,attack,friendly,Q1_SW,0.421744,2.764389,chosen_action,,0.0,0.0,0.0,0.342075,0.4766,0.333333,2.764389,cash_in,cash_in,,,0,0,0,0.0,0.0,0.0
test,with_mine,mine best intruder 1039,intruder,30,1,feeder,attack,neutral,Q3_NE,0.860338,1.420022,chosen_action,,0.0,0.0,0.17893,0.055624,0.21224,0.0,1.420022,neutral,neutral,,,0,0,0,0.0,0.0,0.0
test,with_mine,mine best intruder 1039,1039,30,0,attacker,attack,neutral,Q1_SW,0.223159,1.721987,chosen_action,,0.0,0.18,0.171933,0.135968,0.293084,0.0,1.721987,neutral,neutral,,,0,0,0,0.0,0.0,0.0
test,with_mine,mine best intruder 1039,mine,40,0,anchor,attack,neutral,Q3_NE,0.241094,2.276485,chosen_action,,0.0,0.18,0.104746,0.207754,0.576204,0.0,2.276485,cash_in,cash_in,,,0,0,0,0.0,0.0,0.0
test,with_mine,mine best intruder 1039,mine,40,0,attacker,attack,friendly,Q0_SE,0.223571,1.337453,chosen_action,,0.0,0.0,0.1,0.071148,0.12348,0.0,1.337453,neutral,neutral,,,0,0,0,0.0,0.0,0.0
test,with_mine,mine best intruder 1039,mine,40,0,expander,attack,friendly,Q0_SE,0.189479,1.337453,chosen_action,,0.0,0.03196,0.1,0.071148,0.12348,0.0,1.337453,neutral,neutral,,,0,0,0,0.0,0.0,0.0
test,with_mine,mine best intruder 1039,1039,40,0,expander,attack,enemy,Q0_SE,0.32843,3.600681,chosen_action,,0.95,0.18,0.092401,0.416393,0.223213,0.333333,3.600681,pressured,concentrated_inbound,7,Q2_NW,2,2,125,57.0,2.193,7.887
test,with_mine,mine best intruder 1039,mine,50,0,expander,expansion,friendly,Q0_SE,0.342992,2.560829,chosen_action,,0.0,0.149443,0.109326,0.334905,0.33856,0.333333,2.560829,neutral,neutral,,,0,0,0,0.0,0.0,0.0
test,with_mine,mine best intruder 1039,1039,50,0,expander,expansion,neutral,Q1_SW,0.300112,2.675985,chosen_action,,0.0,0.18,0.4,0.367624,0.587916,0.0,2.675985,cash_in,cash_in,,,0,0,0,0.0,0.0,0.0
test,with_mine,mine best intruder 1039,intruder,60,1,feeder,attack,friendly,Q2_NW,1.0,2.016024,chosen_action,,0.0,0.016134,0.0,0.190693,0.4136,0.0,2.016024,pressured,concentrated_inbound,19,Q3_NE,2,2,67,50.0,1.34,2.471
test,with_mine,mine best intruder 1039,intruder,60,1,anchor,attack,friendly,Q2_NW,1.0,2.03898,chosen_action,,0.0,0.001247,0.0,0.195533,0.422,0.0,2.03898,pressured,concentrated_inbound,19,Q3_NE,2,2,67,50.0,1.34,2.471
test,with_mine,mine best intruder 1039,best,70,0,expander,attack,friendly,Q0_SE,0.284083,1.665059,chosen_action,,0.0,0.0,0.005615,0.173438,0.184302,0.0,1.665059,neutral,neutral,,,0,0,0,0.0,0.0,0.0
test,with_mine,mine best intruder 1039,best,70,0,attacker,attack,enemy,Q0_SE,0.26428,2.404176,chosen_action,,0.0,0.18,0.4,0.347191,0.422902,0.0,2.404176,cash_in,cash_in,,,0,0,0,0.0,0.0,0.0
test,with_mine,mine best intruder 1039,intruder,70,1,expander,attack,neutral,Q2_NW,0.10489,1.420022,chosen_action,,0.95,0.0,0.0,0.055624,0.21224,0.0,1.420022,neutral,neutral,,,0,0,0,0.0,0.0,0.0
test,with_mine,mine best intruder 1039,best,80,0,anchor,attack,friendly,Q1_SW,0.392492,2.559484,chosen_action,,0.0,0.0,0.0,0.405323,0.4346,0.0,2.559484,cash_in,cash_in,,,0,0,0,0.0,0.0,0.0
test,with_mine,mine best intruder 1039,intruder,80,1,attacker,established,neutral,Q1_SW,0.802716,1.497037,chosen_action,,0.0,0.175029,0.087155,0.068619,0.246187,0.0,1.497037,neutral,neutral,,,0,0,0,0.0,0.0,0.0
test,with_mine,mine best intruder 1039,best,90,0,expander,attack,enemy,Q3_NE,0.511891,5.028573,chosen_action,,0.95,0.18,0.115236,0.762618,0.6654,0.333333,5.028573,pressured,concentrated_inbound,15,Q0_SE,2,2,22,30.0,0.7333,0.982
test,with_mine,mine best intruder 1039,best,100,0,anchor,expansion,enemy,Q0_SE,0.42959,4.107934,chosen_action,,0.0,0.18,0.326437,0.609006,0.478756,0.0,4.107934,pressured,concentrated_inbound,14,Q1_SW,2,2,103,15.0,6.8667,1.744
test,with_mine,mine best intruder 1039,intruder,100,1,expander,established,friendly,Q1_SW,0.912208,2.016024,chosen_action,,0.0,0.18,0.039448,0.190693,0.4136,0.0,2.016024,cash_in,cash_in,,,0,0,0,0.0,0.0,0.0
test,with_mine,mine best intruder smith,mine,0,0,anchor,initiation,neutral,Q0_SE,0.284684,1.647124,chosen_action,,0.0,0.0,0.0,0.079983,0.33716,0.0,1.647124,neutral,neutral,,,0,0,0,0.0,0.0,0.0
test,with_mine,mine best intruder smith,best,0,1,anchor,initiation,neutral,Q1_SW,1.0,1.647124,chosen_action,,0.0,0.0,0.0,0.079983,0.33716,0.0,1.647124,neutral,neutral,,,0,0,0,0.0,0.0,0.0
test,with_mine,mine best intruder smith,intruder,10,0,anchor,initiation,neutral,Q3_NE,0.43312,3.594973,chosen_action,,0.0,0.085046,0.080541,0.401769,0.54128,1.0,3.594973,neutral,neutral,,,0,0,0,0.0,0.0,0.0
test,with_mine,mine best intruder smith,mine,20,0,feeder,attack,neutral,Q3_NE,0.305843,1.952932,chosen_action,,0.0,0.0,0.032475,0.142688,0.452209,0.0,1.952932,cash_in,cash_in,,,0,0,0,0.0,0.0,0.0
test,with_mine,mine best intruder smith,best,20,1,expander,attack,neutral,Q0_SE,1.0,2.458208,chosen_action,,0.0,0.0,0.013633,0.218019,0.470342,0.333333,2.458208,cash_in,cash_in,,,0,0,0,0.0,0.0,0.0
test,with_mine,mine best intruder smith,best,30,1,expander,attack,friendly,Q0_SE,1.0,1.745566,chosen_action,,0.0,0.0,0.0,0.131117,0.319173,0.0,1.745566,neutral,neutral,,,0,0,0,0.0,0.0,0.0
test,with_mine,mine best intruder smith,intruder,30,0,feeder,attack,neutral,Q3_NE,0.302327,1.788268,chosen_action,,0.0,0.0,0.0,0.138792,0.33716,0.0,1.788268,neutral,neutral,,,0,0,0,0.0,0.0,0.0
test,with_mine,mine best intruder smith,mine,40,0,feeder,attack,friendly,Q0_SE,0.285878,1.678175,chosen_action,,0.0,0.0,0.002103,0.156551,0.22404,0.0,1.678175,neutral,neutral,,,0,0,0,0.0,0.0,0.0
test,with_mine,mine best intruder smith,intruder,40,0,expander,attack,enemy,Q0_SE,0.352558,3.74925,chosen_action,,0.95,0.18,0.022593,0.533762,0.346831,0.0,3.74925,pressured,concentrated_inbound,10,Q3_NE,2,2,63,12.0,5.25,0.386
test,with_mine,mine best intruder smith,intruder,40,0,anchor,attack,neutral,Q2_NW,0.171869,1.626404,chosen_action,,0.0,0.18,0.026473,0.117864,0.254467,0.0,1.626404,pressured,concentrated_inbound,10,Q3_NE,2,2,63,12.0,5.25,0.386
test,with_mine,mine best intruder smith,intruder,40,0,expander,attack,friendly,Q3_NE,0.260536,1.628953,chosen_action,,0.0,0.0,0.040353,0.142656,0.21228,0.0,1.628953,pressured,concentrated_inbound,10,Q3_NE,2,2,63,12.0,5.25,0.386
test,with_mine,mine best intruder smith,mine,50,0,anchor,expansion,enemy,Q0_SE,0.474178,3.800712,chosen_action,,0.0,0.078247,0.10279,0.556707,0.34416,0.0,3.800712,pressured,concentrated_inbound,8,Q0_SE,2,2,133,35.0,3.8,4.308
test,with_mine,mine best intruder smith,best,50,1,expander,attack,enemy,Q3_NE,0.558417,2.917596,chosen_action,,0.0,0.18,0.091314,0.297396,0.447293,0.0,2.917596,cash_in,cash_in,,,0,0,0,0.0,0.0,0.0
test,with_mine,mine best intruder smith,intruder,50,0,feeder,attack,friendly,Q3_NE,0.265341,1.604342,chosen_action,,0.0,0.0,0.000612,0.135709,0.2064,0.0,1.604342,neutral,neutral,,,0,0,0,0.0,0.0,0.0
test,with_mine,mine best intruder smith,mine,60,0,anchor,attack,friendly,Q0_SE,0.270371,2.451398,chosen_action,,0.0,0.18,0.119142,0.366024,0.4244,0.0,2.451398,pressured,concentrated_inbound,0,Q0_SE,3,3,205,50.0,4.1,5.879
test,with_mine,mine best intruder smith,intruder,60,0,expander,attack,friendly,Q2_NW,0.301667,1.959442,chosen_action,,0.0,0.012132,0.0,0.234702,0.293449,0.0,1.959442,neutral,neutral,,,0,0,0,0.0,0.0,0.0
test,with_mine,mine best intruder smith,mine,70,0,anchor,initiation,enemy,Q0_SE,0.462044,3.309964,chosen_action,,0.0,0.0,0.174457,0.386301,0.283587,0.0,3.309964,chasing_leader,leader_target,,,0,0,0,0.0,0.0,0.0
test,with_mine,mine best intruder smith,intruder,70,0,expander,attack,neutral,Q3_NE,0.064866,1.500353,chosen_action,,0.95,0.18,0.0,0.092403,0.20636,0.0,1.500353,neutral,neutral,,,0,0,0,0.0,0.0,0.0
test,with_mine,mine best intruder smith,mine,80,0,anchor,initiation,enemy,Q0_SE,0.49391,3.335093,chosen_action,,0.0,0.0,0.03164,0.388721,0.297898,0.0,3.335093,chasing_leader,leader_target,,,0,0,0,0.0,0.0,0.0
test,with_mine,mine best intruder smith,best,80,1,expander,attack,neutral,Q3_NE,0.959659,1.415,chosen_action,,0.0,0.0,0.0,0.054289,0.210893,0.0,1.415,neutral,neutral,,,0,0,0,0.0,0.0,0.0
test,with_mine,mine best intruder smith,best,80,1,attacker,attack,enemy,Q0_SE,0.968369,1.933003,chosen_action,,0.0,0.152612,0.0,0.170981,0.387147,0.0,1.933003,cash_in,cash_in,,,0,0,0,0.0,0.0,0.0
test,with_mine,mine best intruder smith,intruder,80,0,feeder,attack,friendly,Q3_NE,0.37705,2.448149,chosen_action,,0.0,0.0,0.0,0.373895,0.408,0.0,2.448149,pressured,concentrated_inbound,13,Q0_SE,2,2,66,54.0,1.2222,7.64
test,with_mine,mine best intruder smith,intruder,80,0,expander,attack,enemy,Q1_SW,0.418817,3.737673,chosen_action,,0.0,0.18,0.063418,0.509438,0.381498,0.0,3.737673,pressured,concentrated_inbound,13,Q0_SE,2,2,66,54.0,1.2222,7.64
test,with_mine,mine best intruder smith,best,90,1,anchor,attack,friendly,Q0_SE,1.0,1.727976,chosen_action,,0.0,0.0,0.0,0.128766,0.310324,0.0,1.727976,pressured,concentrated_inbound,13,Q0_SE,2,2,27,10.0,2.7,0.465
test,with_mine,mine best intruder smith,intruder,90,0,expander,attack,friendly,Q0_SE,0.352821,2.360252,chosen_action,,0.0,0.012132,0.0,0.349084,0.387,0.0,2.360252,pressured,concentrated_inbound,20,Q0_SE,2,2,110,89.0,1.236,0.0
test,with_mine,mine best intruder smith,best,100,1,attacker,attack,friendly,Q0_SE,0.941486,1.82855,chosen_action,,0.0,0.0,0.165964,0.151167,0.345,0.0,1.82855,pressured,concentrated_inbound,20,Q0_SE,2,2,136,40.0,3.4,2.753
test,with_mine,mine best intruder smith,best,110,1,expander,attack,friendly,Q0_SE,1.0,1.862984,chosen_action,,0.0,0.0,0.1,0.158427,0.3576,0.0,1.862984,cash_in,cash_in,,,0,0,0,0.0,0.0,0.0
test,with_mine,mine best intruder smith,intruder,110,0,expander,attack,enemy,Q0_SE,0.464323,3.350024,chosen_action,,0.0,0.01212,0.0,0.406158,0.27796,0.0,3.350024,chasing_leader,leader_target,,,0,0,0,0.0,0.0,0.0
test,with_mine,mine best intruder smith,intruder,110,0,anchor,attack,friendly,Q2_NW,0.307549,2.004975,chosen_action,,0.0,0.012132,0.0,0.244182,0.310324,0.0,2.004975,neutral,neutral,,,0,0,0,0.0,0.0,0.0
test,with_mine,mine best intruder smith,intruder,120,0,sweeper,attack,enemy,Q2_NW,0.381787,3.212244,chosen_action,,0.0,0.18,0.048561,0.406657,0.175013,0.0,3.212244,chasing_leader,leader_target,,,0,0,0,0.0,0.0,0.0
test,with_mine,mine best intruder smith,intruder,120,0,expander,attack,friendly,Q3_NE,0.254979,1.548088,chosen_action,,0.0,0.0,0.016507,0.11983,0.19296,0.0,1.548088,neutral,neutral,,,0,0,0,0.0,0.0,0.0
test,with_mine,mine best intruder smith,intruder,130,0,expander,attack,enemy,Q2_NW,0.559412,3.827356,chosen_action,,0.0,0.0,0.0,0.550013,0.375796,0.0,3.827356,pressured,concentrated_inbound,10,Q3_NE,2,3,220,106.0,2.0755,6.543
test,with_mine,mine intruder,intruder,10,1,expander,expansion,neutral,Q2_NW,1.0,2.253163,chosen_action,,0.0,0.112518,0.0,0.207759,0.55892,0.0,2.253163,neutral,neutral,,,0,0,0,0.0,0.0,0.0
test,with_mine,mine intruder,mine,20,0,expander,expansion,neutral,Q0_SE,0.215407,1.479258,chosen_action,,0.0,0.0,0.233825,0.086448,0.20132,0.0,1.479258,neutral,neutral,,,0,0,0,0.0,0.0,0.0
test,with_mine,mine intruder,intruder,20,1,expander,expansion,neutral,Q2_NW,0.715276,2.011521,chosen_action,,0.0,0.18,0.235987,0.180335,0.42868,0.0,2.011521,cash_in,cash_in,,,0,0,0,0.0,0.0,0.0
test,with_mine,mine intruder,intruder,40,1,expander,expansion,neutral,Q0_SE,0.559905,2.086141,chosen_action,,0.0,0.18,0.4,0.245684,0.367778,0.0,2.086141,cash_in,cash_in,,,0,0,0,0.0,0.0,0.0
test,with_mine,mine intruder,intruder,40,1,expander,expansion,neutral,Q3_NE,0.547018,1.98164,chosen_action,,0.0,0.18,0.4,0.193377,0.38336,0.0,1.98164,cash_in,cash_in,,,0,0,0,0.0,0.0,0.0
test,with_mine,mine intruder,intruder,40,1,expander,expansion,neutral,Q0_SE,0.143247,2.106851,chosen_action,,0.95,0.18,0.4,0.216648,0.434738,0.0,2.106851,cash_in,cash_in,,,0,0,0,0.0,0.0,0.0
test,with_mine,mine intruder,mine,50,0,expander,expansion,enemy,Q0_SE,0.641345,4.575488,chosen_action,,0.0,0.0,0.0,0.602675,0.16968,1.0,4.575488,pressured,concentrated_inbound,17,Q2_NW,2,2,36,10.0,3.6,1.678
test,with_mine,mine intruder,mine,50,0,expander,expansion,enemy,Q3_NE,0.557389,4.878818,chosen_action,,0.0,0.18,0.096332,0.659337,0.293636,1.0,4.878818,pressured,concentrated_inbound,17,Q2_NW,2,2,36,10.0,3.6,1.678
test,with_mine,mine intruder,mine,50,0,anchor,expansion,friendly,Q1_SW,0.204474,1.485189,chosen_action,,0.0,0.059466,0.028025,0.136957,0.11592,0.0,1.485189,pressured,concentrated_inbound,17,Q2_NW,2,2,36,10.0,3.6,1.678
test,with_mine,mine intruder,mine,50,0,expander,expansion,friendly,Q1_SW,0.150618,1.485189,chosen_action,,0.0,0.18,0.096674,0.136957,0.11592,0.0,1.485189,pressured,concentrated_inbound,17,Q2_NW,2,2,36,10.0,3.6,1.678
test,with_mine,mine intruder,intruder,50,1,expander,expansion,friendly,Q0_SE,0.635796,1.276732,chosen_action,,0.0,0.0,0.4,0.055103,0.107027,0.0,1.276732,neutral,neutral,,,0,0,0,0.0,0.0,0.0
test,with_mine,mine intruder,intruder,50,1,expander,expansion,friendly,Q3_NE,1.0,1.761374,chosen_action,,0.0,0.0,0.0,0.160527,0.2786,0.0,1.761374,neutral,neutral,,,0,0,0,0.0,0.0,0.0
test,with_mine,mine intruder,intruder,50,1,expander,expansion,friendly,Q3_NE,1.0,1.761374,chosen_action,,0.0,0.0,0.0,0.160527,0.2786,0.0,1.761374,neutral,neutral,,,0,0,0,0.0,0.0,0.0
test,with_mine,mine intruder,intruder,50,1,expander,expansion,friendly,Q2_NW,0.946419,1.488963,chosen_action,,0.0,0.0,0.116714,0.103092,0.17892,0.0,1.488963,neutral,neutral,,,0,0,0,0.0,0.0,0.0
test,with_mine,mine intruder,mine,60,0,expander,expansion,neutral,Q3_NE,0.456366,3.435173,chosen_action,,0.0,0.18,0.026784,0.348366,0.517849,1.0,3.435173,cash_in,cash_in,,,0,0,0,0.0,0.0,0.0
test,with_mine,mine intruder,intruder,60,1,expander,expansion,friendly,Q3_NE,1.0,1.424686,chosen_action,,0.0,0.0,0.0,0.08954,0.1554,0.0,1.424686,neutral,neutral,,,0,0,0,0.0,0.0,0.0
test,with_mine,mine intruder,intruder,60,1,expander,expansion,friendly,Q2_NW,1.0,1.195126,chosen_action,,0.0,0.0,0.01397,0.04114,0.0714,0.0,1.195126,neutral,neutral,,,0,0,0,0.0,0.0,0.0
test,with_mine,mine intruder,intruder,60,1,expander,expansion,neutral,Q2_NW,0.05578,1.426908,chosen_action,,0.95,0.18,0.038873,0.057076,0.21476,0.0,1.426908,neutral,neutral,,,0,0,0,0.0,0.0,0.0
test,with_mine,mine intruder,mine,70,0,expander,expansion,friendly,Q1_SW,0.396549,2.662562,chosen_action,,0.0,0.0,0.0,0.256309,0.1092,1.0,2.662562,neutral,neutral,,,0,0,0,0.0,0.0,0.0
test,with_mine,mine intruder,mine,70,0,expander,expansion,friendly,Q0_SE,0.439129,3.33042,chosen_action,,0.0,0.18,0.040606,0.373596,0.3954,1.0,3.33042,cash_in,cash_in,,,0,0,0,0.0,0.0,0.0
test,with_mine,mine intruder,intruder,70,1,expander,expansion,friendly,Q3_NE,1.0,1.770556,chosen_action,,0.0,0.0,0.0,0.162463,0.28196,0.0,1.770556,pressured,concentrated_inbound,25,Q2_NW,2,2,72,80.0,0.9,5.503
test,with_mine,mine intruder,intruder,70,1,expander,expansion,friendly,Q3_NE,0.658727,1.426982,chosen_action,,0.0,0.094581,0.021823,0.090024,0.15624,0.0,1.426982,pressured,concentrated_inbound,25,Q2_NW,2,2,72,80.0,0.9,5.503
test,with_mine,mine intruder,intruder,80,1,expander,expansion,friendly,Q0_SE,0.93176,1.977764,chosen_action,,0.0,0.18,0.014956,0.182627,0.3996,0.0,1.977764,pressured,concentrated_inbound,19,Q3_NE,2,2,67,73.0,0.9178,1.806
test,with_mine,mine intruder,mine,90,0,expander,expansion,friendly,Q1_SW,0.26811,1.690029,chosen_action,,0.0,0.0,0.1,0.19469,0.165018,0.0,1.690029,neutral,neutral,,,0,0,0,0.0,0.0,0.0
test,with_mine,mine intruder,mine,90,0,expander,expansion,friendly,Q1_SW,0.221139,1.443919,chosen_action,,0.0,0.0,0.177731,0.125219,0.106218,0.0,1.443919,neutral,neutral,,,0,0,0,0.0,0.0,0.0
test,with_mine,mine intruder,intruder,90,1,expander,expansion,enemy,Q1_SW,1.0,2.801695,chosen_action,,0.0,0.0,0.0,0.279239,0.39372,0.0,2.801695,cash_in,cash_in,,,0,0,0,0.0,0.0,0.0
test,with_mine,mine intruder,intruder,90,1,expander,expansion,enemy,Q2_NW,1.0,2.635808,chosen_action,,0.0,0.0,0.0,0.267787,0.2912,0.0,2.635808,chasing_leader,leader_target,,,0,0,0,0.0,0.0,0.0
test,with_mine,mine intruder,intruder,90,1,expander,expansion,friendly,Q2_NW,0.954241,1.420095,chosen_action,,0.0,0.0,0.1,0.088572,0.15372,0.0,1.420095,neutral,neutral,,,0,0,0,0.0,0.0,0.0
test,with_mine,mine intruder,intruder,90,1,expander,expansion,enemy,Q0_SE,0.692203,2.140724,chosen_action,,0.0,0.148175,0.02845,0.163404,0.11004,0.0,2.140724,chasing_leader,leader_target,,,0,0,0,0.0,0.0,0.0
test,with_mine,mine intruder,intruder,90,1,expander,expansion,friendly,Q3_NE,1.0,1.461416,chosen_action,,0.0,0.0,0.0,0.097284,0.16884,0.0,1.461416,neutral,neutral,,,0,0,0,0.0,0.0,0.0
test,with_mine,mine intruder,intruder,100,1,expander,expansion,friendly,Q1_SW,1.0,1.426982,chosen_action,,0.0,0.0,0.0,0.090024,0.15624,0.0,1.426982,neutral,neutral,,,0,0,0,0.0,0.0,0.0
test,with_mine,mine intruder,intruder,100,1,expander,expansion,friendly,Q1_SW,1.0,1.525692,chosen_action,,0.0,0.0,0.0,0.110836,0.19236,0.0,1.525692,neutral,neutral,,,0,0,0,0.0,0.0,0.0
test,with_mine,mine intruder,intruder,100,1,expander,expansion,neutral,Q0_SE,0.935328,1.773382,chosen_action,,0.0,0.165657,0.0,0.106603,0.38336,0.0,1.773382,cash_in,cash_in,,,0,0,0,0.0,0.0,0.0
test,with_mine,mine best intruder 1200,mine,0,1,expander,initiation,neutral,Q0_SE,0.572856,2.175112,chosen_action,,0.0,0.18,0.4,0.191303,0.53036,0.0,2.175112,neutral,neutral,,,0,0,0,0.0,0.0,0.0
test,with_mine,mine best intruder 1200,1200,0,0,expander,initiation,neutral,Q2_NW,0.236856,2.175112,chosen_action,,0.0,0.18,0.4,0.191303,0.53036,0.0,2.175112,neutral,neutral,,,0,0,0,0.0,0.0,0.0
test,with_mine,mine best intruder 1200,mine,10,1,expander,initiation,neutral,Q1_SW,0.900299,3.09649,chosen_action,,0.0,0.18,0.179493,0.320323,0.539049,0.666667,3.09649,neutral,neutral,,,0,0,0,0.0,0.0,0.0
test,with_mine,mine best intruder 1200,1200,10,0,expander,initiation,neutral,Q3_NE,0.387894,3.09649,chosen_action,,0.0,0.18,0.179493,0.320323,0.539049,0.666667,3.09649,neutral,neutral,,,0,0,0,0.0,0.0,0.0
test,with_mine,mine best intruder 1200,best,30,0,anchor,attack,friendly,Q1_SW,0.32706,1.989326,chosen_action,,0.0,0.0,0.0,0.242517,0.301693,0.0,1.989326,neutral,neutral,,,0,0,0,0.0,0.0,0.0
test,with_mine,mine best intruder 1200,intruder,30,0,anchor,attack,friendly,Q3_NE,0.350027,2.282344,chosen_action,,0.0,0.0,0.0,0.239607,0.301693,0.333333,2.282344,neutral,neutral,,,0,0,0,0.0,0.0,0.0
test,with_mine,mine best intruder 1200,mine,40,1,expander,attack,friendly,Q1_SW,1.0,2.359427,chosen_action,,0.0,0.0,0.031691,0.23886,0.36012,0.333333,2.359427,cash_in,cash_in,,,0,0,0,0.0,0.0,0.0
test,with_mine,mine best intruder 1200,mine,40,1,attacker,attack,friendly,Q1_SW,0.761109,2.359427,chosen_action,,0.0,0.008704,0.4,0.23886,0.36012,0.333333,2.359427,cash_in,cash_in,,,0,0,0,0.0,0.0,0.0
test,with_mine,mine best intruder 1200,best,40,0,feeder,attack,enemy,Q1_SW,0.460937,3.067397,chosen_action,,0.0,0.0,0.0,0.490481,0.363142,0.0,3.067397,cash_in,cash_in,,,0,0,0,0.0,0.0,0.0
test,with_mine,mine best intruder 1200,best,40,0,anchor,attack,friendly,Q1_SW,0.321402,2.019547,chosen_action,,0.0,0.0,0.0,0.252201,0.306862,0.0,2.019547,neutral,neutral,,,0,0,0,0.0,0.0,0.0
test,with_mine,mine best intruder 1200,intruder,40,0,anchor,attack,friendly,Q3_NE,0.368441,2.351837,chosen_action,,0.0,0.0,0.0,0.256845,0.322524,0.333333,2.351837,neutral,neutral,,,0,0,0,0.0,0.0,0.0
test,with_mine,mine best intruder 1200,1200,40,0,expander,attack,neutral,Q3_NE,0.105379,1.742009,chosen_action,,0.0,0.18,0.257779,0.099988,0.37188,0.0,1.742009,cash_in,cash_in,,,0,0,0,0.0,0.0,0.0
test,with_mine,mine best intruder 1200,mine,50,1,expander,attack,enemy,Q1_SW,1.0,2.475392,chosen_action,,0.0,0.002805,0.0,0.259459,0.4094,0.333333,2.475392,cash_in,cash_in,,,0,0,0,0.0,0.0,0.0
test,with_mine,mine best intruder 1200,mine,50,1,expander,attack,enemy,Q3_NE,1.0,2.81788,chosen_action,,0.0,0.18,0.0,0.323112,0.549933,0.333333,2.81788,cash_in,cash_in,,,0,0,0,0.0,0.0,0.0
test,with_mine,mine best intruder 1200,best,50,0,anchor,attack,friendly,Q1_SW,0.355295,2.323422,chosen_action,,0.0,0.0,0.0,0.250061,0.313538,0.333333,2.323422,neutral,neutral,,,0,0,0,0.0,0.0,0.0
test,with_mine,mine best intruder 1200,intruder,50,0,anchor,attack,friendly,Q3_NE,0.339678,2.16117,chosen_action,,0.0,0.0,0.0,0.282591,0.357742,0.0,2.16117,pressured,concentrated_inbound,2,Q3_NE,2,3,105,95.0,1.1053,4.053
test,with_mine,mine best intruder 1200,1200,50,0,expander,attack,enemy,Q0_SE,0.335053,3.171361,chosen_action,,0.0,0.18,0.13753,0.347771,0.545711,0.0,3.171361,cash_in,cash_in,,,0,0,0,0.0,0.0,0.0
test,with_mine,mine best intruder 1200,1200,50,0,expander,attack,enemy,Q0_SE,0.267147,3.051989,chosen_action,,0.0,0.18,0.4,0.322603,0.502031,0.0,3.051989,cash_in,cash_in,,,0,0,0,0.0,0.0,0.0
test,with_mine,mine best intruder 1200,1200,50,0,anchor,attack,enemy,Q0_SE,0.267739,3.056581,chosen_action,,0.95,0.18,0.168627,0.323571,0.503711,0.0,3.056581,cash_in,cash_in,,,0,0,0,0.0,0.0,0.0
test,with_mine,mine best intruder 1200,1200,50,0,feeder,attack,enemy,Q1_SW,0.137699,1.461296,chosen_action,,0.0,0.18,0.010064,0.089692,0.182249,0.0,1.461296,neutral,neutral,,,0,0,0,0.0,0.0,0.0
test,with_mine,mine best intruder 1200,1200,50,0,expander,attack,neutral,Q2_NW,0.237584,1.64942,chosen_action,,0.0,0.18,0.056979,0.080467,0.338,0.0,1.64942,neutral,neutral,,,0,0,0,0.0,0.0,0.0
test,with_mine,mine best intruder 1200,mine,60,1,expander,attack,unknown,unknown,0.617702,1.0,chosen_action,,0.0,0.18,0.022298,0.0,0.0,0.0,1.0,neutral,neutral,,,0,0,0,0.0,0.0,0.0
test,with_mine,mine best intruder 1200,mine,60,1,expander,attack,enemy,Q1_SW,1.0,2.471588,chosen_action,,0.0,0.0,0.0,0.380512,0.4136,0.0,2.471588,cash_in,cash_in,,,0,0,0,0.0,0.0,0.0
test,with_mine,mine best intruder 1200,mine,60,1,expander,attack,enemy,Q2_NW,0.44262,4.458674,chosen_action,,0.0,0.18,0.4,0.760163,0.46984,0.0,4.458674,overtake_window,overtake_window,,,0,0,0,0.0,0.0,0.0
test,with_mine,mine best intruder 1200,mine,60,1,expander,attack,enemy,Q2_NW,0.598129,3.280944,chosen_action,,0.0,0.18,0.03483,0.391662,0.25256,0.0,3.280944,chasing_leader,leader_target,,,0,0,0,0.0,0.0,0.0
test,with_mine,mine best intruder 1200,mine,60,1,shield,attack,enemy,Q1_SW,0.699803,2.780503,chosen_action,,0.0,0.18,0.008383,0.294025,0.05544,0.0,2.780503,chasing_leader,leader_target,,,0,0,0,0.0,0.0,0.0
test,with_mine,mine best intruder 1200,mine,60,1,anchor,attack,enemy,Q1_SW,0.647123,2.471588,chosen_action,,0.0,0.18,0.021478,0.380512,0.4136,0.0,2.471588,cash_in,cash_in,,,0,0,0,0.0,0.0,0.0
test,with_mine,mine best intruder 1200,mine,60,1,expander,attack,enemy,Q1_SW,1.0,2.471588,chosen_action,,0.0,0.18,0.0,0.380512,0.4136,0.0,2.471588,cash_in,cash_in,,,0,0,0,0.0,0.0,0.0
test,with_mine,mine best intruder 1200,best,60,0,expander,expansion,enemy,Q1_SW,0.396541,3.099124,chosen_action,,0.0,0.18,0.170687,0.493574,0.381147,0.0,3.099124,cash_in,cash_in,,,0,0,0,0.0,0.0,0.0
test,with_mine,mine best intruder 1200,1200,60,0,sweeper,attack,neutral,Q1_SW,0.159218,1.616221,chosen_action,,0.0,0.18,0.005605,0.091171,0.294378,0.0,1.616221,neutral,neutral,,,0,0,0,0.0,0.0,0.0
test,with_mine,mine best intruder 1200,1200,60,0,expander,attack,enemy,Q0_SE,0.249229,2.394749,chosen_action,,0.0,0.18,0.002985,0.207003,0.220698,0.0,2.394749,chasing_leader,leader_target,,,0,0,0,0.0,0.0,0.0
test,with_mine,mine best intruder 1200,1200,60,0,expander,attack,friendly,Q2_NW,0.220155,1.156101,chosen_action,,0.0,0.0,0.0,0.032912,0.05712,0.0,1.156101,neutral,neutral,,,0,0,0,0.0,0.0,0.0
test,with_mine,mine best intruder 1200,1200,60,0,shield,attack,enemy,Q3_NE,0.228277,2.028239,chosen_action,,0.0,0.18,0.010139,0.139688,0.06888,0.0,2.028239,chasing_leader,leader_target,,,0,0,0,0.0,0.0,0.0
test,with_mine,mine best intruder 1200,1200,60,0,feeder,attack,friendly,Q3_NE,0.301677,1.938739,chosen_action,,0.0,0.0,0.1,0.174399,0.38532,0.0,1.938739,cash_in,cash_in,,,0,0,0,0.0,0.0,0.0
test,with_mine,mine best intruder 1200,1200,60,0,expander,attack,friendly,Q3_NE,0.221216,1.69311,chosen_action,,0.0,0.0,0.343732,0.122611,0.29544,0.0,1.69311,neutral,neutral,,,0,0,0,0.0,0.0,0.0
test,with_mine,mine best intruder 1200,1200,70,0,expander,attack,enemy,Q1_SW,0.329107,2.876166,chosen_action,,0.0,0.176272,0.4,0.289696,0.430293,0.0,2.876166,cash_in,cash_in,,,0,0,0,0.0,0.0,0.0
test,with_mine,mine best intruder 1200,1200,70,0,expander,attack,enemy,Q1_SW,0.268864,3.065936,chosen_action,,0.95,0.18,0.4,0.329707,0.499733,0.0,3.065936,cash_in,cash_in,,,0,0,0,0.0,0.0,0.0
test,with_mine,mine best intruder 1200,1200,70,0,anchor,attack,friendly,Q3_NE,0.207634,1.814173,chosen_action,,0.0,0.18,0.027444,0.171659,0.29792,0.0,1.814173,neutral,neutral,,,0,0,0,0.0,0.0,0.0
test,with_mine,mine best intruder 1200,1200,70,0,expander,attack,friendly,Q3_NE,0.267454,1.814173,chosen_action,,0.0,0.18,0.008344,0.171659,0.29792,0.0,1.814173,neutral,neutral,,,0,0,0,0.0,0.0,0.0
test,with_mine,mine best intruder 1200,1200,70,0,expander,attack,friendly,Q1_SW,0.171072,1.48768,chosen_action,,0.0,0.18,0.0,0.097577,0.187773,0.0,1.48768,neutral,neutral,,,0,0,0,0.0,0.0,0.0
test,with_mine,mine best intruder 1200,mine,80,1,battery,attack,friendly,Q1_SW,1.0,2.00072,chosen_action,,0.0,0.006189,0.0,0.187467,0.408,0.0,2.00072,pressured,concentrated_inbound,25,Q1_SW,4,6,162,120.0,1.35,8.879
test,with_mine,mine best intruder 1200,mine,80,1,expander,attack,friendly,Q3_NE,0.720715,1.931077,chosen_action,,0.0,0.0,0.4,0.171426,0.384929,0.0,1.931077,pressured,concentrated_inbound,25,Q1_SW,4,6,162,120.0,1.35,8.879
test,with_mine,mine best intruder 1200,mine,80,1,expander,attack,enemy,Q1_SW,1.0,2.01217,chosen_action,,0.0,0.0,0.0,0.1363,0.063,0.0,2.01217,pressured,concentrated_inbound,25,Q1_SW,4,6,162,120.0,1.35,8.879
test,with_mine,mine best intruder 1200,mine,80,1,shield,attack,friendly,Q1_SW,1.0,2.050458,chosen_action,,0.0,0.0,0.0,0.197953,0.4262,0.0,2.050458,pressured,concentrated_inbound,25,Q1_SW,4,6,162,120.0,1.35,8.879
test,with_mine,mine best intruder 1200,1200,80,0,expander,attack,enemy,Q3_NE,0.560335,3.956544,chosen_action,,0.0,0.0,0.040498,0.486242,0.36264,0.333333,3.956544,pressured,concentrated_inbound,16,Q2_NW,2,2,22,23.0,0.9565,1.436
test,with_mine,mine best intruder 1200,1200,80,0,shield,attack,friendly,Q2_NW,0.382376,2.485726,chosen_action,,0.0,0.0,0.0,0.288178,0.366,0.333333,2.485726,pressured,concentrated_inbound,16,Q2_NW,2,2,22,23.0,0.9565,1.436
test,with_mine,mine best intruder 1200,1200,80,0,anchor,attack,friendly,Q2_NW,0.290066,2.36116,chosen_action,,0.0,0.115232,0.0,0.285438,0.2786,0.333333,2.36116,pressured,concentrated_inbound,16,Q2_NW,2,2,22,23.0,0.9565,1.436
test,with_mine,mine best intruder 1200,1200,80,0,feeder,attack,neutral,Q0_SE,0.278256,2.674156,chosen_action,,0.0,0.18,0.002826,0.28667,0.508258,0.333333,2.674156,pressured,concentrated_inbound,16,Q2_NW,2,2,22,23.0,0.9565,1.436
test,with_mine,mine best intruder 1200,1200,80,0,expander,attack,friendly,Q3_NE,0.399894,2.595915,chosen_action,,0.0,0.0,0.0,0.31141,0.40632,0.333333,2.595915,pressured,concentrated_inbound,16,Q2_NW,2,2,22,23.0,0.9565,1.436
test,with_mine,mine best intruder 1200,mine,90,1,expander,attack,friendly,Q1_SW,1.0,2.570032,chosen_action,,0.0,0.116217,0.0,0.4083,0.43712,0.0,2.570032,pressured,concentrated_inbound,9,Q1_SW,4,4,130,199.0,0.6533,5.219
test,with_mine,mine best intruder 1200,mine,90,1,expander,attack,enemy,Q1_SW,1.0,4.427303,chosen_action,,0.0,0.0,0.0,0.682864,0.3618,0.333333,4.427303,pressured,concentrated_inbound,9,Q1_SW,4,4,130,199.0,0.6533,5.219
test,with_mine,mine best intruder 1200,mine,90,1,shield,attack,friendly,Q0_SE,1.0,2.303998,chosen_action,,0.0,0.0,0.0,0.333205,0.37356,0.0,2.303998,pressured,concentrated_inbound,9,Q1_SW,4,4,130,199.0,0.6533,5.219
test,with_mine,mine best intruder 1200,mine,90,1,sweeper,attack,enemy,Q3_NE,0.850062,4.579124,chosen_action,,0.0,0.18,0.002473,0.734072,0.383222,0.333333,4.579124,pressured,concentrated_inbound,9,Q1_SW,4,4,130,199.0,0.6533,5.219
test,with_mine,mine best intruder 1200,mine,90,1,expander,attack,friendly,Q0_SE,1.0,2.261022,chosen_action,,0.0,0.050176,0.0,0.355956,0.30128,0.0,2.261022,pressured,concentrated_inbound,9,Q1_SW,4,4,130,199.0,0.6533,5.219
test,with_mine,mine best intruder 1200,1200,90,0,expander,attack,enemy,Q1_SW,0.327111,2.588313,chosen_action,,0.0,0.0,0.4,0.233215,0.31748,0.0,2.588313,pressured,concentrated_inbound,26,Q3_NE,2,2,100,129.0,0.7752,0.988
test,with_mine,mine best intruder 1200,1200,90,0,shield,attack,friendly,Q2_NW,0.300166,1.837732,chosen_action,,0.0,0.0,0.0,0.153103,0.34836,0.0,1.837732,pressured,concentrated_inbound,26,Q3_NE,2,2,100,129.0,0.7752,0.988
test,with_mine,mine best intruder 1200,1200,90,0,expander,attack,enemy,Q1_SW,0.147974,2.133946,chosen_action,,0.95,0.18,0.022388,0.16094,0.1094,0.0,2.133946,pressured,concentrated_inbound,26,Q3_NE,2,2,100,129.0,0.7752,0.988
test,with_mine,mine best intruder 1200,1200,90,0,feeder,attack,friendly,Q2_NW,0.200563,1.777443,chosen_action,,0.0,0.18,0.03909,0.163915,0.28448,0.0,1.777443,pressured,concentrated_inbound,26,Q3_NE,2,2,100,129.0,0.7752,0.988
test,with_mine,mine best intruder 1200,mine,100,1,expander,attack,friendly,Q3_NE,1.0,2.111061,chosen_action,,0.0,0.0,0.0,0.204935,0.45868,0.0,2.111061,pressured,concentrated_inbound,9,Q1_SW,2,2,145,98.0,1.4796,6.689
test,with_mine,mine best intruder 1200,1200,100,0,expander,attack,enemy,Q3_NE,0.630737,4.523823,chosen_action,,0.0,0.079018,0.0,0.665121,0.46484,0.333333,4.523823,pressured,concentrated_inbound,26,Q3_NE,2,2,157,162.0,0.9691,6.244
test,with_mine,mine best intruder 1200,1200,100,0,expander,attack,enemy,Q3_NE,0.50975,4.246821,chosen_action,,0.0,0.105125,0.4,0.606718,0.36348,0.333333,4.246821,pressured,concentrated_inbound,26,Q3_NE,2,2,157,162.0,0.9691,6.244
test,with_mine,mine best intruder 1200,mine,110,1,sweeper,established,friendly,Q0_SE,1.0,1.966286,chosen_action,,0.0,0.0,0.0,0.180207,0.3954,0.0,1.966286,pressured,concentrated_inbound,25,Q1_SW,2,2,118,104.0,1.1346,5.942
test,with_mine,mine best intruder 1200,mine,110,1,expander,established,friendly,Q0_SE,1.0,1.966286,chosen_action,,0.0,0.085957,0.0,0.180207,0.3954,0.0,1.966286,pressured,concentrated_inbound,25,Q1_SW,2,2,118,104.0,1.1346,5.942
test,with_mine,mine best intruder 1200,mine,110,1,shield,established,friendly,Q0_SE,1.0,1.862984,chosen_action,,0.0,0.0,0.0,0.158427,0.3576,0.0,1.862984,pressured,concentrated_inbound,25,Q1_SW,2,2,118,104.0,1.1346,5.942
test,with_mine,mine best intruder 1200,mine,110,1,anchor,established,friendly,Q0_SE,0.672467,1.966286,chosen_action,,0.0,0.172767,0.0,0.180207,0.3954,0.0,1.966286,pressured,concentrated_inbound,25,Q1_SW,2,2,118,104.0,1.1346,5.942
test,with_mine,mine best intruder 1200,mine,110,1,shield,established,friendly,Q1_SW,0.54988,1.162988,chosen_action,,0.0,0.18,0.011164,0.034364,0.05964,0.0,1.162988,pressured,concentrated_inbound,25,Q1_SW,2,2,118,104.0,1.1346,5.942
test,with_mine,mine best intruder 1200,1200,110,0,anchor,attack,enemy,Q0_SE,0.297762,3.31844,chosen_action,,0.95,0.18,0.026018,0.401523,0.262804,0.0,3.31844,chasing_leader,leader_target,,,0,0,0,0.0,0.0,0.0
test,with_mine,mine best intruder 1200,mine,120,1,shield,attack,friendly,Q0_SE,1.0,1.862984,chosen_action,,0.0,0.0,0.0,0.158427,0.3576,0.0,1.862984,pressured,concentrated_inbound,26,Q3_NE,3,3,133,56.0,2.375,8.636
test,with_mine,mine best intruder 1200,mine,120,1,shield,attack,friendly,Q3_NE,1.0,2.105552,chosen_action,,0.0,0.0,0.0,0.209569,0.44636,0.0,2.105552,pressured,concentrated_inbound,26,Q3_NE,3,3,133,56.0,2.375,8.636
test,with_mine,mine best intruder 1200,1200,120,0,expander,attack,friendly,Q1_SW,0.377231,2.387946,chosen_action,,0.0,0.0,0.0,0.348468,0.408609,0.0,2.387946,pressured,concentrated_inbound,25,Q1_SW,4,4,108,153.0,0.7059,7.678
test,with_mine,mine best intruder 1200,1200,120,0,anchor,attack,friendly,Q3_NE,0.296653,2.513057,chosen_action,,0.0,0.18,0.023802,0.416358,0.380591,0.0,2.513057,pressured,concentrated_inbound,25,Q1_SW,4,4,108,153.0,0.7059,7.678
test,with_mine,mine best intruder 1200,1200,120,0,expander,attack,enemy,Q3_NE,0.475766,4.128466,chosen_action,,0.0,0.18,0.02396,0.661888,0.399951,0.0,4.128466,pressured,concentrated_inbound,25,Q1_SW,4,4,108,153.0,0.7059,7.678
test,with_mine,mine best intruder 1200,mine,130,1,sweeper,attack,friendly,Q1_SW,1.0,2.071118,chosen_action,,0.0,0.0,0.0,0.202309,0.43376,0.0,2.071118,cash_in,cash_in,,,0,0,0,0.0,0.0,0.0
test,with_mine,mine best intruder 1200,mine,130,1,expander,attack,friendly,Q3_NE,1.0,1.730342,chosen_action,,0.0,0.0,0.0,0.130047,0.3098,0.0,1.730342,neutral,neutral,,,0,0,0,0.0,0.0,0.0
test,with_mine,mine best intruder 1200,1200,130,0,expander,attack,enemy,Q3_NE,0.470825,3.739328,chosen_action,,0.0,0.0,0.4,0.554282,0.303,0.0,3.739328,pressured,concentrated_inbound,26,Q3_NE,3,3,48,82.0,0.5854,0.402
test,with_mine,mine best intruder 1200,1200,130,0,expander,attack,enemy,Q0_SE,0.565048,4.191325,chosen_action,,0.0,0.18,0.041755,0.638867,0.48744,0.0,4.191325,pressured,concentrated_inbound,26,Q3_NE,3,3,48,82.0,0.5854,0.402
test,with_mine,mine best intruder 1200,1200,130,0,expander,attack,enemy,Q0_SE,0.503562,4.191325,chosen_action,,0.0,0.18,0.349187,0.638867,0.48744,0.0,4.191325,pressured,concentrated_inbound,26,Q3_NE,3,3,48,82.0,0.5854,0.402
test,with_mine,mine best intruder 1200,1200,130,0,anchor,attack,friendly,Q2_NW,0.321328,2.25126,chosen_action,,0.0,0.039837,0.0,0.318319,0.36096,0.0,2.25126,pressured,concentrated_inbound,26,Q3_NE,3,3,48,82.0,0.5854,0.402
test,with_mine,mine best intruder 1200,1200,130,0,sweeper,attack,friendly,Q2_NW,0.404054,2.599331,chosen_action,,0.0,0.0,0.0,0.41657,0.44412,0.0,2.599331,pressured,concentrated_inbound,26,Q3_NE,3,3,48,82.0,0.5854,0.402
test,with_mine,mine best intruder 1200,mine,140,1,battery,attack,enemy,Q1_SW,0.745437,2.875154,chosen_action,,0.0,0.158689,0.0,0.294727,0.4206,0.0,2.875154,cash_in,cash_in,,,0,0,0,0.0,0.0,0.0
test,with_mine,mine best intruder 1200,1200,140,0,attacker,attack,enemy,Q3_NE,0.638577,4.429878,chosen_action,,0.0,0.0,0.0,0.770349,0.4304,0.0,4.429878,pressured,concentrated_inbound,26,Q3_NE,2,2,99,69.0,1.4348,0.748
test,with_mine,mine best intruder 1200,1200,140,0,expander,attack,enemy,Q3_NE,0.483763,3.684691,chosen_action,,0.0,0.137426,0.163168,0.537187,0.29292,0.0,3.684691,pressured,concentrated_inbound,26,Q3_NE,2,2,99,69.0,1.4348,0.748
test,with_mine,mine best intruder 1200,1200,140,0,attacker,attack,friendly,Q3_NE,0.292599,2.25126,chosen_action,,0.0,0.0,0.339346,0.318319,0.36096,0.0,2.25126,pressured,concentrated_inbound,26,Q3_NE,2,2,99,69.0,1.4348,0.748
test,with_mine,mine best intruder 1200,1200,140,0,expander,attack,friendly,Q3_NE,0.22809,2.401656,chosen_action,,0.0,0.088282,0.4,0.395653,0.33488,0.0,2.401656,pressured,concentrated_inbound,26,Q3_NE,2,2,99,69.0,1.4348,0.748
test,with_mine,mine best intruder 1200,1200,140,0,expander,attack,friendly,Q3_NE,0.338422,2.25126,chosen_action,,0.0,0.0,0.1,0.318319,0.36096,0.0,2.25126,pressured,concentrated_inbound,26,Q3_NE,2,2,99,69.0,1.4348,0.748
test,with_mine,mine best intruder 1200,1200,140,0,shield,attack,friendly,Q2_NW,0.350652,2.240713,chosen_action,,0.0,0.0,0.0,0.315341,0.35844,0.0,2.240713,pressured,concentrated_inbound,26,Q3_NE,2,2,99,69.0,1.4348,0.748
test,with_mine,mine best intruder 1200,mine,150,1,battery,attack,enemy,Q3_NE,0.607116,2.851289,chosen_action,,0.0,0.18,0.03393,0.289603,0.412031,0.0,2.851289,pressured,concentrated_inbound,20,Q0_SE,2,2,95,129.0,0.7364,0.133
test,with_mine,mine best intruder 1200,mine,150,1,expander,established,neutral,Q3_NE,1.0,1.745692,chosen_action,,0.0,0.072571,0.000282,0.100672,0.373391,0.0,1.745692,pressured,concentrated_inbound,20,Q0_SE,2,2,95,129.0,0.7364,0.133
test,with_mine,mine best intruder 1200,mine,150,1,expander,established,neutral,Q3_NE,0.913022,1.437478,chosen_action,,0.0,0.0,0.0,0.059212,0.218791,0.0,1.437478,pressured,concentrated_inbound,20,Q0_SE,2,2,95,129.0,0.7364,0.133
test,with_mine,mine best intruder 1200,mine,150,1,expander,established,neutral,Q0_SE,0.995128,1.433795,chosen_action,,0.0,0.0,0.0,0.058528,0.21728,0.0,1.433795,pressured,concentrated_inbound,20,Q0_SE,2,2,95,129.0,0.7364,0.133
test,with_mine,mine best intruder 1200,mine,150,1,sweeper,established,neutral,Q2_NW,0.474874,2.077132,chosen_action,,0.0,0.18,0.005499,0.162272,0.509391,0.0,2.077132,pressured,concentrated_inbound,20,Q0_SE,2,2,95,129.0,0.7364,0.133
test,with_mine,mine best intruder 1200,mine,150,1,expander,established,neutral,Q0_SE,0.916935,1.742009,chosen_action,,0.0,0.18,0.0,0.099988,0.37188,0.0,1.742009,pressured,concentrated_inbound,20,Q0_SE,2,2,95,129.0,0.7364,0.133
test,with_mine,mine best intruder 1200,mine,150,1,expander,established,neutral,Q0_SE,0.882199,1.433795,chosen_action,,0.0,0.164867,0.009603,0.058528,0.21728,0.0,1.433795,pressured,concentrated_inbound,20,Q0_SE,2,2,95,129.0,0.7364,0.133
test,with_mine,mine best intruder 1200,mine,150,1,expander,established,neutral,Q1_SW,0.86389,1.433795,chosen_action,,0.0,0.18,0.012779,0.058528,0.21728,0.0,1.433795,pressured,concentrated_inbound,20,Q0_SE,2,2,95,129.0,0.7364,0.133
test,with_mine,mine best intruder 1200,mine,150,1,expander,established,neutral,Q1_SW,0.967277,1.433795,chosen_action,,0.0,0.089391,0.0,0.058528,0.21728,0.0,1.433795,pressured,concentrated_inbound,20,Q0_SE,2,2,95,129.0,0.7364,0.133
test,with_mine,mine best intruder 1200,mine,150,1,shield,established,friendly,Q0_SE,1.0,2.016789,chosen_action,,0.0,0.0,0.0,0.190855,0.41388,0.0,2.016789,pressured,concentrated_inbound,20,Q0_SE,2,2,95,129.0,0.7364,0.133
test,with_mine,mine best intruder 1200,mine,150,1,shield,established,friendly,Q1_SW,1.0,2.151464,chosen_action,,0.0,0.012057,0.0,0.219249,0.46316,0.0,2.151464,pressured,concentrated_inbound,20,Q0_SE,2,2,95,129.0,0.7364,0.133
test,with_mine,mine best intruder 1200,mine,150,1,sweeper,established,friendly,Q1_SW,1.0,2.151464,chosen_action,,0.0,0.0,0.0,0.219249,0.46316,0.0,2.151464,pressured,concentrated_inbound,20,Q0_SE,2,2,95,129.0,0.7364,0.133
test,with_mine,mine best intruder 1200,1200,150,0,sweeper,attack,friendly,Q2_NW,0.387892,2.47276,chosen_action,,0.0,0.0,0.0,0.380842,0.41388,0.0,2.47276,cash_in,cash_in,,,0,0,0,0.0,0.0,0.0
test,with_mine,mine best intruder 1200,1200,150,0,anchor,attack,enemy,Q0_SE,0.564733,5.055585,chosen_action,,0.0,0.18,0.073853,0.895368,0.671631,0.0,5.055585,overtake_window,overtake_window,,,0,0,0,0.0,0.0,0.0
test,with_mine,mine best intruder 1200,1200,150,0,expander,attack,enemy,Q1_SW,0.472328,3.426401,chosen_action,,0.0,0.144572,0.054056,0.406664,0.333636,0.0,3.426401,chasing_leader,leader_target,,,0,0,0,0.0,0.0,0.0
test,with_mine,mine best intruder 1200,1200,150,0,sweeper,attack,enemy,Q3_NE,0.319599,2.780503,chosen_action,,0.0,0.18,0.022937,0.294025,0.05544,0.0,2.780503,chasing_leader,leader_target,,,0,0,0,0.0,0.0,0.0
test,with_mine,mine best intruder 1200,1200,150,0,expander,attack,enemy,Q3_NE,0.624112,4.316051,chosen_action,,0.0,0.0,0.0,0.734734,0.4094,0.0,4.316051,overtake_window,overtake_window,,,0,0,0,0.0,0.0,0.0
test,with_mine,mine best intruder 1200,1200,150,0,shield,attack,friendly,Q2_NW,0.391295,2.492683,chosen_action,,0.0,0.0,0.0,0.386466,0.41864,0.0,2.492683,cash_in,cash_in,,,0,0,0,0.0,0.0,0.0
test,with_mine,mine best intruder 1200,mine,160,1,expander,attack,enemy,Q2_NW,1.0,3.021056,chosen_action,,0.0,0.0,0.0,0.317714,0.487809,0.0,3.021056,cash_in,cash_in,,,0,0,0,0.0,0.0,0.0
test,with_mine,mine best intruder 1200,mine,160,1,expander,attack,friendly,Q3_NE,0.924669,2.087188,chosen_action,,0.0,0.18,0.036175,0.205697,0.43964,0.0,2.087188,cash_in,cash_in,,,0,0,0,0.0,0.0,0.0
test,with_mine,mine best intruder 1200,mine,160,1,expander,attack,friendly,Q1_SW,1.0,1.176761,chosen_action,,0.0,0.0,0.0,0.037268,0.06468,0.0,1.176761,neutral,neutral,,,0,0,0,0.0,0.0,0.0
test,with_mine,mine best intruder 1200,1200,160,0,expander,attack,enemy,Q2_NW,0.561579,4.501545,chosen_action,,0.0,0.18,0.25074,0.790603,0.44748,0.0,4.501545,pressured,concentrated_inbound,30,Q2_NW,3,3,77,83.0,0.9277,7.373
test,with_mine,mine best intruder 1200,1200,160,0,expander,attack,neutral,Q2_NW,0.210962,1.546059,chosen_action,,0.0,0.0,0.298698,0.105305,0.21728,0.0,1.546059,pressured,concentrated_inbound,30,Q2_NW,3,3,77,83.0,0.9277,7.373
test,with_mine,mine best intruder 1200,1200,160,0,sweeper,attack,friendly,Q3_NE,0.085421,1.662585,chosen_action,,0.95,0.18,0.286202,0.146197,0.230898,0.0,1.662585,pressured,concentrated_inbound,30,Q2_NW,3,3,77,83.0,0.9277,7.373
test,with_mine,mine best intruder 1200,1200,160,0,expander,attack,friendly,Q2_NW,0.3236,2.247745,chosen_action,,0.0,0.18,0.002096,0.317326,0.36012,0.0,2.247745,pressured,concentrated_inbound,30,Q2_NW,3,3,77,83.0,0.9277,7.373
test,with_mine,mine best intruder 1200,1200,160,0,expander,attack,enemy,Q3_NE,0.440289,3.435859,chosen_action,,0.0,0.18,0.185242,0.40553,0.342658,0.0,3.435859,pressured,concentrated_inbound,30,Q2_NW,3,3,77,83.0,0.9277,7.373
test,with_mine,mine best intruder 1200,mine,170,1,expander,attack,friendly,Q2_NW,1.0,2.016024,chosen_action,,0.0,0.078328,0.0,0.190693,0.4136,0.0,2.016024,pressured,concentrated_inbound,6,Q3_NE,3,3,74,78.0,0.9487,3.954
test,with_mine,mine best intruder 1200,mine,170,1,attacker,attack,enemy,Q1_SW,1.0,2.237742,chosen_action,,0.0,0.023187,0.0,0.160336,0.18736,0.0,2.237742,pressured,concentrated_inbound,6,Q3_NE,3,3,74,78.0,0.9487,3.954
test,with_mine,mine best intruder 1200,mine,170,1,expander,attack,friendly,Q3_NE,1.0,1.363308,chosen_action,,0.0,0.004348,0.0,0.053076,0.17476,0.0,1.363308,pressured,concentrated_inbound,6,Q3_NE,3,3,74,78.0,0.9487,3.954
test,with_mine,mine best intruder 1200,mine,170,1,expander,attack,friendly,Q0_SE,0.916971,1.761374,chosen_action,,0.0,0.18,0.001335,0.160527,0.2786,0.0,1.761374,pressured,concentrated_inbound,6,Q3_NE,3,3,74,78.0,0.9487,3.954
test,with_mine,mine best intruder 1200,mine,170,1,battery,attack,friendly,Q0_SE,0.637419,1.761374,chosen_action,,0.0,0.18,0.000887,0.160527,0.2786,0.0,1.761374,pressured,concentrated_inbound,6,Q3_NE,3,3,74,78.0,0.9487,3.954
test,with_mine,mine best intruder 1200,1200,170,0,sweeper,attack,neutral,Q2_NW,0.157148,1.944638,chosen_action,,0.0,0.18,0.305833,0.181867,0.376413,0.0,1.944638,pressured,concentrated_inbound,14,Q2_NW,4,4,146,55.0,2.6545,7.916
test,with_mine,mine best intruder 1200,mine,20,0,expander,expansion,neutral,Q0_SE,0.161527,1.81716,chosen_action,,0.0,0.060641,0.4,0.139356,0.35756,0.0,1.81716,neutral,neutral,,,0,0,0,0.0,0.0,0.0
test,with_mine,mine best intruder 1200,best,30,0,expander,expansion,neutral,Q1_SW,0.161313,1.521448,chosen_action,,0.0,0.125831,0.125398,0.098358,0.2114,0.0,1.521448,neutral,neutral,,,0,0,0,0.0,0.0,0.0
test,with_mine,mine best intruder 1200,intruder,30,1,feeder,attack,friendly,Q3_NE,1.0,2.711837,chosen_action,,0.0,0.0,0.025075,0.35089,0.422,0.333333,2.711837,cash_in,cash_in,,,0,0,0,0.0,0.0,0.0
test,with_mine,mine best intruder 1200,1200,30,0,anchor,expansion,neutral,Q2_NW,0.196793,2.348267,chosen_action,,0.0,0.18,0.4,0.215468,0.39344,0.333333,2.348267,cash_in,cash_in,,,0,0,0,0.0,0.0,0.0
test,with_mine,mine best intruder 1200,mine,40,0,anchor,attack,friendly,Q0_SE,0.270062,2.005311,chosen_action,,0.0,0.072168,0.0,0.188435,0.40968,0.0,2.005311,cash_in,cash_in,,,0,0,0,0.0,0.0,0.0
test,with_mine,mine best intruder 1200,mine,50,0,attacker,attack,neutral,Q0_SE,0.186108,1.521448,chosen_action,,0.0,0.18,0.227257,0.098358,0.2114,0.0,1.521448,neutral,neutral,,,0,0,0,0.0,0.0,0.0
test,with_mine,mine best intruder 1200,mine,50,0,feeder,attack,neutral,Q3_NE,0.319812,3.182648,chosen_action,,0.0,0.18,0.082119,0.405872,0.673004,0.333333,3.182648,cash_in,cash_in,,,0,0,0,0.0,0.0,0.0
test,with_mine,mine best intruder 1200,best,50,0,expander,attack,neutral,Q1_SW,0.082594,1.417726,chosen_action,,0.0,0.18,0.4,0.05514,0.2114,0.0,1.417726,neutral,neutral,,,0,0,0,0.0,0.0,0.0
test,with_mine,mine best intruder 1200,intruder,50,1,expander,attack,enemy,Q2_NW,1.0,2.602394,chosen_action,,0.0,0.18,0.0,0.397817,0.479729,0.0,2.602394,cash_in,cash_in,,,0,0,0,0.0,0.0,0.0
test,with_mine,mine best intruder 1200,1200,50,0,expander,attack,friendly,Q2_NW,0.397144,2.841119,chosen_action,,0.0,0.016809,0.045231,0.406648,0.41864,0.333333,2.841119,cash_in,cash_in,,,0,0,0,0.0,0.0,0.0
test,with_mine,mine best intruder 1200,mine,60,0,anchor,attack,neutral,Q0_SE,0.175505,1.909812,chosen_action,,0.0,0.18,0.222166,0.135176,0.2114,0.333333,1.909812,pressured,concentrated_inbound,14,Q0_SE,2,2,57,7.0,8.1429,2.096
test,with_mine,mine best intruder 1200,intruder,60,1,expander,attack,neutral,Q2_NW,0.611558,2.730831,chosen_action,,0.0,0.18,0.013259,0.298027,0.752271,0.0,2.730831,cash_in,cash_in,,,0,0,0,0.0,0.0,0.0
test,with_mine,mine best intruder 1200,intruder,70,1,expander,attack,enemy,Q2_NW,0.810999,2.618265,chosen_action,,0.0,0.0,0.4,0.238495,0.33028,0.0,2.618265,pressured,concentrated_inbound,2,Q3_NE,2,2,23,45.0,0.5111,2.925
test,with_mine,mine best intruder 1200,intruder,70,1,expander,attack,friendly,Q3_NE,1.0,1.966286,chosen_action,,0.0,0.10932,0.0,0.180207,0.3954,0.0,1.966286,pressured,concentrated_inbound,2,Q3_NE,2,2,23,45.0,0.5111,2.925
test,with_mine,mine best intruder 1200,intruder,70,1,expander,attack,neutral,Q0_SE,0.485158,1.740844,chosen_action,,0.0,0.18,0.011311,0.115537,0.343373,0.0,1.740844,pressured,concentrated_inbound,2,Q3_NE,2,2,23,45.0,0.5111,2.925
test,with_mine,mine best intruder 1200,1200,70,0,anchor,initiation,enemy,Q3_NE,0.467612,4.189935,chosen_action,,0.0,0.116499,0.253447,0.61951,0.520822,0.0,4.189935,overtake_window,overtake_window,,,0,0,0,0.0,0.0,0.0
test,with_mine,mine best intruder 1200,best,80,0,expander,attack,friendly,Q2_NW,0.37157,2.502723,chosen_action,,0.0,0.004005,0.101297,0.386637,0.425773,0.0,2.502723,cash_in,cash_in,,,0,0,0,0.0,0.0,0.0
test,with_mine,mine best intruder 1200,best,90,0,expander,attack,friendly,Q2_NW,0.182013,1.564556,chosen_action,,0.0,0.0,0.4,0.095507,0.2484,0.0,1.564556,neutral,neutral,,,0,0,0,0.0,0.0,0.0
test,with_mine,mine best intruder 1200,intruder,90,1,expander,attack,enemy,Q1_SW,0.422347,4.338375,chosen_action,,0.95,0.18,0.027304,0.638476,0.37484,0.333333,4.338375,overtake_window,overtake_window,,,0,0,0,0.0,0.0,0.0
test,with_mine,mine best intruder 1200,best,100,0,expander,attack,enemy,Q3_NE,0.428894,4.373562,chosen_action,,0.95,0.18,0.027839,0.545722,0.5658,0.333333,4.373562,pressured,concentrated_inbound,16,Q3_NE,2,2,164,80.0,2.05,3.615
test,with_mine,mine best intruder 1200,best,100,0,expander,attack,neutral,Q0_SE,0.397219,2.908172,chosen_action,,0.0,0.18,0.040366,0.323207,0.616649,0.333333,2.908172,pressured,concentrated_inbound,16,Q3_NE,2,2,164,80.0,2.05,3.615
test,with_mine,mine best intruder 1200,intruder,100,1,expander,attack,friendly,Q0_SE,0.989781,2.028267,chosen_action,,0.0,0.023468,0.0,0.193275,0.41808,0.0,2.028267,pressured,concentrated_inbound,4,Q0_SE,2,2,91,107.0,0.8505,7.308
test,with_mine,mine best intruder 1200,intruder,100,1,expander,attack,friendly,Q3_NE,1.0,1.94333,chosen_action,,0.0,0.0,0.0,0.175367,0.387,0.0,1.94333,pressured,concentrated_inbound,4,Q0_SE,2,2,91,107.0,0.8505,7.308
test,with_mine,mine best intruder 1200,intruder,100,1,expander,attack,unknown,unknown,0.24,1.0,chosen_action,,0.0,0.18,0.4,0.0,0.0,0.0,1.0,pressured,concentrated_inbound,4,Q0_SE,2,2,91,107.0,0.8505,7.308
test,with_mine,mine best intruder 1200,intruder,100,1,expander,attack,enemy,Q1_SW,0.224415,2.721265,chosen_action,,0.95,0.18,0.050753,0.254369,0.378356,0.0,2.721265,pressured,concentrated_inbound,4,Q0_SE,2,2,91,107.0,0.8505,7.308
test,with_mine,mine best intruder 1200,best,110,0,expander,attack,neutral,Q0_SE,0.29226,2.851138,chosen_action,,0.0,0.18,0.129326,0.434643,0.598516,0.0,2.851138,pressured,concentrated_inbound,19,Q1_SW,2,2,233,100.0,2.33,4.301
test,with_mine,mine best intruder 1200,best,110,0,anchor,attack,enemy,Q0_SE,0.408429,3.798134,chosen_action,,0.0,0.18,0.145918,0.606935,0.252956,0.0,3.798134,pressured,concentrated_inbound,19,Q1_SW,2,2,233,100.0,2.33,4.301
test,with_mine,mine best intruder 1200,best,110,0,expander,attack,friendly,Q1_SW,0.357525,2.448149,chosen_action,,0.0,0.117504,0.022912,0.373895,0.408,0.0,2.448149,pressured,concentrated_inbound,19,Q1_SW,2,2,233,100.0,2.33,4.301
test,with_mine,mine best intruder 1200,best,110,0,expander,attack,friendly,Q1_SW,0.17307,1.217983,chosen_action,,0.0,0.111639,0.162181,0.061531,0.05208,0.0,1.217983,pressured,concentrated_inbound,19,Q1_SW,2,2,233,100.0,2.33,4.301
test,with_mine,mine best intruder 1200,intruder,120,1,expander,attack,enemy,Q1_SW,1.0,3.245444,chosen_action,,0.0,0.18,0.0,0.361827,0.5756,0.0,3.245444,cash_in,cash_in,,,0,0,0,0.0,0.0,0.0
test,with_mine,mine best intruder 1200,intruder,120,1,expander,attack,enemy,Q2_NW,1.0,2.856024,chosen_action,,0.0,0.071235,0.0,0.290693,0.4136,0.0,2.856024,cash_in,cash_in,,,0,0,0,0.0,0.0,0.0
test,with_mine,mine best intruder 1200,best,130,0,expander,established,friendly,Q0_SE,0.323752,1.954808,chosen_action,,0.0,0.0,0.0,0.177787,0.3912,0.0,1.954808,pressured,concentrated_inbound,16,Q0_SE,3,3,112,39.0,2.8718,5.432
test,with_mine,mine best intruder 1200,best,130,0,anchor,established,neutral,Q0_SE,0.129706,1.417726,chosen_action,,0.0,0.18,0.104439,0.05514,0.2114,0.0,1.417726,pressured,concentrated_inbound,16,Q0_SE,3,3,112,39.0,2.8718,5.432
test,with_mine,mine best intruder 1200,best,130,0,expander,established,neutral,Q0_SE,0.11935,1.417726,chosen_action,,0.0,0.160673,0.235546,0.05514,0.2114,0.0,1.417726,pressured,concentrated_inbound,16,Q0_SE,3,3,112,39.0,2.8718,5.432
test,with_mine,mine best intruder 1200,best,130,0,expander,established,friendly,Q2_NW,0.326965,2.027502,chosen_action,,0.0,0.0,0.0,0.193113,0.4178,0.0,2.027502,pressured,concentrated_inbound,16,Q0_SE,3,3,112,39.0,2.8718,5.432
test,with_mine,mine best intruder 1200,intruder,130,1,expander,attack,enemy,Q2_NW,1.0,4.381837,chosen_action,,0.0,0.0,0.0,0.752744,0.426111,0.0,4.381837,overtake_window,overtake_window,,,0,0,0,0.0,0.0,0.0
test,with_mine,mine best intruder 1200,intruder,130,1,attacker,attack,friendly,Q2_NW,1.0,2.528173,chosen_action,,0.0,0.0,0.0,0.394531,0.430591,0.0,2.528173,cash_in,cash_in,,,0,0,0,0.0,0.0,0.0
test,with_mine,mine best intruder 1200,best,140,0,expander,attack,enemy,Q2_NW,0.576343,4.376843,chosen_action,,0.0,0.18,0.09863,0.742176,0.4412,0.0,4.376843,overtake_window,overtake_window,,,0,0,0,0.0,0.0,0.0
test,with_mine,mine best intruder 1200,intruder,140,1,expander,attack,friendly,Q3_NE,0.213957,1.569147,chosen_action,,0.0,0.18,0.4,0.096475,0.25008,0.0,1.569147,pressured,concentrated_inbound,12,Q0_SE,2,2,59,82.0,0.7195,1.144
test,with_mine,mine best intruder 1200,intruder,140,1,expander,attack,friendly,Q2_NW,0.9882,2.016024,chosen_action,,0.0,0.023468,0.0,0.190693,0.4136,0.0,2.016024,pressured,concentrated_inbound,12,Q0_SE,2,2,59,82.0,0.7195,1.144
test,with_mine,mine best intruder 1200,best,150,0,anchor,attack,enemy,Q3_NE,0.505885,4.886422,chosen_action,,0.0,0.18,0.258404,0.864526,0.601156,0.0,4.886422,overtake_window,overtake_window,,,0,0,0,0.0,0.0,0.0
test,with_mine,mine best intruder 1200,best,150,0,expander,attack,friendly,Q1_SW,0.280631,1.836389,chosen_action,,0.0,0.11923,0.015088,0.20121,0.26184,0.0,1.836389,neutral,neutral,,,0,0,0,0.0,0.0,0.0
test,with_mine,mine best intruder 1200,intruder,150,1,expander,attack,enemy,Q0_SE,0.746132,2.442303,chosen_action,,0.0,0.131913,0.310212,0.202522,0.263889,0.0,2.442303,chasing_leader,leader_target,,,0,0,0,0.0,0.0,0.0
test,with_mine,mine best intruder 1200,best,160,0,expander,attack,enemy,Q0_SE,0.428648,3.63916,chosen_action,,0.0,0.147241,0.4,0.522941,0.28452,0.0,3.63916,chasing_leader,leader_target,,,0,0,0,0.0,0.0,0.0
test,with_mine,mine best intruder 1200,best,160,0,expander,attack,enemy,Q3_NE,0.505131,4.943868,chosen_action,,0.0,0.18,0.4,0.869224,0.635356,0.0,4.943868,overtake_window,overtake_window,,,0,0,0,0.0,0.0,0.0
test,with_mine,mine best intruder 1200,intruder,160,1,expander,established,friendly,Q0_SE,1.0,2.083233,chosen_action,,0.0,0.0,0.0,0.203184,0.441178,0.0,2.083233,cash_in,cash_in,,,0,0,0,0.0,0.0,0.0
test,with_mine,mine best intruder 1200,best,170,0,expander,attack,enemy,Q3_NE,0.473355,4.697151,chosen_action,,0.0,0.18,0.4,0.813275,0.552067,0.0,4.697151,overtake_window,overtake_window,,,0,0,0,0.0,0.0,0.0
test,with_mine,mine best intruder 1200,intruder,170,1,expander,attack,friendly,Q2_NW,0.511337,1.550782,chosen_action,,0.0,0.155079,0.12517,0.092603,0.24336,0.0,1.550782,neutral,neutral,,,0,0,0,0.0,0.0,0.0
test,with_mine,mine best intruder 1200,intruder,170,1,feeder,attack,enemy,Q0_SE,0.638197,2.895814,chosen_action,,0.0,0.18,0.008596,0.299083,0.42816,0.0,2.895814,cash_in,cash_in,,,0,0,0,0.0,0.0,0.0
test,with_mine,mine best intruder 1200,intruder,170,1,anchor,attack,friendly,Q3_NE,1.0,2.104022,chosen_action,,0.0,0.0,0.0,0.209247,0.4458,0.0,2.104022,cash_in,cash_in,,,0,0,0,0.0,0.0,0.0
test,with_mine,mine best intruder 1200,best,180,0,expander,attack,enemy,Q1_SW,0.578809,4.217401,chosen_action,,0.0,0.163836,0.0,0.703867,0.3912,0.0,4.217401,pressured,concentrated_inbound,23,Q2_NW,2,2,86,58.0,1.4828,2.078
test,with_mine,mine best intruder 1200,best,190,0,attacker,attack,enemy,Q0_SE,0.632785,4.382367,chosen_action,,0.0,0.0,0.0,0.743203,0.443467,0.0,4.382367,overtake_window,overtake_window,,,0,0,0,0.0,0.0,0.0
test,with_mine,mine best intruder 1200,best,190,0,expander,attack,friendly,Q1_SW,0.36992,2.465728,chosen_action,,0.0,0.025562,0.064105,0.378857,0.4122,0.0,2.465728,cash_in,cash_in,,,0,0,0,0.0,0.0,0.0
test,with_mine,mine best intruder 1200,intruder,190,1,expander,established,neutral,Q1_SW,0.059606,1.456394,chosen_action,,0.95,0.18,0.107861,0.062327,0.227267,0.0,1.456394,neutral,neutral,,,0,0,0,0.0,0.0,0.0
test,with_mine,mine best intruder 1200,intruder,190,1,expander,established,friendly,Q3_NE,0.998405,1.762139,chosen_action,,0.0,0.0,0.1,0.160688,0.27888,0.0,1.762139,neutral,neutral,,,0,0,0,0.0,0.0,0.0
test,with_mine,mine best intruder 1200,intruder,200,1,expander,established,friendly,Q1_SW,0.845997,1.585216,chosen_action,,0.0,0.116783,0.113252,0.099863,0.25596,0.0,1.585216,neutral,neutral,,,0,0,0,0.0,0.0,0.0
test,with_mine,mine best intruder 1200,intruder,210,1,expander,established,friendly,Q1_SW,0.891033,1.142327,chosen_action,,0.0,0.0,0.127344,0.030008,0.05208,0.0,1.142327,neutral,neutral,,,0,0,0,0.0,0.0,0.0
test,with_mine,mine best intruder 1039,1039,0,0,expander,initiation,neutral,Q3_NE,0.138787,1.419149,chosen_action,,0.0,0.18,0.4,0.055003,0.212698,0.0,1.419149,neutral,neutral,,,0,0,0,0.0,0.0,0.0
test,with_mine,mine best intruder 1039,best,20,0,anchor,expansion,neutral,Q0_SE,0.196879,2.023907,chosen_action,,0.0,0.18,0.129003,0.158708,0.25408,0.333333,2.023907,neutral,neutral,,,0,0,0,0.0,0.0,0.0
test,with_mine,mine best intruder 1039,intruder,20,1,expander,expansion,neutral,Q0_SE,0.808971,1.542519,chosen_action,,0.0,0.18,0.081806,0.077932,0.26332,0.0,1.542519,neutral,neutral,,,0,0,0,0.0,0.0,0.0
test,with_mine,mine best intruder 1039,mine,30,0,anchor,expansion,enemy,Q3_NE,0.360673,3.323533,chosen_action,,0.0,0.18,0.140288,0.353685,0.1294,0.333333,3.323533,pressured,concentrated_inbound,32,Q0_SE,2,3,57,25.0,2.28,5.682
test,with_mine,mine best intruder 1039,best,30,0,expander,expansion,neutral,Q2_NW,0.187698,1.552998,chosen_action,,0.0,0.18,0.23999,0.101848,0.228564,0.0,1.552998,neutral,neutral,,,0,0,0,0.0,0.0,0.0
test,with_mine,mine best intruder 1039,best,30,0,anchor,expansion,enemy,Q0_SE,0.328523,3.032531,chosen_action,,0.0,0.18,0.14032,0.354169,0.135204,0.0,3.032531,chasing_leader,leader_target,,,0,0,0,0.0,0.0,0.0
test,with_mine,mine best intruder 1039,intruder,30,1,expander,expansion,enemy,Q0_SE,0.959632,2.077648,chosen_action,,0.0,0.18,0.0,0.20272,0.437867,0.0,2.077648,cash_in,cash_in,,,0,0,0,0.0,0.0,0.0
test,with_mine,mine best intruder 1039,1039,30,0,anchor,expansion,neutral,Q0_SE,0.164866,2.007064,chosen_action,,0.0,0.18,0.12841,0.18635,0.414684,0.0,2.007064,cash_in,cash_in,,,0,0,0,0.0,0.0,0.0
test,with_mine,mine best intruder 1039,1039,40,0,anchor,attack,enemy,Q0_SE,0.311824,3.484309,chosen_action,,0.95,0.18,0.040099,0.470862,0.484622,0.333333,3.484309,cash_in,cash_in,,,0,0,0,0.0,0.0,0.0
test,with_mine,mine best intruder 1039,best,50,0,expander,expansion,neutral,Q3_NE,0.135202,2.04297,chosen_action,,0.95,0.18,0.148254,0.193023,0.429418,0.0,2.04297,cash_in,cash_in,,,0,0,0,0.0,0.0,0.0
test,with_mine,mine best intruder 1039,best,60,0,anchor,expansion,neutral,Q0_SE,0.137835,1.592753,chosen_action,,0.0,0.18,0.175103,0.108898,0.24548,0.0,1.592753,neutral,neutral,,,0,0,0,0.0,0.0,0.0
test,with_mine,mine best intruder 1039,best,60,0,expander,expansion,neutral,Q1_SW,0.264417,1.496837,chosen_action,,0.0,0.0,0.0,0.09141,0.20552,0.0,1.496837,neutral,neutral,,,0,0,0,0.0,0.0,0.0
test,with_mine,mine best intruder 1039,intruder,60,1,expander,expansion,neutral,Q3_NE,0.47489,1.420022,chosen_action,,0.0,0.18,0.4,0.055624,0.21224,0.0,1.420022,neutral,neutral,,,0,0,0,0.0,0.0,0.0
test,with_mine,mine best intruder 1039,mine,70,0,attacker,attack,neutral,Q3_NE,0.228341,2.019953,chosen_action,,0.0,0.18,0.339391,0.188745,0.419973,0.0,2.019953,cash_in,cash_in,,,0,0,0,0.0,0.0,0.0
test,with_mine,mine best intruder 1039,best,70,0,expander,expansion,neutral,Q0_SE,0.242738,2.047594,chosen_action,,0.0,0.18,0.284074,0.206313,0.409218,0.0,2.047594,cash_in,cash_in,,,0,0,0,0.0,0.0,0.0
test,with_mine,mine best intruder 1039,best,70,0,expander,expansion,neutral,Q0_SE,0.214177,1.506538,chosen_action,,0.0,0.18,0.077961,0.088467,0.217938,0.0,1.506538,neutral,neutral,,,0,0,0,0.0,0.0,0.0
test,with_mine,mine best intruder 1039,best,70,0,expander,expansion,neutral,Q2_NW,0.25668,1.79538,chosen_action,,0.0,0.18,0.052399,0.144523,0.33224,0.0,1.79538,neutral,neutral,,,0,0,0,0.0,0.0,0.0
test,with_mine,mine best intruder 1039,best,90,0,anchor,attack,enemy,Q0_SE,0.41099,3.328095,chosen_action,,0.0,0.14892,0.005354,0.461735,0.162911,0.0,3.328095,chasing_leader,leader_target,,,0,0,0,0.0,0.0,0.0
test,with_mine,mine best intruder 1039,best,90,0,expander,attack,enemy,Q0_SE,0.455639,3.328095,chosen_action,,0.0,0.18,0.031028,0.461735,0.162911,0.0,3.328095,chasing_leader,leader_target,,,0,0,0,0.0,0.0,0.0
test,with_mine,mine best intruder 1039,best,100,0,anchor,attack,neutral,Q3_NE,0.181056,1.850373,chosen_action,,0.0,0.18,0.045923,0.157117,0.350587,0.0,1.850373,cash_in,cash_in,,,0,0,0,0.0,0.0,0.0
test,with_mine,mine best intruder 1039,best,100,0,expander,attack,neutral,Q3_NE,0.307946,2.213293,chosen_action,,0.0,0.18,0.066666,0.224679,0.499307,0.0,2.213293,cash_in,cash_in,,,0,0,0,0.0,0.0,0.0
test,with_mine,mine best intruder 1039,best,100,0,expander,attack,enemy,Q3_NE,0.316826,3.470967,chosen_action,,0.95,0.18,0.162376,0.465153,0.262667,0.0,3.470967,chasing_leader,leader_target,,,0,0,0,0.0,0.0,0.0
test,with_mine,mine best intruder 1039,intruder,100,1,expander,established,neutral,Q0_SE,0.83608,1.777974,chosen_action,,0.0,0.18,0.085498,0.107571,0.38504,0.0,1.777974,pressured,concentrated_inbound,19,Q0_SE,2,2,41,53.0,0.7736,4.112
test,with_mine,mine best intruder 1039,best,110,0,expander,attack,neutral,Q3_NE,0.112508,1.867866,chosen_action,,0.95,0.18,0.081853,0.160368,0.357764,0.0,1.867866,cash_in,cash_in,,,0,0,0,0.0,0.0,0.0
test,with_mine,mine best intruder 1039,best,110,0,anchor,attack,enemy,Q1_SW,0.32481,3.540868,chosen_action,,0.95,0.18,0.119465,0.531936,0.19572,0.0,3.540868,chasing_leader,leader_target,,,0,0,0,0.0,0.0,0.0
test,with_mine,mine best intruder 1039,intruder,110,1,expander,attack,enemy,Q1_SW,0.774804,2.341852,chosen_action,,0.0,0.0,0.4,0.205488,0.184209,0.0,2.341852,chasing_leader,leader_target,,,0,0,0,0.0,0.0,0.0
test,with_mine,mine best intruder 1039,intruder,110,1,expander,attack,enemy,Q1_SW,0.796583,1.995217,chosen_action,,0.0,0.125454,0.20801,0.132404,0.057369,0.0,1.995217,chasing_leader,leader_target,,,0,0,0,0.0,0.0,0.0
