game_index,category,split,seed,lineup,rewards,statuses,winners
2,without_mine,train,20260618,best smith,"[1.0, -1.0]","[""DONE"", ""DONE""]","[""best""]"
3,without_mine,train,20260619,intruder smith,"[1.0, -1.0]","[""DONE"", ""DONE""]","[""intruder""]"
1,without_mine,train,20260617,best intruder,"[1.0, -1.0]","[""DONE"", ""DONE""]","[""best""]"
5,without_mine,train,20260621,intruder 1200,"[1.0, -1.0]","[""DONE"", ""DONE""]","[""intruder""]"
4,without_mine,train,20260620,best 1200,"[1.0, -1.0]","[""DONE"", ""DONE""]","[""best""]"
6,without_mine,train,20260622,best 1039,"[1.0, -1.0]","[""DONE"", ""DONE""]","[""best""]"
7,without_mine,train,20260623,intruder 1039,"[1.0, -1.0]","[""DONE"", ""DONE""]","[""intruder""]"
8,without_mine,train,20260624,best intruder smith 1200,"[-1.0, 1.0, -1.0, -1.0]","[""DONE"", ""DONE"", ""DONE"", ""DONE""]","[""intruder""]"
12,without_mine,train,20260628,best smith,"[1.0, -1.0]","[""DONE"", ""DONE""]","[""best""]"
9,without_mine,train,20260625,best intruder smith 1039,"[-1.0, 1.0, -1.0, -1.0]","[""DONE"", ""DONE"", ""DONE"", ""DONE""]","[""intruder""]"
13,without_mine,train,20260629,intruder smith,"[1.0, -1.0]","[""DONE"", ""DONE""]","[""intruder""]"
10,without_mine,train,20260626,best intruder 1200 1039,"[1.0, -1.0, -1.0, -1.0]","[""DONE"", ""DONE"", ""DONE"", ""DONE""]","[""best""]"
11,without_mine,train,20260627,best intruder,"[-1.0, 1.0]","[""DONE"", ""DONE""]","[""intruder""]"
15,without_mine,train,20260631,intruder 1200,"[1.0, -1.0]","[""DONE"", ""DONE""]","[""intruder""]"
14,without_mine,train,20260630,best 1200,"[1.0, -1.0]","[""DONE"", ""DONE""]","[""best""]"
17,without_mine,train,20260633,intruder 1039,"[1.0, -1.0]","[""DONE"", ""DONE""]","[""intruder""]"
16,without_mine,train,20260632,best 1039,"[1.0, -1.0]","[""DONE"", ""DONE""]","[""best""]"
19,without_mine,train,20260635,best intruder smith 1039,"[1.0, -1.0, -1.0, -1.0]","[""DONE"", ""DONE"", ""DONE"", ""DONE""]","[""best""]"
22,without_mine,train,20260638,best smith,"[1.0, -1.0]","[""DONE"", ""DONE""]","[""best""]"
20,without_mine,train,20260636,best intruder 1200 1039,"[1.0, -1.0, -1.0, -1.0]","[""DONE"", ""DONE"", ""DONE"", ""DONE""]","[""best""]"
21,without_mine,train,20260637,best intruder,"[-1.0, 1.0]","[""DONE"", ""DONE""]","[""intruder""]"
23,without_mine,train,20260639,intruder smith,"[1.0, -1.0]","[""DONE"", ""DONE""]","[""intruder""]"
18,without_mine,train,20260634,best intruder smith 1200,"[-1.0, 1.0, -1.0, -1.0]","[""DONE"", ""DONE"", ""DONE"", ""DONE""]","[""intruder""]"
27,without_mine,train,20260643,intruder 1039,"[1.0, -1.0]","[""DONE"", ""DONE""]","[""intruder""]"
24,without_mine,train,20260640,best 1200,"[1.0, -1.0]","[""DONE"", ""DONE""]","[""best""]"
25,without_mine,train,20260641,intruder 1200,"[1.0, -1.0]","[""DONE"", ""DONE""]","[""intruder""]"
30,without_mine,train,20260646,best intruder 1200 1039,"[-1.0, 1.0, -1.0, -1.0]","[""DONE"", ""DONE"", ""DONE"", ""DONE""]","[""intruder""]"
28,without_mine,train,20260644,best intruder smith 1200,"[-1.0, 1.0, -1.0, -1.0]","[""DONE"", ""DONE"", ""DONE"", ""DONE""]","[""intruder""]"
26,without_mine,train,20260642,best 1039,"[1.0, -1.0]","[""DONE"", ""DONE""]","[""best""]"
32,without_mine,train,20260648,best smith,"[1.0, -1.0]","[""DONE"", ""DONE""]","[""best""]"
33,without_mine,train,20260649,intruder smith,"[1.0, -1.0]","[""DONE"", ""DONE""]","[""intruder""]"
31,without_mine,train,20260647,best intruder,"[-1.0, 1.0]","[""DONE"", ""DONE""]","[""intruder""]"
34,without_mine,train,20260650,best 1200,"[1.0, -1.0]","[""DONE"", ""DONE""]","[""best""]"
35,without_mine,train,20260651,intruder 1200,"[1.0, -1.0]","[""DONE"", ""DONE""]","[""intruder""]"
36,without_mine,train,20260652,best 1039,"[1.0, -1.0]","[""DONE"", ""DONE""]","[""best""]"
37,without_mine,train,20260653,intruder 1039,"[1.0, -1.0]","[""DONE"", ""DONE""]","[""intruder""]"
29,without_mine,train,20260645,best intruder smith 1039,"[-1.0, -1.0, -1.0, 1.0]","[""DONE"", ""DONE"", ""DONE"", ""DONE""]","[""1039""]"
38,without_mine,train,20260654,best intruder smith 1200,"[-1.0, 1.0, -1.0, -1.0]","[""DONE"", ""DONE"", ""DONE"", ""DONE""]","[""intruder""]"
41,without_mine,train,20260657,best intruder,"[-1.0, 1.0]","[""DONE"", ""DONE""]","[""intruder""]"
42,without_mine,train,20260658,best smith,"[1.0, -1.0]","[""DONE"", ""DONE""]","[""best""]"
40,without_mine,train,20260656,best intruder 1200 1039,"[1.0, -1.0, -1.0, -1.0]","[""DONE"", ""DONE"", ""DONE"", ""DONE""]","[""best""]"
43,without_mine,train,20260659,intruder smith,"[1.0, -1.0]","[""DONE"", ""DONE""]","[""intruder""]"
39,without_mine,train,20260655,best intruder smith 1039,"[1.0, -1.0, -1.0, -1.0]","[""DONE"", ""DONE"", ""DONE"", ""DONE""]","[""best""]"
44,without_mine,train,20260660,best 1200,"[1.0, -1.0]","[""DONE"", ""DONE""]","[""best""]"
47,without_mine,train,20260663,intruder 1039,"[1.0, -1.0]","[""DONE"", ""DONE""]","[""intruder""]"
45,without_mine,train,20260661,intruder 1200,"[1.0, -1.0]","[""DONE"", ""DONE""]","[""intruder""]"
46,without_mine,train,20260662,best 1039,"[1.0, -1.0]","[""DONE"", ""DONE""]","[""best""]"
51,without_mine,train,20260667,best intruder,"[1.0, -1.0]","[""DONE"", ""DONE""]","[""best""]"
50,without_mine,train,20260666,best intruder 1200 1039,"[-1.0, 1.0, -1.0, -1.0]","[""DONE"", ""DONE"", ""DONE"", ""DONE""]","[""intruder""]"
49,without_mine,train,20260665,best intruder smith 1039,"[-1.0, 1.0, -1.0, -1.0]","[""DONE"", ""DONE"", ""DONE"", ""DONE""]","[""intruder""]"
52,without_mine,train,20260668,best smith,"[1.0, -1.0]","[""DONE"", ""DONE""]","[""best""]"
53,without_mine,train,20260669,intruder smith,"[1.0, -1.0]","[""DONE"", ""DONE""]","[""intruder""]"
56,without_mine,train,20260672,best 1039,"[1.0, -1.0]","[""DONE"", ""DONE""]","[""best""]"
55,without_mine,train,20260671,intruder 1200,"[1.0, -1.0]","[""DONE"", ""DONE""]","[""intruder""]"
48,without_mine,train,20260664,best intruder smith 1200,"[-1.0, -1.0, -1.0, 1.0]","[""DONE"", ""DONE"", ""DONE"", ""DONE""]","[""1200""]"
57,without_mine,train,20260673,intruder 1039,"[1.0, -1.0]","[""DONE"", ""DONE""]","[""intruder""]"
54,without_mine,train,20260670,best 1200,"[1.0, -1.0]","[""DONE"", ""DONE""]","[""best""]"
60,without_mine,train,20260676,best intruder 1200 1039,"[1.0, -1.0, -1.0, -1.0]","[""DONE"", ""DONE"", ""DONE"", ""DONE""]","[""best""]"
59,without_mine,train,20260675,best intruder smith 1039,"[1.0, -1.0, -1.0, -1.0]","[""DONE"", ""DONE"", ""DONE"", ""DONE""]","[""best""]"
61,without_mine,train,20260677,best intruder,"[1.0, -1.0]","[""DONE"", ""DONE""]","[""best""]"
58,without_mine,train,20260674,best intruder smith 1200,"[-1.0, 1.0, -1.0, -1.0]","[""DONE"", ""DONE"", ""DONE"", ""DONE""]","[""intruder""]"
62,without_mine,train,20260678,best smith,"[1.0, -1.0]","[""DONE"", ""DONE""]","[""best""]"
63,without_mine,train,20260679,intruder smith,"[1.0, -1.0]","[""DONE"", ""DONE""]","[""intruder""]"
67,without_mine,train,20260683,intruder 1039,"[1.0, -1.0]","[""DONE"", ""DONE""]","[""intruder""]"
66,without_mine,train,20260682,best 1039,"[1.0, -1.0]","[""DONE"", ""DONE""]","[""best""]"
64,without_mine,train,20260680,best 1200,"[1.0, -1.0]","[""DONE"", ""DONE""]","[""best""]"
65,without_mine,train,20260681,intruder 1200,"[1.0, -1.0]","[""DONE"", ""DONE""]","[""intruder""]"
69,without_mine,train,20260685,best intruder smith 1039,"[-1.0, 1.0, -1.0, -1.0]","[""DONE"", ""DONE"", ""DONE"", ""DONE""]","[""intruder""]"
72,without_mine,train,20260688,best smith,"[1.0, -1.0]","[""DONE"", ""DONE""]","[""best""]"
68,without_mine,train,20260684,best intruder smith 1200,"[-1.0, 1.0, -1.0, -1.0]","[""DONE"", ""DONE"", ""DONE"", ""DONE""]","[""intruder""]"
73,without_mine,train,20260689,intruder smith,"[1.0, -1.0]","[""DONE"", ""DONE""]","[""intruder""]"
71,without_mine,train,20260687,best intruder,"[-1.0, 1.0]","[""DONE"", ""DONE""]","[""intruder""]"
70,without_mine,train,20260686,best intruder 1200 1039,"[-1.0, 1.0, -1.0, -1.0]","[""DONE"", ""DONE"", ""DONE"", ""DONE""]","[""intruder""]"
76,without_mine,train,20260692,best 1039,"[1.0, -1.0]","[""DONE"", ""DONE""]","[""best""]"
75,without_mine,train,20260691,intruder 1200,"[1.0, -1.0]","[""DONE"", ""DONE""]","[""intruder""]"
74,without_mine,train,20260690,best 1200,"[1.0, -1.0]","[""DONE"", ""DONE""]","[""best""]"
79,without_mine,train,20260695,best intruder smith 1039,"[-1.0, 1.0, -1.0, -1.0]","[""DONE"", ""DONE"", ""DONE"", ""DONE""]","[""intruder""]"
77,without_mine,train,20260693,intruder 1039,"[1.0, -1.0]","[""DONE"", ""DONE""]","[""intruder""]"
78,without_mine,train,20260694,best intruder smith 1200,"[-1.0, 1.0, -1.0, -1.0]","[""DONE"", ""DONE"", ""DONE"", ""DONE""]","[""intruder""]"
81,without_mine,train,20260697,best intruder,"[-1.0, 1.0]","[""DONE"", ""DONE""]","[""intruder""]"
82,without_mine,train,20260698,best smith,"[1.0, -1.0]","[""DONE"", ""DONE""]","[""best""]"
83,without_mine,train,20260699,intruder smith,"[1.0, -1.0]","[""DONE"", ""DONE""]","[""intruder""]"
84,without_mine,train,20260700,best 1200,"[1.0, -1.0]","[""DONE"", ""DONE""]","[""best""]"
85,without_mine,train,20260701,intruder 1200,"[1.0, -1.0]","[""DONE"", ""DONE""]","[""intruder""]"
86,without_mine,train,20260702,best 1039,"[1.0, -1.0]","[""DONE"", ""DONE""]","[""best""]"
87,without_mine,train,20260703,intruder 1039,"[1.0, -1.0]","[""DONE"", ""DONE""]","[""intruder""]"
88,without_mine,train,20260704,best intruder smith 1200,"[-1.0, 1.0, -1.0, -1.0]","[""DONE"", ""DONE"", ""DONE"", ""DONE""]","[""intruder""]"
80,without_mine,train,20260696,best intruder 1200 1039,"[-1.0, -1.0, -1.0, 1.0]","[""DONE"", ""DONE"", ""DONE"", ""DONE""]","[""1039""]"
89,without_mine,train,20260705,best intruder smith 1039,"[-1.0, 1.0, -1.0, -1.0]","[""DONE"", ""DONE"", ""DONE"", ""DONE""]","[""intruder""]"
93,without_mine,train,20260709,intruder smith,"[1.0, -1.0]","[""DONE"", ""DONE""]","[""intruder""]"
90,without_mine,train,20260706,best intruder 1200 1039,"[1.0, -1.0, -1.0, -1.0]","[""DONE"", ""DONE"", ""DONE"", ""DONE""]","[""best""]"
92,without_mine,train,20260708,best smith,"[1.0, -1.0]","[""DONE"", ""DONE""]","[""best""]"
95,without_mine,train,20260711,intruder 1200,"[1.0, -1.0]","[""DONE"", ""DONE""]","[""intruder""]"
96,without_mine,train,20260712,best 1039,"[1.0, -1.0]","[""DONE"", ""DONE""]","[""best""]"
94,without_mine,train,20260710,best 1200,"[1.0, -1.0]","[""DONE"", ""DONE""]","[""best""]"
97,without_mine,train,20260713,intruder 1039,"[1.0, -1.0]","[""DONE"", ""DONE""]","[""intruder""]"
99,without_mine,train,20260715,best intruder smith 1039,"[-1.0, 1.0, -1.0, -1.0]","[""DONE"", ""DONE"", ""DONE"", ""DONE""]","[""intruder""]"
98,without_mine,train,20260714,best intruder smith 1200,"[-1.0, 1.0, -1.0, -1.0]","[""DONE"", ""DONE"", ""DONE"", ""DONE""]","[""intruder""]"
102,without_mine,train,20260718,best smith,"[1.0, -1.0]","[""DONE"", ""DONE""]","[""best""]"
91,without_mine,train,20260707,best intruder,"[1.0, -1.0]","[""DONE"", ""DONE""]","[""best""]"
103,without_mine,train,20260719,intruder smith,"[1.0, -1.0]","[""DONE"", ""DONE""]","[""intruder""]"
101,without_mine,train,20260717,best intruder,"[-1.0, 1.0]","[""DONE"", ""DONE""]","[""intruder""]"
106,without_mine,train,20260722,best 1039,"[1.0, -1.0]","[""DONE"", ""DONE""]","[""best""]"
104,without_mine,train,20260720,best 1200,"[1.0, -1.0]","[""DONE"", ""DONE""]","[""best""]"
107,without_mine,train,20260723,intruder 1039,"[1.0, -1.0]","[""DONE"", ""DONE""]","[""intruder""]"
105,without_mine,train,20260721,intruder 1200,"[1.0, -1.0]","[""DONE"", ""DONE""]","[""intruder""]"
109,without_mine,train,20260725,best intruder smith 1039,"[-1.0, 1.0, -1.0, -1.0]","[""DONE"", ""DONE"", ""DONE"", ""DONE""]","[""intruder""]"
100,without_mine,train,20260716,best intruder 1200 1039,"[-1.0, -1.0, -1.0, 1.0]","[""DONE"", ""DONE"", ""DONE"", ""DONE""]","[""1039""]"
112,without_mine,train,20260728,best smith,"[1.0, -1.0]","[""DONE"", ""DONE""]","[""best""]"
111,without_mine,train,20260727,best intruder,"[1.0, -1.0]","[""DONE"", ""DONE""]","[""best""]"
113,without_mine,train,20260729,intruder smith,"[1.0, -1.0]","[""DONE"", ""DONE""]","[""intruder""]"
110,without_mine,train,20260726,best intruder 1200 1039,"[1.0, -1.0, -1.0, -1.0]","[""DONE"", ""DONE"", ""DONE"", ""DONE""]","[""best""]"
108,without_mine,train,20260724,best intruder smith 1200,"[-1.0, 1.0, -1.0, -1.0]","[""DONE"", ""DONE"", ""DONE"", ""DONE""]","[""intruder""]"
114,without_mine,train,20260730,best 1200,"[1.0, -1.0]","[""DONE"", ""DONE""]","[""best""]"
115,without_mine,train,20260731,intruder 1200,"[1.0, -1.0]","[""DONE"", ""DONE""]","[""intruder""]"
117,without_mine,train,20260733,intruder 1039,"[1.0, -1.0]","[""DONE"", ""DONE""]","[""intruder""]"
116,without_mine,train,20260732,best 1039,"[1.0, -1.0]","[""DONE"", ""DONE""]","[""best""]"
118,without_mine,train,20260734,best intruder smith 1200,"[-1.0, 1.0, -1.0, -1.0]","[""DONE"", ""DONE"", ""DONE"", ""DONE""]","[""intruder""]"
119,without_mine,train,20260735,best intruder smith 1039,"[-1.0, 1.0, -1.0, -1.0]","[""DONE"", ""DONE"", ""DONE"", ""DONE""]","[""intruder""]"
121,without_mine,train,20260737,best intruder,"[-1.0, 1.0]","[""DONE"", ""DONE""]","[""intruder""]"
122,without_mine,train,20260738,best smith,"[1.0, -1.0]","[""DONE"", ""DONE""]","[""best""]"
120,without_mine,train,20260736,best intruder 1200 1039,"[1.0, -1.0, -1.0, -1.0]","[""DONE"", ""DONE"", ""DONE"", ""DONE""]","[""best""]"
123,without_mine,train,20260739,intruder smith,"[1.0, -1.0]","[""DONE"", ""DONE""]","[""intruder""]"
126,without_mine,train,20260742,best 1039,"[1.0, -1.0]","[""DONE"", ""DONE""]","[""best""]"
127,without_mine,train,20260743,intruder 1039,"[1.0, -1.0]","[""DONE"", ""DONE""]","[""intruder""]"
125,without_mine,train,20260741,intruder 1200,"[1.0, -1.0]","[""DONE"", ""DONE""]","[""intruder""]"
124,without_mine,train,20260740,best 1200,"[1.0, -1.0]","[""DONE"", ""DONE""]","[""best""]"
129,without_mine,train,20260745,best intruder smith 1039,"[-1.0, 1.0, -1.0, -1.0]","[""DONE"", ""DONE"", ""DONE"", ""DONE""]","[""intruder""]"
132,without_mine,train,20260748,best smith,"[1.0, -1.0]","[""DONE"", ""DONE""]","[""best""]"
131,without_mine,train,20260747,best intruder,"[1.0, -1.0]","[""DONE"", ""DONE""]","[""best""]"
133,without_mine,train,20260749,intruder smith,"[1.0, -1.0]","[""DONE"", ""DONE""]","[""intruder""]"
130,without_mine,train,20260746,best intruder 1200 1039,"[-1.0, 1.0, -1.0, -1.0]","[""DONE"", ""DONE"", ""DONE"", ""DONE""]","[""intruder""]"
128,without_mine,train,20260744,best intruder smith 1200,"[-1.0, -1.0, 1.0, -1.0]","[""DONE"", ""DONE"", ""DONE"", ""DONE""]","[""smith""]"
136,without_mine,train,20260752,best 1039,"[1.0, -1.0]","[""DONE"", ""DONE""]","[""best""]"
134,without_mine,train,20260750,best 1200,"[1.0, -1.0]","[""DONE"", ""DONE""]","[""best""]"
137,without_mine,train,20260753,intruder 1039,"[1.0, -1.0]","[""DONE"", ""DONE""]","[""intruder""]"
135,without_mine,train,20260751,intruder 1200,"[1.0, -1.0]","[""DONE"", ""DONE""]","[""intruder""]"
138,without_mine,train,20260754,best intruder smith 1200,"[-1.0, 1.0, -1.0, -1.0]","[""DONE"", ""DONE"", ""DONE"", ""DONE""]","[""intruder""]"
139,without_mine,train,20260755,best intruder smith 1039,"[-1.0, 1.0, -1.0, -1.0]","[""DONE"", ""DONE"", ""DONE"", ""DONE""]","[""intruder""]"
142,without_mine,train,20260758,best smith,"[1.0, -1.0]","[""DONE"", ""DONE""]","[""best""]"
143,without_mine,train,20260759,intruder smith,"[1.0, -1.0]","[""DONE"", ""DONE""]","[""intruder""]"
140,without_mine,train,20260756,best intruder 1200 1039,"[1.0, -1.0, -1.0, -1.0]","[""DONE"", ""DONE"", ""DONE"", ""DONE""]","[""best""]"
141,without_mine,train,20260757,best intruder,"[-1.0, 1.0]","[""DONE"", ""DONE""]","[""intruder""]"
144,without_mine,train,20260760,best 1200,"[1.0, -1.0]","[""DONE"", ""DONE""]","[""best""]"
146,without_mine,train,20260762,best 1039,"[1.0, -1.0]","[""DONE"", ""DONE""]","[""best""]"
147,without_mine,train,20260763,intruder 1039,"[1.0, -1.0]","[""DONE"", ""DONE""]","[""intruder""]"
145,without_mine,train,20260761,intruder 1200,"[1.0, -1.0]","[""DONE"", ""DONE""]","[""intruder""]"
151,without_mine,train,20260767,best intruder,"[1.0, -1.0]","[""DONE"", ""DONE""]","[""best""]"
149,without_mine,train,20260765,best intruder smith 1039,"[-1.0, -1.0, 1.0, -1.0]","[""DONE"", ""DONE"", ""DONE"", ""DONE""]","[""smith""]"
152,without_mine,train,20260768,best smith,"[1.0, -1.0]","[""DONE"", ""DONE""]","[""best""]"
148,without_mine,train,20260764,best intruder smith 1200,"[1.0, -1.0, -1.0, -1.0]","[""DONE"", ""DONE"", ""DONE"", ""DONE""]","[""best""]"
153,without_mine,train,20260769,intruder smith,"[-1.0, 1.0]","[""DONE"", ""DONE""]","[""smith""]"
154,without_mine,train,20260770,best 1200,"[1.0, -1.0]","[""DONE"", ""DONE""]","[""best""]"
156,without_mine,train,20260772,best 1039,"[1.0, -1.0]","[""DONE"", ""DONE""]","[""best""]"
150,without_mine,train,20260766,best intruder 1200 1039,"[-1.0, -1.0, -1.0, 1.0]","[""DONE"", ""DONE"", ""DONE"", ""DONE""]","[""1039""]"
155,without_mine,train,20260771,intruder 1200,"[1.0, -1.0]","[""DONE"", ""DONE""]","[""intruder""]"
157,without_mine,train,20260773,intruder 1039,"[1.0, -1.0]","[""DONE"", ""DONE""]","[""intruder""]"
159,without_mine,train,20260775,best intruder smith 1039,"[-1.0, 1.0, -1.0, -1.0]","[""DONE"", ""DONE"", ""DONE"", ""DONE""]","[""intruder""]"
161,without_mine,train,20260777,best intruder,"[-1.0, 1.0]","[""DONE"", ""DONE""]","[""intruder""]"
162,without_mine,train,20260778,best smith,"[1.0, -1.0]","[""DONE"", ""DONE""]","[""best""]"
158,without_mine,train,20260774,best intruder smith 1200,"[-1.0, 1.0, -1.0, -1.0]","[""DONE"", ""DONE"", ""DONE"", ""DONE""]","[""intruder""]"
163,without_mine,train,20260779,intruder smith,"[1.0, -1.0]","[""DONE"", ""DONE""]","[""intruder""]"
165,without_mine,train,20260781,intruder 1200,"[1.0, -1.0]","[""DONE"", ""DONE""]","[""intruder""]"
164,without_mine,train,20260780,best 1200,"[1.0, -1.0]","[""DONE"", ""DONE""]","[""best""]"
160,without_mine,train,20260776,best intruder 1200 1039,"[1.0, -1.0, -1.0, -1.0]","[""DONE"", ""DONE"", ""DONE"", ""DONE""]","[""best""]"
166,without_mine,train,20260782,best 1039,"[1.0, -1.0]","[""DONE"", ""DONE""]","[""best""]"
167,without_mine,train,20260783,intruder 1039,"[1.0, -1.0]","[""DONE"", ""DONE""]","[""intruder""]"
169,without_mine,train,20260785,best intruder smith 1039,"[-1.0, 1.0, -1.0, -1.0]","[""DONE"", ""DONE"", ""DONE"", ""DONE""]","[""intruder""]"
172,without_mine,train,20260788,best smith,"[1.0, -1.0]","[""DONE"", ""DONE""]","[""best""]"
171,without_mine,train,20260787,best intruder,"[1.0, -1.0]","[""DONE"", ""DONE""]","[""best""]"
173,without_mine,train,20260789,intruder smith,"[1.0, -1.0]","[""DONE"", ""DONE""]","[""intruder""]"
174,without_mine,train,20260790,best 1200,"[1.0, -1.0]","[""DONE"", ""DONE""]","[""best""]"
175,without_mine,train,20260791,intruder 1200,"[1.0, -1.0]","[""DONE"", ""DONE""]","[""intruder""]"
176,without_mine,train,20260792,best 1039,"[1.0, -1.0]","[""DONE"", ""DONE""]","[""best""]"
168,without_mine,train,20260784,best intruder smith 1200,"[1.0, -1.0, -1.0, -1.0]","[""DONE"", ""DONE"", ""DONE"", ""DONE""]","[""best""]"
179,without_mine,train,20260795,best intruder smith 1039,"[1.0, -1.0, -1.0, -1.0]","[""DONE"", ""DONE"", ""DONE"", ""DONE""]","[""best""]"
170,without_mine,train,20260786,best intruder 1200 1039,"[-1.0, -1.0, -1.0, 1.0]","[""DONE"", ""DONE"", ""DONE"", ""DONE""]","[""1039""]"
178,without_mine,train,20260794,best intruder smith 1200,"[-1.0, 1.0, -1.0, -1.0]","[""DONE"", ""DONE"", ""DONE"", ""DONE""]","[""intruder""]"
177,without_mine,train,20260793,intruder 1039,"[-1.0, 1.0]","[""DONE"", ""DONE""]","[""1039""]"
181,without_mine,train,20260797,best intruder,"[-1.0, 1.0]","[""DONE"", ""DONE""]","[""intruder""]"
182,without_mine,train,20260798,best smith,"[1.0, -1.0]","[""DONE"", ""DONE""]","[""best""]"
183,without_mine,train,20260799,intruder smith,"[1.0, -1.0]","[""DONE"", ""DONE""]","[""intruder""]"
180,without_mine,train,20260796,best intruder 1200 1039,"[1.0, -1.0, -1.0, -1.0]","[""DONE"", ""DONE"", ""DONE"", ""DONE""]","[""best""]"
187,without_mine,train,20260803,intruder 1039,"[1.0, -1.0]","[""DONE"", ""DONE""]","[""intruder""]"
186,without_mine,train,20260802,best 1039,"[1.0, -1.0]","[""DONE"", ""DONE""]","[""best""]"
184,without_mine,train,20260800,best 1200,"[1.0, -1.0]","[""DONE"", ""DONE""]","[""best""]"
189,without_mine,train,20260805,best intruder smith 1039,"[-1.0, 1.0, -1.0, -1.0]","[""DONE"", ""DONE"", ""DONE"", ""DONE""]","[""intruder""]"
185,without_mine,train,20260801,intruder 1200,"[1.0, -1.0]","[""DONE"", ""DONE""]","[""intruder""]"
191,without_mine,train,20260807,best intruder,"[-1.0, 1.0]","[""DONE"", ""DONE""]","[""intruder""]"
192,without_mine,train,20260808,best smith,"[1.0, -1.0]","[""DONE"", ""DONE""]","[""best""]"
193,without_mine,train,20260809,intruder smith,"[1.0, -1.0]","[""DONE"", ""DONE""]","[""intruder""]"
195,without_mine,train,20260811,intruder 1200,"[1.0, -1.0]","[""DONE"", ""DONE""]","[""intruder""]"
194,without_mine,train,20260810,best 1200,"[1.0, -1.0]","[""DONE"", ""DONE""]","[""best""]"
188,without_mine,train,20260804,best intruder smith 1200,"[-1.0, -1.0, -1.0, 1.0]","[""DONE"", ""DONE"", ""DONE"", ""DONE""]","[""1200""]"
196,without_mine,train,20260812,best 1039,"[1.0, -1.0]","[""DONE"", ""DONE""]","[""best""]"
197,without_mine,train,20260813,intruder 1039,"[1.0, -1.0]","[""DONE"", ""DONE""]","[""intruder""]"
199,without_mine,train,20260815,best intruder smith 1039,"[-1.0, 1.0, -1.0, -1.0]","[""DONE"", ""DONE"", ""DONE"", ""DONE""]","[""intruder""]"
198,without_mine,train,20260814,best intruder smith 1200,"[-1.0, 1.0, -1.0, -1.0]","[""DONE"", ""DONE"", ""DONE"", ""DONE""]","[""intruder""]"
201,without_mine,train,20260817,best intruder,"[-1.0, 1.0]","[""DONE"", ""DONE""]","[""intruder""]"
190,without_mine,train,20260806,best intruder 1200 1039,"[-1.0, -1.0, 1.0, -1.0]","[""DONE"", ""DONE"", ""DONE"", ""DONE""]","[""1200""]"
202,without_mine,train,20260818,best smith,"[1.0, -1.0]","[""DONE"", ""DONE""]","[""best""]"
203,without_mine,train,20260819,intruder smith,"[1.0, -1.0]","[""DONE"", ""DONE""]","[""intruder""]"
205,without_mine,train,20260821,intruder 1200,"[1.0, -1.0]","[""DONE"", ""DONE""]","[""intruder""]"
206,without_mine,train,20260822,best 1039,"[1.0, -1.0]","[""DONE"", ""DONE""]","[""best""]"
207,without_mine,train,20260823,intruder 1039,"[1.0, -1.0]","[""DONE"", ""DONE""]","[""intruder""]"
204,without_mine,train,20260820,best 1200,"[1.0, -1.0]","[""DONE"", ""DONE""]","[""best""]"
200,without_mine,train,20260816,best intruder 1200 1039,"[-1.0, -1.0, -1.0, 1.0]","[""DONE"", ""DONE"", ""DONE"", ""DONE""]","[""1039""]"
208,without_mine,train,20260824,best intruder smith 1200,"[-1.0, 1.0, -1.0, -1.0]","[""DONE"", ""DONE"", ""DONE"", ""DONE""]","[""intruder""]"
211,without_mine,train,20260827,best intruder,"[-1.0, 1.0]","[""DONE"", ""DONE""]","[""intruder""]"
212,without_mine,train,20260828,best smith,"[1.0, -1.0]","[""DONE"", ""DONE""]","[""best""]"
213,without_mine,train,20260829,intruder smith,"[1.0, -1.0]","[""DONE"", ""DONE""]","[""intruder""]"
209,without_mine,train,20260825,best intruder smith 1039,"[1.0, -1.0, -1.0, -1.0]","[""DONE"", ""DONE"", ""DONE"", ""DONE""]","[""best""]"
216,without_mine,train,20260832,best 1039,"[1.0, -1.0]","[""DONE"", ""DONE""]","[""best""]"
214,without_mine,train,20260830,best 1200,"[1.0, -1.0]","[""DONE"", ""DONE""]","[""best""]"
215,without_mine,train,20260831,intruder 1200,"[1.0, -1.0]","[""DONE"", ""DONE""]","[""intruder""]"
217,without_mine,train,20260833,intruder 1039,"[1.0, -1.0]","[""DONE"", ""DONE""]","[""intruder""]"
210,without_mine,train,20260826,best intruder 1200 1039,"[1.0, -1.0, -1.0, -1.0]","[""DONE"", ""DONE"", ""DONE"", ""DONE""]","[""best""]"
218,without_mine,train,20260834,best intruder smith 1200,"[-1.0, -1.0, 1.0, -1.0]","[""DONE"", ""DONE"", ""DONE"", ""DONE""]","[""smith""]"
221,without_mine,train,20260837,best intruder,"[-1.0, 1.0]","[""DONE"", ""DONE""]","[""intruder""]"
220,without_mine,train,20260836,best intruder 1200 1039,"[1.0, -1.0, -1.0, -1.0]","[""DONE"", ""DONE"", ""DONE"", ""DONE""]","[""best""]"
222,without_mine,train,20260838,best smith,"[1.0, -1.0]","[""DONE"", ""DONE""]","[""best""]"
223,without_mine,train,20260839,intruder smith,"[1.0, -1.0]","[""DONE"", ""DONE""]","[""intruder""]"
224,without_mine,train,20260840,best 1200,"[1.0, -1.0]","[""DONE"", ""DONE""]","[""best""]"
226,without_mine,train,20260842,best 1039,"[1.0, -1.0]","[""DONE"", ""DONE""]","[""best""]"
225,without_mine,train,20260841,intruder 1200,"[1.0, -1.0]","[""DONE"", ""DONE""]","[""intruder""]"
219,without_mine,train,20260835,best intruder smith 1039,"[-1.0, -1.0, -1.0, 1.0]","[""DONE"", ""DONE"", ""DONE"", ""DONE""]","[""1039""]"
229,without_mine,train,20260845,best intruder smith 1039,"[-1.0, 1.0, -1.0, -1.0]","[""DONE"", ""DONE"", ""DONE"", ""DONE""]","[""intruder""]"
227,without_mine,train,20260843,intruder 1039,"[1.0, -1.0]","[""DONE"", ""DONE""]","[""intruder""]"
230,without_mine,train,20260846,best intruder 1200 1039,"[-1.0, 1.0, -1.0, -1.0]","[""DONE"", ""DONE"", ""DONE"", ""DONE""]","[""intruder""]"
232,without_mine,train,20260848,best smith,"[1.0, -1.0]","[""DONE"", ""DONE""]","[""best""]"
228,without_mine,train,20260844,best intruder smith 1200,"[-1.0, 1.0, -1.0, -1.0]","[""DONE"", ""DONE"", ""DONE"", ""DONE""]","[""intruder""]"
233,without_mine,train,20260849,intruder smith,"[1.0, -1.0]","[""DONE"", ""DONE""]","[""intruder""]"
234,without_mine,train,20260850,best 1200,"[1.0, -1.0]","[""DONE"", ""DONE""]","[""best""]"
236,without_mine,train,20260852,best 1039,"[1.0, -1.0]","[""DONE"", ""DONE""]","[""best""]"
235,without_mine,train,20260851,intruder 1200,"[1.0, -1.0]","[""DONE"", ""DONE""]","[""intruder""]"
237,without_mine,train,20260853,intruder 1039,"[1.0, -1.0]","[""DONE"", ""DONE""]","[""intruder""]"
231,without_mine,train,20260847,best intruder,"[1.0, -1.0]","[""DONE"", ""DONE""]","[""best""]"
241,without_mine,train,20260857,best intruder,"[-1.0, 1.0]","[""DONE"", ""DONE""]","[""intruder""]"
238,without_mine,train,20260854,best intruder smith 1200,"[-1.0, 1.0, -1.0, -1.0]","[""DONE"", ""DONE"", ""DONE"", ""DONE""]","[""intruder""]"
239,without_mine,train,20260855,best intruder smith 1039,"[-1.0, 1.0, -1.0, -1.0]","[""DONE"", ""DONE"", ""DONE"", ""DONE""]","[""intruder""]"
240,without_mine,train,20260856,best intruder 1200 1039,"[1.0, -1.0, -1.0, -1.0]","[""DONE"", ""DONE"", ""DONE"", ""DONE""]","[""best""]"
244,without_mine,train,20260860,best 1200,"[1.0, -1.0]","[""DONE"", ""DONE""]","[""best""]"
242,without_mine,train,20260858,best smith,"[1.0, -1.0]","[""DONE"", ""DONE""]","[""best""]"
243,without_mine,train,20260859,intruder smith,"[1.0, -1.0]","[""DONE"", ""DONE""]","[""intruder""]"
245,without_mine,train,20260861,intruder 1200,"[1.0, -1.0]","[""DONE"", ""DONE""]","[""intruder""]"
247,without_mine,train,20260863,intruder 1039,"[1.0, -1.0]","[""DONE"", ""DONE""]","[""intruder""]"
246,without_mine,train,20260862,best 1039,"[1.0, -1.0]","[""DONE"", ""DONE""]","[""best""]"
251,without_mine,train,20260867,best intruder,"[-1.0, 1.0]","[""DONE"", ""DONE""]","[""intruder""]"
248,without_mine,train,20260864,best intruder smith 1200,"[-1.0, 1.0, -1.0, -1.0]","[""DONE"", ""DONE"", ""DONE"", ""DONE""]","[""intruder""]"
252,without_mine,train,20260868,best smith,"[1.0, -1.0]","[""DONE"", ""DONE""]","[""best""]"
253,without_mine,train,20260869,intruder smith,"[1.0, -1.0]","[""DONE"", ""DONE""]","[""intruder""]"
249,without_mine,train,20260865,best intruder smith 1039,"[1.0, -1.0, -1.0, -1.0]","[""DONE"", ""DONE"", ""DONE"", ""DONE""]","[""best""]"
250,without_mine,train,20260866,best intruder 1200 1039,"[1.0, -1.0, -1.0, -1.0]","[""DONE"", ""DONE"", ""DONE"", ""DONE""]","[""best""]"
257,without_mine,train,20260873,intruder 1039,"[1.0, -1.0]","[""DONE"", ""DONE""]","[""intruder""]"
256,without_mine,train,20260872,best 1039,"[1.0, -1.0]","[""DONE"", ""DONE""]","[""best""]"
255,without_mine,train,20260871,intruder 1200,"[1.0, -1.0]","[""DONE"", ""DONE""]","[""intruder""]"
254,without_mine,train,20260870,best 1200,"[1.0, -1.0]","[""DONE"", ""DONE""]","[""best""]"
259,without_mine,train,20260875,best intruder smith 1039,"[-1.0, 1.0, -1.0, -1.0]","[""DONE"", ""DONE"", ""DONE"", ""DONE""]","[""intruder""]"
258,without_mine,train,20260874,best intruder smith 1200,"[-1.0, 1.0, -1.0, -1.0]","[""DONE"", ""DONE"", ""DONE"", ""DONE""]","[""intruder""]"
263,without_mine,train,20260879,intruder smith,"[1.0, -1.0]","[""DONE"", ""DONE""]","[""intruder""]"
262,without_mine,train,20260878,best smith,"[1.0, -1.0]","[""DONE"", ""DONE""]","[""best""]"
260,without_mine,train,20260876,best intruder 1200 1039,"[-1.0, 1.0, -1.0, -1.0]","[""DONE"", ""DONE"", ""DONE"", ""DONE""]","[""intruder""]"
265,without_mine,train,20260881,intruder 1200,"[1.0, -1.0]","[""DONE"", ""DONE""]","[""intruder""]"
266,without_mine,train,20260882,best 1039,"[1.0, -1.0]","[""DONE"", ""DONE""]","[""best""]"
264,without_mine,train,20260880,best 1200,"[1.0, -1.0]","[""DONE"", ""DONE""]","[""best""]"
267,without_mine,train,20260883,intruder 1039,"[1.0, -1.0]","[""DONE"", ""DONE""]","[""intruder""]"
261,without_mine,train,20260877,best intruder,"[-1.0, 1.0]","[""DONE"", ""DONE""]","[""intruder""]"
269,without_mine,train,20260885,best intruder smith 1039,"[-1.0, 1.0, -1.0, -1.0]","[""DONE"", ""DONE"", ""DONE"", ""DONE""]","[""intruder""]"
272,without_mine,train,20260888,best smith,"[1.0, -1.0]","[""DONE"", ""DONE""]","[""best""]"
273,without_mine,train,20260889,intruder smith,"[1.0, -1.0]","[""DONE"", ""DONE""]","[""intruder""]"
271,without_mine,train,20260887,best intruder,"[1.0, -1.0]","[""DONE"", ""DONE""]","[""best""]"
275,without_mine,train,20260891,intruder 1200,"[1.0, -1.0]","[""DONE"", ""DONE""]","[""intruder""]"
270,without_mine,train,20260886,best intruder 1200 1039,"[1.0, -1.0, -1.0, -1.0]","[""DONE"", ""DONE"", ""DONE"", ""DONE""]","[""best""]"
268,without_mine,train,20260884,best intruder smith 1200,"[-1.0, -1.0, -1.0, 1.0]","[""DONE"", ""DONE"", ""DONE"", ""DONE""]","[""1200""]"
277,without_mine,train,20260893,intruder 1039,"[1.0, -1.0]","[""DONE"", ""DONE""]","[""intruder""]"
274,without_mine,train,20260890,best 1200,"[1.0, -1.0]","[""DONE"", ""DONE""]","[""best""]"
276,without_mine,train,20260892,best 1039,"[1.0, -1.0]","[""DONE"", ""DONE""]","[""best""]"
281,without_mine,train,20260897,best intruder,"[-1.0, 1.0]","[""DONE"", ""DONE""]","[""intruder""]"
278,without_mine,train,20260894,best intruder smith 1200,"[-1.0, 1.0, -1.0, -1.0]","[""DONE"", ""DONE"", ""DONE"", ""DONE""]","[""intruder""]"
279,without_mine,train,20260895,best intruder smith 1039,"[-1.0, 1.0, -1.0, -1.0]","[""DONE"", ""DONE"", ""DONE"", ""DONE""]","[""intruder""]"
283,without_mine,train,20260899,intruder smith,"[1.0, -1.0]","[""DONE"", ""DONE""]","[""intruder""]"
282,without_mine,train,20260898,best smith,"[1.0, -1.0]","[""DONE"", ""DONE""]","[""best""]"
280,without_mine,train,20260896,best intruder 1200 1039,"[-1.0, 1.0, -1.0, -1.0]","[""DONE"", ""DONE"", ""DONE"", ""DONE""]","[""intruder""]"
285,without_mine,train,20260901,intruder 1200,"[1.0, -1.0]","[""DONE"", ""DONE""]","[""intruder""]"
287,without_mine,train,20260903,intruder 1039,"[1.0, -1.0]","[""DONE"", ""DONE""]","[""intruder""]"
286,without_mine,train,20260902,best 1039,"[1.0, -1.0]","[""DONE"", ""DONE""]","[""best""]"
288,without_mine,train,20260904,best intruder smith 1200,"[-1.0, 1.0, -1.0, -1.0]","[""DONE"", ""DONE"", ""DONE"", ""DONE""]","[""intruder""]"
284,without_mine,train,20260900,best 1200,"[1.0, -1.0]","[""DONE"", ""DONE""]","[""best""]"
291,without_mine,train,20260907,best intruder,"[-1.0, 1.0]","[""DONE"", ""DONE""]","[""intruder""]"
292,without_mine,train,20260908,best smith,"[1.0, -1.0]","[""DONE"", ""DONE""]","[""best""]"
289,without_mine,train,20260905,best intruder smith 1039,"[-1.0, 1.0, -1.0, -1.0]","[""DONE"", ""DONE"", ""DONE"", ""DONE""]","[""intruder""]"
290,without_mine,train,20260906,best intruder 1200 1039,"[-1.0, 1.0, -1.0, -1.0]","[""DONE"", ""DONE"", ""DONE"", ""DONE""]","[""intruder""]"
293,without_mine,train,20260909,intruder smith,"[1.0, -1.0]","[""DONE"", ""DONE""]","[""intruder""]"
297,without_mine,train,20260913,intruder 1039,"[1.0, -1.0]","[""DONE"", ""DONE""]","[""intruder""]"
295,without_mine,train,20260911,intruder 1200,"[1.0, -1.0]","[""DONE"", ""DONE""]","[""intruder""]"
294,without_mine,train,20260910,best 1200,"[1.0, -1.0]","[""DONE"", ""DONE""]","[""best""]"
296,without_mine,train,20260912,best 1039,"[-1.0, 1.0]","[""DONE"", ""DONE""]","[""1039""]"
298,without_mine,train,20260914,best intruder smith 1200,"[-1.0, 1.0, -1.0, -1.0]","[""DONE"", ""DONE"", ""DONE"", ""DONE""]","[""intruder""]"
302,without_mine,train,20260918,best smith,"[1.0, -1.0]","[""DONE"", ""DONE""]","[""best""]"
300,without_mine,train,20260916,best intruder 1200 1039,"[1.0, -1.0, -1.0, -1.0]","[""DONE"", ""DONE"", ""DONE"", ""DONE""]","[""best""]"
301,without_mine,train,20260917,best intruder,"[1.0, -1.0]","[""DONE"", ""DONE""]","[""best""]"
303,without_mine,train,20260919,intruder smith,"[1.0, -1.0]","[""DONE"", ""DONE""]","[""intruder""]"
305,without_mine,train,20260921,intruder 1200,"[1.0, -1.0]","[""DONE"", ""DONE""]","[""intruder""]"
299,without_mine,train,20260915,best intruder smith 1039,"[-1.0, 1.0, -1.0, -1.0]","[""DONE"", ""DONE"", ""DONE"", ""DONE""]","[""intruder""]"
307,without_mine,train,20260923,intruder 1039,"[1.0, -1.0]","[""DONE"", ""DONE""]","[""intruder""]"
306,without_mine,train,20260922,best 1039,"[1.0, -1.0]","[""DONE"", ""DONE""]","[""best""]"
304,without_mine,train,20260920,best 1200,"[1.0, -1.0]","[""DONE"", ""DONE""]","[""best""]"
308,without_mine,train,20260924,best intruder smith 1200,"[-1.0, 1.0, -1.0, -1.0]","[""DONE"", ""DONE"", ""DONE"", ""DONE""]","[""intruder""]"
309,without_mine,train,20260925,best intruder smith 1039,"[1.0, -1.0, -1.0, -1.0]","[""DONE"", ""DONE"", ""DONE"", ""DONE""]","[""best""]"
312,without_mine,train,20260928,best smith,"[1.0, -1.0]","[""DONE"", ""DONE""]","[""best""]"
310,without_mine,train,20260926,best intruder 1200 1039,"[1.0, -1.0, -1.0, -1.0]","[""DONE"", ""DONE"", ""DONE"", ""DONE""]","[""best""]"
313,without_mine,train,20260929,intruder smith,"[1.0, -1.0]","[""DONE"", ""DONE""]","[""intruder""]"
314,without_mine,train,20260930,best 1200,"[1.0, -1.0]","[""DONE"", ""DONE""]","[""best""]"
315,without_mine,train,20260931,intruder 1200,"[1.0, -1.0]","[""DONE"", ""DONE""]","[""intruder""]"
316,without_mine,train,20260932,best 1039,"[1.0, -1.0]","[""DONE"", ""DONE""]","[""best""]"
317,without_mine,train,20260933,intruder 1039,"[1.0, -1.0]","[""DONE"", ""DONE""]","[""intruder""]"
311,without_mine,train,20260927,best intruder,"[1.0, -1.0]","[""DONE"", ""DONE""]","[""best""]"
319,without_mine,train,20260935,best intruder smith 1039,"[-1.0, 1.0, -1.0, -1.0]","[""DONE"", ""DONE"", ""DONE"", ""DONE""]","[""intruder""]"
321,without_mine,train,20260937,best intruder,"[-1.0, 1.0]","[""DONE"", ""DONE""]","[""intruder""]"
318,without_mine,train,20260934,best intruder smith 1200,"[-1.0, 1.0, -1.0, -1.0]","[""DONE"", ""DONE"", ""DONE"", ""DONE""]","[""intruder""]"
322,without_mine,train,20260938,best smith,"[1.0, -1.0]","[""DONE"", ""DONE""]","[""best""]"
323,without_mine,train,20260939,intruder smith,"[1.0, -1.0]","[""DONE"", ""DONE""]","[""intruder""]"
320,without_mine,train,20260936,best intruder 1200 1039,"[1.0, -1.0, -1.0, -1.0]","[""DONE"", ""DONE"", ""DONE"", ""DONE""]","[""best""]"
325,without_mine,train,20260941,intruder 1200,"[1.0, -1.0]","[""DONE"", ""DONE""]","[""intruder""]"
326,without_mine,train,20260942,best 1039,"[1.0, -1.0]","[""DONE"", ""DONE""]","[""best""]"
324,without_mine,train,20260940,best 1200,"[1.0, -1.0]","[""DONE"", ""DONE""]","[""best""]"
327,without_mine,train,20260943,intruder 1039,"[1.0, -1.0]","[""DONE"", ""DONE""]","[""intruder""]"
329,without_mine,train,20260945,best intruder smith 1039,"[-1.0, 1.0, -1.0, -1.0]","[""DONE"", ""DONE"", ""DONE"", ""DONE""]","[""intruder""]"
332,without_mine,train,20260948,best smith,"[1.0, -1.0]","[""DONE"", ""DONE""]","[""best""]"
331,without_mine,train,20260947,best intruder,"[-1.0, 1.0]","[""DONE"", ""DONE""]","[""intruder""]"
328,without_mine,train,20260944,best intruder smith 1200,"[-1.0, -1.0, 1.0, -1.0]","[""DONE"", ""DONE"", ""DONE"", ""DONE""]","[""smith""]"
333,without_mine,train,20260949,intruder smith,"[1.0, -1.0]","[""DONE"", ""DONE""]","[""intruder""]"
334,without_mine,train,20260950,best 1200,"[1.0, -1.0]","[""DONE"", ""DONE""]","[""best""]"
336,without_mine,train,20260952,best 1039,"[1.0, -1.0]","[""DONE"", ""DONE""]","[""best""]"
330,without_mine,train,20260946,best intruder 1200 1039,"[-1.0, 1.0, -1.0, -1.0]","[""DONE"", ""DONE"", ""DONE"", ""DONE""]","[""intruder""]"
337,without_mine,train,20260953,intruder 1039,"[1.0, -1.0]","[""DONE"", ""DONE""]","[""intruder""]"
335,without_mine,train,20260951,intruder 1200,"[1.0, -1.0]","[""DONE"", ""DONE""]","[""intruder""]"
338,without_mine,train,20260954,best intruder smith 1200,"[-1.0, 1.0, -1.0, -1.0]","[""DONE"", ""DONE"", ""DONE"", ""DONE""]","[""intruder""]"
339,without_mine,train,20260955,best intruder smith 1039,"[1.0, -1.0, -1.0, -1.0]","[""DONE"", ""DONE"", ""DONE"", ""DONE""]","[""best""]"
342,without_mine,train,20260958,best smith,"[1.0, -1.0]","[""DONE"", ""DONE""]","[""best""]"
340,without_mine,train,20260956,best intruder 1200 1039,"[1.0, -1.0, -1.0, -1.0]","[""DONE"", ""DONE"", ""DONE"", ""DONE""]","[""best""]"
343,without_mine,train,20260959,intruder smith,"[1.0, -1.0]","[""DONE"", ""DONE""]","[""intruder""]"
346,without_mine,train,20260962,best 1039,"[1.0, -1.0]","[""DONE"", ""DONE""]","[""best""]"
345,without_mine,train,20260961,intruder 1200,"[1.0, -1.0]","[""DONE"", ""DONE""]","[""intruder""]"
344,without_mine,train,20260960,best 1200,"[1.0, -1.0]","[""DONE"", ""DONE""]","[""best""]"
341,without_mine,train,20260957,best intruder,"[-1.0, 1.0]","[""DONE"", ""DONE""]","[""intruder""]"
347,without_mine,train,20260963,intruder 1039,"[1.0, -1.0]","[""DONE"", ""DONE""]","[""intruder""]"
349,without_mine,train,20260965,best intruder smith 1039,"[1.0, -1.0, -1.0, -1.0]","[""DONE"", ""DONE"", ""DONE"", ""DONE""]","[""best""]"
348,without_mine,train,20260964,best intruder smith 1200,"[-1.0, 1.0, -1.0, -1.0]","[""DONE"", ""DONE"", ""DONE"", ""DONE""]","[""intruder""]"
352,without_mine,train,20260968,best smith,"[1.0, -1.0]","[""DONE"", ""DONE""]","[""best""]"
353,without_mine,train,20260969,intruder smith,"[1.0, -1.0]","[""DONE"", ""DONE""]","[""intruder""]"
354,without_mine,train,20260970,best 1200,"[1.0, -1.0]","[""DONE"", ""DONE""]","[""best""]"
355,without_mine,train,20260971,intruder 1200,"[1.0, -1.0]","[""DONE"", ""DONE""]","[""intruder""]"
351,without_mine,train,20260967,best intruder,"[1.0, -1.0]","[""DONE"", ""DONE""]","[""best""]"
356,without_mine,train,20260972,best 1039,"[1.0, -1.0]","[""DONE"", ""DONE""]","[""best""]"
357,without_mine,train,20260973,intruder 1039,"[1.0, -1.0]","[""DONE"", ""DONE""]","[""intruder""]"
358,without_mine,train,20260974,best intruder smith 1200,"[-1.0, 1.0, -1.0, -1.0]","[""DONE"", ""DONE"", ""DONE"", ""DONE""]","[""intruder""]"
360,without_mine,train,20260976,best intruder 1200 1039,"[-1.0, 1.0, -1.0, -1.0]","[""DONE"", ""DONE"", ""DONE"", ""DONE""]","[""intruder""]"
359,without_mine,train,20260975,best intruder smith 1039,"[-1.0, 1.0, -1.0, -1.0]","[""DONE"", ""DONE"", ""DONE"", ""DONE""]","[""intruder""]"
362,without_mine,train,20260978,best smith,"[1.0, -1.0]","[""DONE"", ""DONE""]","[""best""]"
363,without_mine,train,20260979,intruder smith,"[1.0, -1.0]","[""DONE"", ""DONE""]","[""intruder""]"
361,without_mine,train,20260977,best intruder,"[-1.0, 1.0]","[""DONE"", ""DONE""]","[""intruder""]"
365,without_mine,train,20260981,intruder 1200,"[1.0, -1.0]","[""DONE"", ""DONE""]","[""intruder""]"
364,without_mine,train,20260980,best 1200,"[1.0, -1.0]","[""DONE"", ""DONE""]","[""best""]"
366,without_mine,train,20260982,best 1039,"[1.0, -1.0]","[""DONE"", ""DONE""]","[""best""]"
367,without_mine,train,20260983,intruder 1039,"[1.0, -1.0]","[""DONE"", ""DONE""]","[""intruder""]"
350,without_mine,train,20260966,best intruder 1200 1039,"[-1.0, -1.0, -1.0, 1.0]","[""DONE"", ""DONE"", ""DONE"", ""DONE""]","[""1039""]"
371,without_mine,train,20260987,best intruder,"[1.0, -1.0]","[""DONE"", ""DONE""]","[""best""]"
372,without_mine,train,20260988,best smith,"[1.0, -1.0]","[""DONE"", ""DONE""]","[""best""]"
368,without_mine,train,20260984,best intruder smith 1200,"[-1.0, 1.0, -1.0, -1.0]","[""DONE"", ""DONE"", ""DONE"", ""DONE""]","[""intruder""]"
369,without_mine,train,20260985,best intruder smith 1039,"[-1.0, 1.0, -1.0, -1.0]","[""DONE"", ""DONE"", ""DONE"", ""DONE""]","[""intruder""]"
373,without_mine,train,20260989,intruder smith,"[1.0, -1.0]","[""DONE"", ""DONE""]","[""intruder""]"
370,without_mine,train,20260986,best intruder 1200 1039,"[-1.0, 1.0, -1.0, -1.0]","[""DONE"", ""DONE"", ""DONE"", ""DONE""]","[""intruder""]"
374,without_mine,train,20260990,best 1200,"[1.0, -1.0]","[""DONE"", ""DONE""]","[""best""]"
375,without_mine,train,20260991,intruder 1200,"[1.0, -1.0]","[""DONE"", ""DONE""]","[""intruder""]"
377,without_mine,train,20260993,intruder 1039,"[1.0, -1.0]","[""DONE"", ""DONE""]","[""intruder""]"
376,without_mine,train,20260992,best 1039,"[1.0, -1.0]","[""DONE"", ""DONE""]","[""best""]"
379,without_mine,train,20260995,best intruder smith 1039,"[-1.0, 1.0, -1.0, -1.0]","[""DONE"", ""DONE"", ""DONE"", ""DONE""]","[""intruder""]"
378,without_mine,train,20260994,best intruder smith 1200,"[1.0, -1.0, -1.0, -1.0]","[""DONE"", ""DONE"", ""DONE"", ""DONE""]","[""best""]"
383,without_mine,train,20260999,intruder smith,"[1.0, -1.0]","[""DONE"", ""DONE""]","[""intruder""]"
381,without_mine,train,20260997,best intruder,"[1.0, -1.0]","[""DONE"", ""DONE""]","[""best""]"
380,without_mine,train,20260996,best intruder 1200 1039,"[-1.0, 1.0, -1.0, -1.0]","[""DONE"", ""DONE"", ""DONE"", ""DONE""]","[""intruder""]"
386,without_mine,train,20261002,best 1039,"[1.0, -1.0]","[""DONE"", ""DONE""]","[""best""]"
384,without_mine,train,20261000,best 1200,"[1.0, -1.0]","[""DONE"", ""DONE""]","[""best""]"
385,without_mine,train,20261001,intruder 1200,"[1.0, -1.0]","[""DONE"", ""DONE""]","[""intruder""]"
382,without_mine,train,20260998,best smith,"[1.0, -1.0]","[""DONE"", ""DONE""]","[""best""]"
387,without_mine,train,20261003,intruder 1039,"[1.0, -1.0]","[""DONE"", ""DONE""]","[""intruder""]"
388,without_mine,train,20261004,best intruder smith 1200,"[1.0, -1.0, -1.0, -1.0]","[""DONE"", ""DONE"", ""DONE"", ""DONE""]","[""best""]"
389,without_mine,train,20261005,best intruder smith 1039,"[-1.0, 1.0, -1.0, -1.0]","[""DONE"", ""DONE"", ""DONE"", ""DONE""]","[""intruder""]"
393,without_mine,train,20261009,intruder smith,"[1.0, -1.0]","[""DONE"", ""DONE""]","[""intruder""]"
391,without_mine,train,20261007,best intruder,"[-1.0, 1.0]","[""DONE"", ""DONE""]","[""intruder""]"
392,without_mine,train,20261008,best smith,"[1.0, -1.0]","[""DONE"", ""DONE""]","[""best""]"
390,without_mine,train,20261006,best intruder 1200 1039,"[1.0, -1.0, -1.0, -1.0]","[""DONE"", ""DONE"", ""DONE"", ""DONE""]","[""best""]"
396,without_mine,train,20261012,best 1039,"[1.0, -1.0]","[""DONE"", ""DONE""]","[""best""]"
397,without_mine,train,20261013,intruder 1039,"[1.0, -1.0]","[""DONE"", ""DONE""]","[""intruder""]"
394,without_mine,train,20261010,best 1200,"[1.0, -1.0]","[""DONE"", ""DONE""]","[""best""]"
395,without_mine,train,20261011,intruder 1200,"[1.0, -1.0]","[""DONE"", ""DONE""]","[""intruder""]"
398,without_mine,train,20261014,best intruder smith 1200,"[-1.0, 1.0, -1.0, -1.0]","[""DONE"", ""DONE"", ""DONE"", ""DONE""]","[""intruder""]"
401,without_mine,test,20261017,best intruder,"[1.0, -1.0]","[""DONE"", ""DONE""]","[""best""]"
399,without_mine,train,20261015,best intruder smith 1039,"[-1.0, 1.0, -1.0, -1.0]","[""DONE"", ""DONE"", ""DONE"", ""DONE""]","[""intruder""]"
402,without_mine,test,20261018,best smith,"[1.0, -1.0]","[""DONE"", ""DONE""]","[""best""]"
403,without_mine,test,20261019,intruder smith,"[1.0, -1.0]","[""DONE"", ""DONE""]","[""intruder""]"
400,without_mine,train,20261016,best intruder 1200 1039,"[1.0, -1.0, -1.0, -1.0]","[""DONE"", ""DONE"", ""DONE"", ""DONE""]","[""best""]"
405,without_mine,test,20261021,intruder 1200,"[1.0, -1.0]","[""DONE"", ""DONE""]","[""intruder""]"
404,without_mine,test,20261020,best 1200,"[1.0, -1.0]","[""DONE"", ""DONE""]","[""best""]"
407,without_mine,test,20261023,intruder 1039,"[1.0, -1.0]","[""DONE"", ""DONE""]","[""intruder""]"
406,without_mine,test,20261022,best 1039,"[1.0, -1.0]","[""DONE"", ""DONE""]","[""best""]"
409,without_mine,test,20261025,best intruder smith 1039,"[-1.0, 1.0, -1.0, -1.0]","[""DONE"", ""DONE"", ""DONE"", ""DONE""]","[""intruder""]"
412,without_mine,test,20261028,best smith,"[1.0, -1.0]","[""DONE"", ""DONE""]","[""best""]"
411,without_mine,test,20261027,best intruder,"[1.0, -1.0]","[""DONE"", ""DONE""]","[""best""]"
413,without_mine,test,20261029,intruder smith,"[1.0, -1.0]","[""DONE"", ""DONE""]","[""intruder""]"
410,without_mine,test,20261026,best intruder 1200 1039,"[-1.0, 1.0, -1.0, -1.0]","[""DONE"", ""DONE"", ""DONE"", ""DONE""]","[""intruder""]"
416,without_mine,test,20261032,best 1039,"[1.0, -1.0]","[""DONE"", ""DONE""]","[""best""]"
414,without_mine,test,20261030,best 1200,"[1.0, -1.0]","[""DONE"", ""DONE""]","[""best""]"
415,without_mine,test,20261031,intruder 1200,"[1.0, -1.0]","[""DONE"", ""DONE""]","[""intruder""]"
417,without_mine,test,20261033,intruder 1039,"[1.0, -1.0]","[""DONE"", ""DONE""]","[""intruder""]"
418,without_mine,test,20261034,best intruder smith 1200,"[-1.0, 1.0, -1.0, -1.0]","[""DONE"", ""DONE"", ""DONE"", ""DONE""]","[""intruder""]"
419,without_mine,test,20261035,best intruder smith 1039,"[-1.0, 1.0, -1.0, -1.0]","[""DONE"", ""DONE"", ""DONE"", ""DONE""]","[""intruder""]"
422,without_mine,test,20261038,best smith,"[1.0, -1.0]","[""DONE"", ""DONE""]","[""best""]"
421,without_mine,test,20261037,best intruder,"[1.0, -1.0]","[""DONE"", ""DONE""]","[""best""]"
423,without_mine,test,20261039,intruder smith,"[1.0, -1.0]","[""DONE"", ""DONE""]","[""intruder""]"
420,without_mine,test,20261036,best intruder 1200 1039,"[1.0, -1.0, -1.0, -1.0]","[""DONE"", ""DONE"", ""DONE"", ""DONE""]","[""best""]"
424,without_mine,test,20261040,best 1200,"[1.0, -1.0]","[""DONE"", ""DONE""]","[""best""]"
425,without_mine,test,20261041,intruder 1200,"[1.0, -1.0]","[""DONE"", ""DONE""]","[""intruder""]"
408,without_mine,test,20261024,best intruder smith 1200,"[-1.0, 1.0, -1.0, -1.0]","[""DONE"", ""DONE"", ""DONE"", ""DONE""]","[""intruder""]"
427,without_mine,test,20261043,intruder 1039,"[1.0, -1.0]","[""DONE"", ""DONE""]","[""intruder""]"
428,without_mine,test,20261044,best intruder smith 1200,"[-1.0, 1.0, -1.0, -1.0]","[""DONE"", ""DONE"", ""DONE"", ""DONE""]","[""intruder""]"
426,without_mine,test,20261042,best 1039,"[1.0, -1.0]","[""DONE"", ""DONE""]","[""best""]"
430,without_mine,test,20261046,best intruder 1200 1039,"[1.0, -1.0, -1.0, -1.0]","[""DONE"", ""DONE"", ""DONE"", ""DONE""]","[""best""]"
432,without_mine,test,20261048,best smith,"[1.0, -1.0]","[""DONE"", ""DONE""]","[""best""]"
431,without_mine,test,20261047,best intruder,"[1.0, -1.0]","[""DONE"", ""DONE""]","[""best""]"
433,without_mine,test,20261049,intruder smith,"[1.0, -1.0]","[""DONE"", ""DONE""]","[""intruder""]"
429,without_mine,test,20261045,best intruder smith 1039,"[-1.0, -1.0, 1.0, -1.0]","[""DONE"", ""DONE"", ""DONE"", ""DONE""]","[""smith""]"
434,without_mine,test,20261050,best 1200,"[1.0, -1.0]","[""DONE"", ""DONE""]","[""best""]"
437,without_mine,test,20261053,intruder 1039,"[1.0, -1.0]","[""DONE"", ""DONE""]","[""intruder""]"
435,without_mine,test,20261051,intruder 1200,"[1.0, -1.0]","[""DONE"", ""DONE""]","[""intruder""]"
436,without_mine,test,20261052,best 1039,"[1.0, -1.0]","[""DONE"", ""DONE""]","[""best""]"
438,without_mine,test,20261054,best intruder smith 1200,"[1.0, -1.0, -1.0, -1.0]","[""DONE"", ""DONE"", ""DONE"", ""DONE""]","[""best""]"
439,without_mine,test,20261055,best intruder smith 1039,"[-1.0, 1.0, -1.0, -1.0]","[""DONE"", ""DONE"", ""DONE"", ""DONE""]","[""intruder""]"
442,without_mine,test,20261058,best smith,"[1.0, -1.0]","[""DONE"", ""DONE""]","[""best""]"
441,without_mine,test,20261057,best intruder,"[1.0, -1.0]","[""DONE"", ""DONE""]","[""best""]"
443,without_mine,test,20261059,intruder smith,"[1.0, -1.0]","[""DONE"", ""DONE""]","[""intruder""]"
444,without_mine,test,20261060,best 1200,"[1.0, -1.0]","[""DONE"", ""DONE""]","[""best""]"
445,without_mine,test,20261061,intruder 1200,"[1.0, -1.0]","[""DONE"", ""DONE""]","[""intruder""]"
446,without_mine,test,20261062,best 1039,"[1.0, -1.0]","[""DONE"", ""DONE""]","[""best""]"
447,without_mine,test,20261063,intruder 1039,"[1.0, -1.0]","[""DONE"", ""DONE""]","[""intruder""]"
448,without_mine,test,20261064,best intruder smith 1200,"[-1.0, 1.0, -1.0, -1.0]","[""DONE"", ""DONE"", ""DONE"", ""DONE""]","[""intruder""]"
449,without_mine,test,20261065,best intruder smith 1039,"[-1.0, -1.0, 1.0, -1.0]","[""DONE"", ""DONE"", ""DONE"", ""DONE""]","[""smith""]"
452,without_mine,test,20261068,best smith,"[1.0, -1.0]","[""DONE"", ""DONE""]","[""best""]"
451,without_mine,test,20261067,best intruder,"[1.0, -1.0]","[""DONE"", ""DONE""]","[""best""]"
453,without_mine,test,20261069,intruder smith,"[1.0, -1.0]","[""DONE"", ""DONE""]","[""intruder""]"
440,without_mine,test,20261056,best intruder 1200 1039,"[-1.0, -1.0, -1.0, 1.0]","[""DONE"", ""DONE"", ""DONE"", ""DONE""]","[""1039""]"
456,without_mine,test,20261072,best 1039,"[1.0, -1.0]","[""DONE"", ""DONE""]","[""best""]"
450,without_mine,test,20261066,best intruder 1200 1039,"[-1.0, 1.0, -1.0, -1.0]","[""DONE"", ""DONE"", ""DONE"", ""DONE""]","[""intruder""]"
455,without_mine,test,20261071,intruder 1200,"[1.0, -1.0]","[""DONE"", ""DONE""]","[""intruder""]"
457,without_mine,test,20261073,intruder 1039,"[1.0, -1.0]","[""DONE"", ""DONE""]","[""intruder""]"
454,without_mine,test,20261070,best 1200,"[1.0, -1.0]","[""DONE"", ""DONE""]","[""best""]"
461,without_mine,test,20261077,best intruder,"[-1.0, 1.0]","[""DONE"", ""DONE""]","[""intruder""]"
458,without_mine,test,20261074,best intruder smith 1200,"[-1.0, -1.0, 1.0, -1.0]","[""DONE"", ""DONE"", ""DONE"", ""DONE""]","[""smith""]"
459,without_mine,test,20261075,best intruder smith 1039,"[-1.0, 1.0, -1.0, -1.0]","[""DONE"", ""DONE"", ""DONE"", ""DONE""]","[""intruder""]"
462,without_mine,test,20261078,best smith,"[1.0, -1.0]","[""DONE"", ""DONE""]","[""best""]"
463,without_mine,test,20261079,intruder smith,"[1.0, -1.0]","[""DONE"", ""DONE""]","[""intruder""]"
460,without_mine,test,20261076,best intruder 1200 1039,"[-1.0, 1.0, -1.0, -1.0]","[""DONE"", ""DONE"", ""DONE"", ""DONE""]","[""intruder""]"
467,without_mine,test,20261083,intruder 1039,"[1.0, -1.0]","[""DONE"", ""DONE""]","[""intruder""]"
464,without_mine,test,20261080,best 1200,"[1.0, -1.0]","[""DONE"", ""DONE""]","[""best""]"
465,without_mine,test,20261081,intruder 1200,"[1.0, -1.0]","[""DONE"", ""DONE""]","[""intruder""]"
466,without_mine,test,20261082,best 1039,"[1.0, -1.0]","[""DONE"", ""DONE""]","[""best""]"
469,without_mine,test,20261085,best intruder smith 1039,"[-1.0, 1.0, -1.0, -1.0]","[""DONE"", ""DONE"", ""DONE"", ""DONE""]","[""intruder""]"
472,without_mine,test,20261088,best smith,"[1.0, -1.0]","[""DONE"", ""DONE""]","[""best""]"
471,without_mine,test,20261087,best intruder,"[-1.0, 1.0]","[""DONE"", ""DONE""]","[""intruder""]"
468,without_mine,test,20261084,best intruder smith 1200,"[-1.0, 1.0, -1.0, -1.0]","[""DONE"", ""DONE"", ""DONE"", ""DONE""]","[""intruder""]"
470,without_mine,test,20261086,best intruder 1200 1039,"[-1.0, 1.0, -1.0, -1.0]","[""DONE"", ""DONE"", ""DONE"", ""DONE""]","[""intruder""]"
473,without_mine,test,20261089,intruder smith,"[1.0, -1.0]","[""DONE"", ""DONE""]","[""intruder""]"
476,without_mine,test,20261092,best 1039,"[1.0, -1.0]","[""DONE"", ""DONE""]","[""best""]"
474,without_mine,test,20261090,best 1200,"[1.0, -1.0]","[""DONE"", ""DONE""]","[""best""]"
475,without_mine,test,20261091,intruder 1200,"[1.0, -1.0]","[""DONE"", ""DONE""]","[""intruder""]"
477,without_mine,test,20261093,intruder 1039,"[1.0, -1.0]","[""DONE"", ""DONE""]","[""intruder""]"
479,without_mine,test,20261095,best intruder smith 1039,"[-1.0, -1.0, 1.0, -1.0]","[""DONE"", ""DONE"", ""DONE"", ""DONE""]","[""smith""]"
481,without_mine,test,20261097,best intruder,"[-1.0, 1.0]","[""DONE"", ""DONE""]","[""intruder""]"
482,without_mine,test,20261098,best smith,"[1.0, -1.0]","[""DONE"", ""DONE""]","[""best""]"
480,without_mine,test,20261096,best intruder 1200 1039,"[-1.0, 1.0, -1.0, -1.0]","[""DONE"", ""DONE"", ""DONE"", ""DONE""]","[""intruder""]"
478,without_mine,test,20261094,best intruder smith 1200,"[1.0, -1.0, -1.0, -1.0]","[""DONE"", ""DONE"", ""DONE"", ""DONE""]","[""best""]"
483,without_mine,test,20261099,intruder smith,"[1.0, -1.0]","[""DONE"", ""DONE""]","[""intruder""]"
485,without_mine,test,20261101,intruder 1200,"[1.0, -1.0]","[""DONE"", ""DONE""]","[""intruder""]"
487,without_mine,test,20261103,intruder 1039,"[1.0, -1.0]","[""DONE"", ""DONE""]","[""intruder""]"
484,without_mine,test,20261100,best 1200,"[1.0, -1.0]","[""DONE"", ""DONE""]","[""best""]"
486,without_mine,test,20261102,best 1039,"[1.0, -1.0]","[""DONE"", ""DONE""]","[""best""]"
489,without_mine,test,20261105,best intruder smith 1039,"[-1.0, 1.0, -1.0, -1.0]","[""DONE"", ""DONE"", ""DONE"", ""DONE""]","[""intruder""]"
490,without_mine,test,20261106,best intruder 1200 1039,"[1.0, -1.0, -1.0, -1.0]","[""DONE"", ""DONE"", ""DONE"", ""DONE""]","[""best""]"
488,without_mine,test,20261104,best intruder smith 1200,"[-1.0, 1.0, -1.0, -1.0]","[""DONE"", ""DONE"", ""DONE"", ""DONE""]","[""intruder""]"
491,without_mine,test,20261107,best intruder,"[1.0, -1.0]","[""DONE"", ""DONE""]","[""best""]"
492,without_mine,test,20261108,best smith,"[1.0, -1.0]","[""DONE"", ""DONE""]","[""best""]"
493,without_mine,test,20261109,intruder smith,"[1.0, -1.0]","[""DONE"", ""DONE""]","[""intruder""]"
496,without_mine,test,20261112,best 1039,"[1.0, -1.0]","[""DONE"", ""DONE""]","[""best""]"
497,without_mine,test,20261113,intruder 1039,"[1.0, -1.0]","[""DONE"", ""DONE""]","[""intruder""]"
494,without_mine,test,20261110,best 1200,"[1.0, -1.0]","[""DONE"", ""DONE""]","[""best""]"
495,without_mine,test,20261111,intruder 1200,"[1.0, -1.0]","[""DONE"", ""DONE""]","[""intruder""]"
498,without_mine,test,20261114,best intruder smith 1200,"[-1.0, 1.0, -1.0, -1.0]","[""DONE"", ""DONE"", ""DONE"", ""DONE""]","[""intruder""]"
500,without_mine,test,20261116,best intruder 1200 1039,"[-1.0, 1.0, -1.0, -1.0]","[""DONE"", ""DONE"", ""DONE"", ""DONE""]","[""intruder""]"
501,with_mine,train,20261117,mine best,"[-1.0, 1.0]","[""DONE"", ""DONE""]","[""best""]"
502,with_mine,train,20261118,mine intruder,"[-1.0, 1.0]","[""DONE"", ""DONE""]","[""intruder""]"
503,with_mine,train,20261119,mine best intruder smith,"[-1.0, -1.0, 1.0, -1.0]","[""DONE"", ""DONE"", ""DONE"", ""DONE""]","[""intruder""]"
499,without_mine,test,20261115,best intruder smith 1039,"[1.0, -1.0, -1.0, -1.0]","[""DONE"", ""DONE"", ""DONE"", ""DONE""]","[""best""]"
506,with_mine,train,20261122,mine best,"[-1.0, 1.0]","[""DONE"", ""DONE""]","[""best""]"
505,with_mine,train,20261121,mine best intruder 1039,"[-1.0, -1.0, 1.0, -1.0]","[""DONE"", ""DONE"", ""DONE"", ""DONE""]","[""intruder""]"
504,with_mine,train,20261120,mine best intruder 1200,"[-1.0, -1.0, 1.0, -1.0]","[""DONE"", ""DONE"", ""DONE"", ""DONE""]","[""intruder""]"
509,with_mine,train,20261125,mine best intruder 1200,"[-1.0, -1.0, 1.0, -1.0]","[""DONE"", ""DONE"", ""DONE"", ""DONE""]","[""intruder""]"
510,with_mine,train,20261126,mine best intruder 1039,"[-1.0, 1.0, -1.0, -1.0]","[""DONE"", ""DONE"", ""DONE"", ""DONE""]","[""best""]"
507,with_mine,train,20261123,mine intruder,"[-1.0, 1.0]","[""DONE"", ""DONE""]","[""intruder""]"
508,with_mine,train,20261124,mine best intruder smith,"[-1.0, 1.0, -1.0, -1.0]","[""DONE"", ""DONE"", ""DONE"", ""DONE""]","[""best""]"
511,with_mine,train,20261127,mine best,"[-1.0, 1.0]","[""DONE"", ""DONE""]","[""best""]"
512,with_mine,train,20261128,mine intruder,"[-1.0, 1.0]","[""DONE"", ""DONE""]","[""intruder""]"
513,with_mine,train,20261129,mine best intruder smith,"[-1.0, -1.0, 1.0, -1.0]","[""DONE"", ""DONE"", ""DONE"", ""DONE""]","[""intruder""]"
515,with_mine,train,20261131,mine best intruder 1039,"[-1.0, -1.0, 1.0, -1.0]","[""DONE"", ""DONE"", ""DONE"", ""DONE""]","[""intruder""]"
516,with_mine,train,20261132,mine best,"[-1.0, 1.0]","[""DONE"", ""DONE""]","[""best""]"
517,with_mine,train,20261133,mine intruder,"[-1.0, 1.0]","[""DONE"", ""DONE""]","[""intruder""]"
518,with_mine,train,20261134,mine best intruder smith,"[-1.0, 1.0, -1.0, -1.0]","[""DONE"", ""DONE"", ""DONE"", ""DONE""]","[""best""]"
514,with_mine,train,20261130,mine best intruder 1200,"[-1.0, 1.0, -1.0, -1.0]","[""DONE"", ""DONE"", ""DONE"", ""DONE""]","[""best""]"
520,with_mine,train,20261136,mine best intruder 1039,"[-1.0, -1.0, 1.0, -1.0]","[""DONE"", ""DONE"", ""DONE"", ""DONE""]","[""intruder""]"
519,with_mine,train,20261135,mine best intruder 1200,"[-1.0, -1.0, 1.0, -1.0]","[""DONE"", ""DONE"", ""DONE"", ""DONE""]","[""intruder""]"
523,with_mine,train,20261139,mine best intruder smith,"[-1.0, -1.0, 1.0, -1.0]","[""DONE"", ""DONE"", ""DONE"", ""DONE""]","[""intruder""]"
522,with_mine,train,20261138,mine intruder,"[-1.0, 1.0]","[""DONE"", ""DONE""]","[""intruder""]"
524,with_mine,train,20261140,mine best intruder 1200,"[-1.0, 1.0, -1.0, -1.0]","[""DONE"", ""DONE"", ""DONE"", ""DONE""]","[""best""]"
525,with_mine,train,20261141,mine best intruder 1039,"[-1.0, 1.0, -1.0, -1.0]","[""DONE"", ""DONE"", ""DONE"", ""DONE""]","[""best""]"
521,with_mine,train,20261137,mine best,"[-1.0, 1.0]","[""DONE"", ""DONE""]","[""best""]"
526,with_mine,train,20261142,mine best,"[-1.0, 1.0]","[""DONE"", ""DONE""]","[""best""]"
529,with_mine,train,20261145,mine best intruder 1200,"[-1.0, 1.0, -1.0, -1.0]","[""DONE"", ""DONE"", ""DONE"", ""DONE""]","[""best""]"
527,with_mine,train,20261143,mine intruder,"[-1.0, 1.0]","[""DONE"", ""DONE""]","[""intruder""]"
528,with_mine,train,20261144,mine best intruder smith,"[-1.0, 1.0, -1.0, -1.0]","[""DONE"", ""DONE"", ""DONE"", ""DONE""]","[""best""]"
531,with_mine,train,20261147,mine best,"[-1.0, 1.0]","[""DONE"", ""DONE""]","[""best""]"
530,with_mine,train,20261146,mine best intruder 1039,"[-1.0, -1.0, 1.0, -1.0]","[""DONE"", ""DONE"", ""DONE"", ""DONE""]","[""intruder""]"
533,with_mine,train,20261149,mine best intruder smith,"[-1.0, 1.0, -1.0, -1.0]","[""DONE"", ""DONE"", ""DONE"", ""DONE""]","[""best""]"
535,with_mine,train,20261151,mine best intruder 1039,"[-1.0, -1.0, 1.0, -1.0]","[""DONE"", ""DONE"", ""DONE"", ""DONE""]","[""intruder""]"
532,with_mine,train,20261148,mine intruder,"[-1.0, 1.0]","[""DONE"", ""DONE""]","[""intruder""]"
534,with_mine,train,20261150,mine best intruder 1200,"[-1.0, -1.0, 1.0, -1.0]","[""DONE"", ""DONE"", ""DONE"", ""DONE""]","[""intruder""]"
536,with_mine,train,20261152,mine best,"[-1.0, 1.0]","[""DONE"", ""DONE""]","[""best""]"
537,with_mine,train,20261153,mine intruder,"[-1.0, 1.0]","[""DONE"", ""DONE""]","[""intruder""]"
538,with_mine,train,20261154,mine best intruder smith,"[-1.0, -1.0, 1.0, -1.0]","[""DONE"", ""DONE"", ""DONE"", ""DONE""]","[""intruder""]"
541,with_mine,train,20261157,mine best,"[-1.0, 1.0]","[""DONE"", ""DONE""]","[""best""]"
539,with_mine,train,20261155,mine best intruder 1200,"[-1.0, -1.0, 1.0, -1.0]","[""DONE"", ""DONE"", ""DONE"", ""DONE""]","[""intruder""]"
542,with_mine,train,20261158,mine intruder,"[-1.0, 1.0]","[""DONE"", ""DONE""]","[""intruder""]"
543,with_mine,train,20261159,mine best intruder smith,"[-1.0, -1.0, 1.0, -1.0]","[""DONE"", ""DONE"", ""DONE"", ""DONE""]","[""intruder""]"
545,with_mine,train,20261161,mine best intruder 1039,"[-1.0, 1.0, -1.0, -1.0]","[""DONE"", ""DONE"", ""DONE"", ""DONE""]","[""best""]"
544,with_mine,train,20261160,mine best intruder 1200,"[-1.0, -1.0, 1.0, -1.0]","[""DONE"", ""DONE"", ""DONE"", ""DONE""]","[""intruder""]"
547,with_mine,train,20261163,mine intruder,"[-1.0, 1.0]","[""DONE"", ""DONE""]","[""intruder""]"
546,with_mine,train,20261162,mine best,"[-1.0, 1.0]","[""DONE"", ""DONE""]","[""best""]"
540,with_mine,train,20261156,mine best intruder 1039,"[1.0, -1.0, -1.0, -1.0]","[""DONE"", ""DONE"", ""DONE"", ""DONE""]","[""mine""]"
548,with_mine,train,20261164,mine best intruder smith,"[-1.0, -1.0, 1.0, -1.0]","[""DONE"", ""DONE"", ""DONE"", ""DONE""]","[""intruder""]"
550,with_mine,train,20261166,mine best intruder 1039,"[-1.0, -1.0, 1.0, -1.0]","[""DONE"", ""DONE"", ""DONE"", ""DONE""]","[""intruder""]"
549,with_mine,train,20261165,mine best intruder 1200,"[-1.0, 1.0, -1.0, -1.0]","[""DONE"", ""DONE"", ""DONE"", ""DONE""]","[""best""]"
551,with_mine,train,20261167,mine best,"[-1.0, 1.0]","[""DONE"", ""DONE""]","[""best""]"
553,with_mine,train,20261169,mine best intruder smith,"[-1.0, 1.0, -1.0, -1.0]","[""DONE"", ""DONE"", ""DONE"", ""DONE""]","[""best""]"
552,with_mine,train,20261168,mine intruder,"[-1.0, 1.0]","[""DONE"", ""DONE""]","[""intruder""]"
555,with_mine,train,20261171,mine best intruder 1039,"[-1.0, -1.0, 1.0, -1.0]","[""DONE"", ""DONE"", ""DONE"", ""DONE""]","[""intruder""]"
554,with_mine,train,20261170,mine best intruder 1200,"[-1.0, -1.0, 1.0, -1.0]","[""DONE"", ""DONE"", ""DONE"", ""DONE""]","[""intruder""]"
556,with_mine,train,20261172,mine best,"[-1.0, 1.0]","[""DONE"", ""DONE""]","[""best""]"
557,with_mine,train,20261173,mine intruder,"[-1.0, 1.0]","[""DONE"", ""DONE""]","[""intruder""]"
560,with_mine,train,20261176,mine best intruder 1039,"[-1.0, 1.0, -1.0, -1.0]","[""DONE"", ""DONE"", ""DONE"", ""DONE""]","[""best""]"
558,with_mine,train,20261174,mine best intruder smith,"[-1.0, -1.0, 1.0, -1.0]","[""DONE"", ""DONE"", ""DONE"", ""DONE""]","[""intruder""]"
561,with_mine,train,20261177,mine best,"[-1.0, 1.0]","[""DONE"", ""DONE""]","[""best""]"
559,with_mine,train,20261175,mine best intruder 1200,"[-1.0, -1.0, 1.0, -1.0]","[""DONE"", ""DONE"", ""DONE"", ""DONE""]","[""intruder""]"
562,with_mine,train,20261178,mine intruder,"[-1.0, 1.0]","[""DONE"", ""DONE""]","[""intruder""]"
565,with_mine,train,20261181,mine best intruder 1039,"[-1.0, 1.0, -1.0, -1.0]","[""DONE"", ""DONE"", ""DONE"", ""DONE""]","[""best""]"
564,with_mine,train,20261180,mine best intruder 1200,"[-1.0, -1.0, 1.0, -1.0]","[""DONE"", ""DONE"", ""DONE"", ""DONE""]","[""intruder""]"
563,with_mine,train,20261179,mine best intruder smith,"[-1.0, -1.0, 1.0, -1.0]","[""DONE"", ""DONE"", ""DONE"", ""DONE""]","[""intruder""]"
568,with_mine,train,20261184,mine best intruder smith,"[-1.0, -1.0, 1.0, -1.0]","[""DONE"", ""DONE"", ""DONE"", ""DONE""]","[""intruder""]"
566,with_mine,train,20261182,mine best,"[-1.0, 1.0]","[""DONE"", ""DONE""]","[""best""]"
567,with_mine,train,20261183,mine intruder,"[-1.0, 1.0]","[""DONE"", ""DONE""]","[""intruder""]"
570,with_mine,train,20261186,mine best intruder 1039,"[-1.0, 1.0, -1.0, -1.0]","[""DONE"", ""DONE"", ""DONE"", ""DONE""]","[""best""]"
569,with_mine,train,20261185,mine best intruder 1200,"[-1.0, 1.0, -1.0, -1.0]","[""DONE"", ""DONE"", ""DONE"", ""DONE""]","[""best""]"
573,with_mine,train,20261189,mine best intruder smith,"[-1.0, 1.0, -1.0, -1.0]","[""DONE"", ""DONE"", ""DONE"", ""DONE""]","[""best""]"
571,with_mine,train,20261187,mine best,"[-1.0, 1.0]","[""DONE"", ""DONE""]","[""best""]"
574,with_mine,train,20261190,mine best intruder 1200,"[-1.0, -1.0, 1.0, -1.0]","[""DONE"", ""DONE"", ""DONE"", ""DONE""]","[""intruder""]"
572,with_mine,train,20261188,mine intruder,"[-1.0, 1.0]","[""DONE"", ""DONE""]","[""intruder""]"
576,with_mine,train,20261192,mine best,"[-1.0, 1.0]","[""DONE"", ""DONE""]","[""best""]"
577,with_mine,train,20261193,mine intruder,"[-1.0, 1.0]","[""DONE"", ""DONE""]","[""intruder""]"
578,with_mine,train,20261194,mine best intruder smith,"[-1.0, -1.0, 1.0, -1.0]","[""DONE"", ""DONE"", ""DONE"", ""DONE""]","[""intruder""]"
575,with_mine,train,20261191,mine best intruder 1039,"[-1.0, -1.0, 1.0, -1.0]","[""DONE"", ""DONE"", ""DONE"", ""DONE""]","[""intruder""]"
579,with_mine,train,20261195,mine best intruder 1200,"[-1.0, -1.0, 1.0, -1.0]","[""DONE"", ""DONE"", ""DONE"", ""DONE""]","[""intruder""]"
580,with_mine,train,20261196,mine best intruder 1039,"[-1.0, 1.0, -1.0, -1.0]","[""DONE"", ""DONE"", ""DONE"", ""DONE""]","[""best""]"
581,with_mine,train,20261197,mine best,"[-1.0, 1.0]","[""DONE"", ""DONE""]","[""best""]"
582,with_mine,train,20261198,mine intruder,"[-1.0, 1.0]","[""DONE"", ""DONE""]","[""intruder""]"
583,with_mine,train,20261199,mine best intruder smith,"[-1.0, 1.0, -1.0, -1.0]","[""DONE"", ""DONE"", ""DONE"", ""DONE""]","[""best""]"
584,with_mine,train,20261200,mine best intruder 1200,"[-1.0, -1.0, 1.0, -1.0]","[""DONE"", ""DONE"", ""DONE"", ""DONE""]","[""intruder""]"
586,with_mine,train,20261202,mine best,"[-1.0, 1.0]","[""DONE"", ""DONE""]","[""best""]"
587,with_mine,train,20261203,mine intruder,"[-1.0, 1.0]","[""DONE"", ""DONE""]","[""intruder""]"
589,with_mine,train,20261205,mine best intruder 1200,"[-1.0, -1.0, 1.0, -1.0]","[""DONE"", ""DONE"", ""DONE"", ""DONE""]","[""intruder""]"
588,with_mine,train,20261204,mine best intruder smith,"[-1.0, -1.0, 1.0, -1.0]","[""DONE"", ""DONE"", ""DONE"", ""DONE""]","[""intruder""]"
590,with_mine,train,20261206,mine best intruder 1039,"[-1.0, -1.0, 1.0, -1.0]","[""DONE"", ""DONE"", ""DONE"", ""DONE""]","[""intruder""]"
591,with_mine,train,20261207,mine best,"[-1.0, 1.0]","[""DONE"", ""DONE""]","[""best""]"
592,with_mine,train,20261208,mine intruder,"[-1.0, 1.0]","[""DONE"", ""DONE""]","[""intruder""]"
585,with_mine,train,20261201,mine best intruder 1039,"[-1.0, -1.0, -1.0, 1.0]","[""DONE"", ""DONE"", ""DONE"", ""DONE""]","[""1039""]"
594,with_mine,train,20261210,mine best intruder 1200,"[-1.0, -1.0, 1.0, -1.0]","[""DONE"", ""DONE"", ""DONE"", ""DONE""]","[""intruder""]"
596,with_mine,train,20261212,mine best,"[-1.0, 1.0]","[""DONE"", ""DONE""]","[""best""]"
597,with_mine,train,20261213,mine intruder,"[-1.0, 1.0]","[""DONE"", ""DONE""]","[""intruder""]"
595,with_mine,train,20261211,mine best intruder 1039,"[-1.0, -1.0, 1.0, -1.0]","[""DONE"", ""DONE"", ""DONE"", ""DONE""]","[""intruder""]"
600,with_mine,train,20261216,mine best intruder 1039,"[-1.0, -1.0, 1.0, -1.0]","[""DONE"", ""DONE"", ""DONE"", ""DONE""]","[""intruder""]"
599,with_mine,train,20261215,mine best intruder 1200,"[-1.0, 1.0, -1.0, -1.0]","[""DONE"", ""DONE"", ""DONE"", ""DONE""]","[""best""]"
593,with_mine,train,20261209,mine best intruder smith,"[-1.0, -1.0, 1.0, -1.0]","[""DONE"", ""DONE"", ""DONE"", ""DONE""]","[""intruder""]"
598,with_mine,train,20261214,mine best intruder smith,"[-1.0, 1.0, -1.0, -1.0]","[""DONE"", ""DONE"", ""DONE"", ""DONE""]","[""best""]"
603,with_mine,train,20261219,mine best intruder smith,"[-1.0, -1.0, 1.0, -1.0]","[""DONE"", ""DONE"", ""DONE"", ""DONE""]","[""intruder""]"
601,with_mine,train,20261217,mine best,"[-1.0, 1.0]","[""DONE"", ""DONE""]","[""best""]"
602,with_mine,train,20261218,mine intruder,"[-1.0, 1.0]","[""DONE"", ""DONE""]","[""intruder""]"
605,with_mine,train,20261221,mine best intruder 1039,"[-1.0, 1.0, -1.0, -1.0]","[""DONE"", ""DONE"", ""DONE"", ""DONE""]","[""best""]"
604,with_mine,train,20261220,mine best intruder 1200,"[-1.0, 1.0, -1.0, -1.0]","[""DONE"", ""DONE"", ""DONE"", ""DONE""]","[""best""]"
606,with_mine,train,20261222,mine best,"[-1.0, 1.0]","[""DONE"", ""DONE""]","[""best""]"
607,with_mine,train,20261223,mine intruder,"[-1.0, 1.0]","[""DONE"", ""DONE""]","[""intruder""]"
608,with_mine,train,20261224,mine best intruder smith,"[-1.0, -1.0, 1.0, -1.0]","[""DONE"", ""DONE"", ""DONE"", ""DONE""]","[""intruder""]"
609,with_mine,train,20261225,mine best intruder 1200,"[-1.0, -1.0, 1.0, -1.0]","[""DONE"", ""DONE"", ""DONE"", ""DONE""]","[""intruder""]"
611,with_mine,train,20261227,mine best,"[-1.0, 1.0]","[""DONE"", ""DONE""]","[""best""]"
610,with_mine,train,20261226,mine best intruder 1039,"[-1.0, -1.0, 1.0, -1.0]","[""DONE"", ""DONE"", ""DONE"", ""DONE""]","[""intruder""]"
612,with_mine,train,20261228,mine intruder,"[-1.0, 1.0]","[""DONE"", ""DONE""]","[""intruder""]"
613,with_mine,train,20261229,mine best intruder smith,"[-1.0, -1.0, 1.0, -1.0]","[""DONE"", ""DONE"", ""DONE"", ""DONE""]","[""intruder""]"
615,with_mine,train,20261231,mine best intruder 1039,"[-1.0, -1.0, 1.0, -1.0]","[""DONE"", ""DONE"", ""DONE"", ""DONE""]","[""intruder""]"
614,with_mine,train,20261230,mine best intruder 1200,"[-1.0, -1.0, 1.0, -1.0]","[""DONE"", ""DONE"", ""DONE"", ""DONE""]","[""intruder""]"
617,with_mine,train,20261233,mine intruder,"[-1.0, 1.0]","[""DONE"", ""DONE""]","[""intruder""]"
616,with_mine,train,20261232,mine best,"[-1.0, 1.0]","[""DONE"", ""DONE""]","[""best""]"
620,with_mine,train,20261236,mine best intruder 1039,"[-1.0, 1.0, -1.0, -1.0]","[""DONE"", ""DONE"", ""DONE"", ""DONE""]","[""best""]"
618,with_mine,train,20261234,mine best intruder smith,"[-1.0, 1.0, -1.0, -1.0]","[""DONE"", ""DONE"", ""DONE"", ""DONE""]","[""best""]"
619,with_mine,train,20261235,mine best intruder 1200,"[-1.0, 1.0, -1.0, -1.0]","[""DONE"", ""DONE"", ""DONE"", ""DONE""]","[""best""]"
621,with_mine,train,20261237,mine best,"[-1.0, 1.0]","[""DONE"", ""DONE""]","[""best""]"
624,with_mine,train,20261240,mine best intruder 1200,"[-1.0, 1.0, -1.0, -1.0]","[""DONE"", ""DONE"", ""DONE"", ""DONE""]","[""best""]"
623,with_mine,train,20261239,mine best intruder smith,"[-1.0, 1.0, -1.0, -1.0]","[""DONE"", ""DONE"", ""DONE"", ""DONE""]","[""best""]"
622,with_mine,train,20261238,mine intruder,"[-1.0, 1.0]","[""DONE"", ""DONE""]","[""intruder""]"
626,with_mine,train,20261242,mine best,"[-1.0, 1.0]","[""DONE"", ""DONE""]","[""best""]"
625,with_mine,train,20261241,mine best intruder 1039,"[-1.0, -1.0, 1.0, -1.0]","[""DONE"", ""DONE"", ""DONE"", ""DONE""]","[""intruder""]"
627,with_mine,train,20261243,mine intruder,"[-1.0, 1.0]","[""DONE"", ""DONE""]","[""intruder""]"
628,with_mine,train,20261244,mine best intruder smith,"[-1.0, 1.0, -1.0, -1.0]","[""DONE"", ""DONE"", ""DONE"", ""DONE""]","[""best""]"
630,with_mine,train,20261246,mine best intruder 1039,"[-1.0, -1.0, 1.0, -1.0]","[""DONE"", ""DONE"", ""DONE"", ""DONE""]","[""intruder""]"
629,with_mine,train,20261245,mine best intruder 1200,"[-1.0, -1.0, 1.0, -1.0]","[""DONE"", ""DONE"", ""DONE"", ""DONE""]","[""intruder""]"
632,with_mine,train,20261248,mine intruder,"[-1.0, 1.0]","[""DONE"", ""DONE""]","[""intruder""]"
631,with_mine,train,20261247,mine best,"[-1.0, 1.0]","[""DONE"", ""DONE""]","[""best""]"
633,with_mine,train,20261249,mine best intruder smith,"[-1.0, 1.0, -1.0, -1.0]","[""DONE"", ""DONE"", ""DONE"", ""DONE""]","[""best""]"
636,with_mine,train,20261252,mine best,"[-1.0, 1.0]","[""DONE"", ""DONE""]","[""best""]"
635,with_mine,train,20261251,mine best intruder 1039,"[-1.0, -1.0, 1.0, -1.0]","[""DONE"", ""DONE"", ""DONE"", ""DONE""]","[""intruder""]"
634,with_mine,train,20261250,mine best intruder 1200,"[-1.0, 1.0, -1.0, -1.0]","[""DONE"", ""DONE"", ""DONE"", ""DONE""]","[""best""]"
638,with_mine,train,20261254,mine best intruder smith,"[-1.0, -1.0, 1.0, -1.0]","[""DONE"", ""DONE"", ""DONE"", ""DONE""]","[""intruder""]"
637,with_mine,train,20261253,mine intruder,"[-1.0, 1.0]","[""DONE"", ""DONE""]","[""intruder""]"
640,with_mine,train,20261256,mine best intruder 1039,"[-1.0, -1.0, 1.0, -1.0]","[""DONE"", ""DONE"", ""DONE"", ""DONE""]","[""intruder""]"
639,with_mine,train,20261255,mine best intruder 1200,"[-1.0, -1.0, 1.0, -1.0]","[""DONE"", ""DONE"", ""DONE"", ""DONE""]","[""intruder""]"
641,with_mine,train,20261257,mine best,"[-1.0, 1.0]","[""DONE"", ""DONE""]","[""best""]"
643,with_mine,train,20261259,mine best intruder smith,"[-1.0, -1.0, 1.0, -1.0]","[""DONE"", ""DONE"", ""DONE"", ""DONE""]","[""intruder""]"
642,with_mine,train,20261258,mine intruder,"[-1.0, 1.0]","[""DONE"", ""DONE""]","[""intruder""]"
645,with_mine,train,20261261,mine best intruder 1039,"[-1.0, 1.0, -1.0, -1.0]","[""DONE"", ""DONE"", ""DONE"", ""DONE""]","[""best""]"
648,with_mine,train,20261264,mine best intruder smith,"[-1.0, 1.0, -1.0, -1.0]","[""DONE"", ""DONE"", ""DONE"", ""DONE""]","[""best""]"
644,with_mine,train,20261260,mine best intruder 1200,"[-1.0, -1.0, 1.0, -1.0]","[""DONE"", ""DONE"", ""DONE"", ""DONE""]","[""intruder""]"
647,with_mine,train,20261263,mine intruder,"[-1.0, 1.0]","[""DONE"", ""DONE""]","[""intruder""]"
649,with_mine,train,20261265,mine best intruder 1200,"[-1.0, -1.0, 1.0, -1.0]","[""DONE"", ""DONE"", ""DONE"", ""DONE""]","[""intruder""]"
650,with_mine,train,20261266,mine best intruder 1039,"[-1.0, 1.0, -1.0, -1.0]","[""DONE"", ""DONE"", ""DONE"", ""DONE""]","[""best""]"
651,with_mine,train,20261267,mine best,"[-1.0, 1.0]","[""DONE"", ""DONE""]","[""best""]"
652,with_mine,train,20261268,mine intruder,"[-1.0, 1.0]","[""DONE"", ""DONE""]","[""intruder""]"
646,with_mine,train,20261262,mine best,"[-1.0, 1.0]","[""DONE"", ""DONE""]","[""best""]"
653,with_mine,train,20261269,mine best intruder smith,"[-1.0, -1.0, 1.0, -1.0]","[""DONE"", ""DONE"", ""DONE"", ""DONE""]","[""intruder""]"
655,with_mine,train,20261271,mine best intruder 1039,"[-1.0, -1.0, 1.0, -1.0]","[""DONE"", ""DONE"", ""DONE"", ""DONE""]","[""intruder""]"
656,with_mine,train,20261272,mine best,"[-1.0, 1.0]","[""DONE"", ""DONE""]","[""best""]"
657,with_mine,train,20261273,mine intruder,"[-1.0, 1.0]","[""DONE"", ""DONE""]","[""intruder""]"
654,with_mine,train,20261270,mine best intruder 1200,"[-1.0, 1.0, -1.0, -1.0]","[""DONE"", ""DONE"", ""DONE"", ""DONE""]","[""best""]"
658,with_mine,train,20261274,mine best intruder smith,"[-1.0, -1.0, 1.0, -1.0]","[""DONE"", ""DONE"", ""DONE"", ""DONE""]","[""intruder""]"
661,with_mine,train,20261277,mine best,"[-1.0, 1.0]","[""DONE"", ""DONE""]","[""best""]"
659,with_mine,train,20261275,mine best intruder 1200,"[-1.0, -1.0, 1.0, -1.0]","[""DONE"", ""DONE"", ""DONE"", ""DONE""]","[""intruder""]"
660,with_mine,train,20261276,mine best intruder 1039,"[-1.0, -1.0, 1.0, -1.0]","[""DONE"", ""DONE"", ""DONE"", ""DONE""]","[""intruder""]"
664,with_mine,train,20261280,mine best intruder 1200,"[-1.0, -1.0, 1.0, -1.0]","[""DONE"", ""DONE"", ""DONE"", ""DONE""]","[""intruder""]"
662,with_mine,train,20261278,mine intruder,"[-1.0, 1.0]","[""DONE"", ""DONE""]","[""intruder""]"
665,with_mine,train,20261281,mine best intruder 1039,"[-1.0, -1.0, 1.0, -1.0]","[""DONE"", ""DONE"", ""DONE"", ""DONE""]","[""intruder""]"
663,with_mine,train,20261279,mine best intruder smith,"[-1.0, 1.0, -1.0, -1.0]","[""DONE"", ""DONE"", ""DONE"", ""DONE""]","[""best""]"
669,with_mine,train,20261285,mine best intruder 1200,"[-1.0, 1.0, -1.0, -1.0]","[""DONE"", ""DONE"", ""DONE"", ""DONE""]","[""best""]"
666,with_mine,train,20261282,mine best,"[-1.0, 1.0]","[""DONE"", ""DONE""]","[""best""]"
667,with_mine,train,20261283,mine intruder,"[-1.0, 1.0]","[""DONE"", ""DONE""]","[""intruder""]"
670,with_mine,train,20261286,mine best intruder 1039,"[-1.0, -1.0, 1.0, -1.0]","[""DONE"", ""DONE"", ""DONE"", ""DONE""]","[""intruder""]"
668,with_mine,train,20261284,mine best intruder smith,"[-1.0, 1.0, -1.0, -1.0]","[""DONE"", ""DONE"", ""DONE"", ""DONE""]","[""best""]"
672,with_mine,train,20261288,mine intruder,"[-1.0, 1.0]","[""DONE"", ""DONE""]","[""intruder""]"
673,with_mine,train,20261289,mine best intruder smith,"[-1.0, -1.0, 1.0, -1.0]","[""DONE"", ""DONE"", ""DONE"", ""DONE""]","[""intruder""]"
675,with_mine,train,20261291,mine best intruder 1039,"[-1.0, 1.0, -1.0, -1.0]","[""DONE"", ""DONE"", ""DONE"", ""DONE""]","[""best""]"
671,with_mine,train,20261287,mine best,"[-1.0, 1.0]","[""DONE"", ""DONE""]","[""best""]"
674,with_mine,train,20261290,mine best intruder 1200,"[-1.0, 1.0, -1.0, -1.0]","[""DONE"", ""DONE"", ""DONE"", ""DONE""]","[""best""]"
676,with_mine,train,20261292,mine best,"[-1.0, 1.0]","[""DONE"", ""DONE""]","[""best""]"
677,with_mine,train,20261293,mine intruder,"[-1.0, 1.0]","[""DONE"", ""DONE""]","[""intruder""]"
678,with_mine,train,20261294,mine best intruder smith,"[-1.0, -1.0, 1.0, -1.0]","[""DONE"", ""DONE"", ""DONE"", ""DONE""]","[""intruder""]"
681,with_mine,train,20261297,mine best,"[-1.0, 1.0]","[""DONE"", ""DONE""]","[""best""]"
679,with_mine,train,20261295,mine best intruder 1200,"[-1.0, 1.0, -1.0, -1.0]","[""DONE"", ""DONE"", ""DONE"", ""DONE""]","[""best""]"
680,with_mine,train,20261296,mine best intruder 1039,"[-1.0, -1.0, 1.0, -1.0]","[""DONE"", ""DONE"", ""DONE"", ""DONE""]","[""intruder""]"
683,with_mine,train,20261299,mine best intruder smith,"[-1.0, 1.0, -1.0, -1.0]","[""DONE"", ""DONE"", ""DONE"", ""DONE""]","[""best""]"
684,with_mine,train,20261300,mine best intruder 1200,"[-1.0, -1.0, 1.0, -1.0]","[""DONE"", ""DONE"", ""DONE"", ""DONE""]","[""intruder""]"
682,with_mine,train,20261298,mine intruder,"[-1.0, 1.0]","[""DONE"", ""DONE""]","[""intruder""]"
687,with_mine,train,20261303,mine intruder,"[-1.0, 1.0]","[""DONE"", ""DONE""]","[""intruder""]"
686,with_mine,train,20261302,mine best,"[-1.0, 1.0]","[""DONE"", ""DONE""]","[""best""]"
688,with_mine,train,20261304,mine best intruder smith,"[-1.0, -1.0, 1.0, -1.0]","[""DONE"", ""DONE"", ""DONE"", ""DONE""]","[""intruder""]"
685,with_mine,train,20261301,mine best intruder 1039,"[1.0, -1.0, -1.0, -1.0]","[""DONE"", ""DONE"", ""DONE"", ""DONE""]","[""mine""]"
690,with_mine,train,20261306,mine best intruder 1039,"[-1.0, -1.0, 1.0, -1.0]","[""DONE"", ""DONE"", ""DONE"", ""DONE""]","[""intruder""]"
689,with_mine,train,20261305,mine best intruder 1200,"[-1.0, -1.0, 1.0, -1.0]","[""DONE"", ""DONE"", ""DONE"", ""DONE""]","[""intruder""]"
691,with_mine,train,20261307,mine best,"[-1.0, 1.0]","[""DONE"", ""DONE""]","[""best""]"
693,with_mine,train,20261309,mine best intruder smith,"[-1.0, 1.0, -1.0, -1.0]","[""DONE"", ""DONE"", ""DONE"", ""DONE""]","[""best""]"
692,with_mine,train,20261308,mine intruder,"[-1.0, 1.0]","[""DONE"", ""DONE""]","[""intruder""]"
694,with_mine,train,20261310,mine best intruder 1200,"[-1.0, 1.0, -1.0, -1.0]","[""DONE"", ""DONE"", ""DONE"", ""DONE""]","[""best""]"
696,with_mine,train,20261312,mine best,"[-1.0, 1.0]","[""DONE"", ""DONE""]","[""best""]"
697,with_mine,train,20261313,mine intruder,"[-1.0, 1.0]","[""DONE"", ""DONE""]","[""intruder""]"
698,with_mine,train,20261314,mine best intruder smith,"[-1.0, 1.0, -1.0, -1.0]","[""DONE"", ""DONE"", ""DONE"", ""DONE""]","[""best""]"
695,with_mine,train,20261311,mine best intruder 1039,"[-1.0, -1.0, 1.0, -1.0]","[""DONE"", ""DONE"", ""DONE"", ""DONE""]","[""intruder""]"
699,with_mine,train,20261315,mine best intruder 1200,"[-1.0, -1.0, 1.0, -1.0]","[""DONE"", ""DONE"", ""DONE"", ""DONE""]","[""intruder""]"
702,with_mine,train,20261318,mine intruder,"[-1.0, 1.0]","[""DONE"", ""DONE""]","[""intruder""]"
701,with_mine,train,20261317,mine best,"[-1.0, 1.0]","[""DONE"", ""DONE""]","[""best""]"
700,with_mine,train,20261316,mine best intruder 1039,"[-1.0, -1.0, 1.0, -1.0]","[""DONE"", ""DONE"", ""DONE"", ""DONE""]","[""intruder""]"
703,with_mine,train,20261319,mine best intruder smith,"[-1.0, -1.0, 1.0, -1.0]","[""DONE"", ""DONE"", ""DONE"", ""DONE""]","[""intruder""]"
705,with_mine,train,20261321,mine best intruder 1039,"[-1.0, -1.0, 1.0, -1.0]","[""DONE"", ""DONE"", ""DONE"", ""DONE""]","[""intruder""]"
707,with_mine,train,20261323,mine intruder,"[-1.0, 1.0]","[""DONE"", ""DONE""]","[""intruder""]"
704,with_mine,train,20261320,mine best intruder 1200,"[-1.0, 1.0, -1.0, -1.0]","[""DONE"", ""DONE"", ""DONE"", ""DONE""]","[""best""]"
706,with_mine,train,20261322,mine best,"[-1.0, 1.0]","[""DONE"", ""DONE""]","[""best""]"
708,with_mine,train,20261324,mine best intruder smith,"[-1.0, 1.0, -1.0, -1.0]","[""DONE"", ""DONE"", ""DONE"", ""DONE""]","[""best""]"
712,with_mine,train,20261328,mine intruder,"[-1.0, 1.0]","[""DONE"", ""DONE""]","[""intruder""]"
710,with_mine,train,20261326,mine best intruder 1039,"[-1.0, -1.0, 1.0, -1.0]","[""DONE"", ""DONE"", ""DONE"", ""DONE""]","[""intruder""]"
709,with_mine,train,20261325,mine best intruder 1200,"[-1.0, -1.0, 1.0, -1.0]","[""DONE"", ""DONE"", ""DONE"", ""DONE""]","[""intruder""]"
711,with_mine,train,20261327,mine best,"[-1.0, 1.0]","[""DONE"", ""DONE""]","[""best""]"
713,with_mine,train,20261329,mine best intruder smith,"[-1.0, -1.0, 1.0, -1.0]","[""DONE"", ""DONE"", ""DONE"", ""DONE""]","[""intruder""]"
714,with_mine,train,20261330,mine best intruder 1200,"[-1.0, 1.0, -1.0, -1.0]","[""DONE"", ""DONE"", ""DONE"", ""DONE""]","[""best""]"
718,with_mine,train,20261334,mine best intruder smith,"[-1.0, 1.0, -1.0, -1.0]","[""DONE"", ""DONE"", ""DONE"", ""DONE""]","[""best""]"
716,with_mine,train,20261332,mine best,"[-1.0, 1.0]","[""DONE"", ""DONE""]","[""best""]"
717,with_mine,train,20261333,mine intruder,"[-1.0, 1.0]","[""DONE"", ""DONE""]","[""intruder""]"
720,with_mine,train,20261336,mine best intruder 1039,"[-1.0, -1.0, 1.0, -1.0]","[""DONE"", ""DONE"", ""DONE"", ""DONE""]","[""intruder""]"
719,with_mine,train,20261335,mine best intruder 1200,"[-1.0, -1.0, 1.0, -1.0]","[""DONE"", ""DONE"", ""DONE"", ""DONE""]","[""intruder""]"
721,with_mine,train,20261337,mine best,"[-1.0, 1.0]","[""DONE"", ""DONE""]","[""best""]"
722,with_mine,train,20261338,mine intruder,"[-1.0, 1.0]","[""DONE"", ""DONE""]","[""intruder""]"
723,with_mine,train,20261339,mine best intruder smith,"[-1.0, -1.0, 1.0, -1.0]","[""DONE"", ""DONE"", ""DONE"", ""DONE""]","[""intruder""]"
715,with_mine,train,20261331,mine best intruder 1039,"[-1.0, -1.0, 1.0, -1.0]","[""DONE"", ""DONE"", ""DONE"", ""DONE""]","[""intruder""]"
725,with_mine,train,20261341,mine best intruder 1039,"[-1.0, -1.0, 1.0, -1.0]","[""DONE"", ""DONE"", ""DONE"", ""DONE""]","[""intruder""]"
724,with_mine,train,20261340,mine best intruder 1200,"[-1.0, 1.0, -1.0, -1.0]","[""DONE"", ""DONE"", ""DONE"", ""DONE""]","[""best""]"
727,with_mine,train,20261343,mine intruder,"[-1.0, 1.0]","[""DONE"", ""DONE""]","[""intruder""]"
726,with_mine,train,20261342,mine best,"[-1.0, 1.0]","[""DONE"", ""DONE""]","[""best""]"
728,with_mine,train,20261344,mine best intruder smith,"[-1.0, 1.0, -1.0, -1.0]","[""DONE"", ""DONE"", ""DONE"", ""DONE""]","[""best""]"
729,with_mine,train,20261345,mine best intruder 1200,"[-1.0, 1.0, -1.0, -1.0]","[""DONE"", ""DONE"", ""DONE"", ""DONE""]","[""best""]"
730,with_mine,train,20261346,mine best intruder 1039,"[-1.0, -1.0, 1.0, -1.0]","[""DONE"", ""DONE"", ""DONE"", ""DONE""]","[""intruder""]"
733,with_mine,train,20261349,mine best intruder smith,"[-1.0, -1.0, 1.0, -1.0]","[""DONE"", ""DONE"", ""DONE"", ""DONE""]","[""intruder""]"
731,with_mine,train,20261347,mine best,"[-1.0, 1.0]","[""DONE"", ""DONE""]","[""best""]"
734,with_mine,train,20261350,mine best intruder 1200,"[-1.0, -1.0, 1.0, -1.0]","[""DONE"", ""DONE"", ""DONE"", ""DONE""]","[""intruder""]"
735,with_mine,train,20261351,mine best intruder 1039,"[-1.0, 1.0, -1.0, -1.0]","[""DONE"", ""DONE"", ""DONE"", ""DONE""]","[""best""]"
732,with_mine,train,20261348,mine intruder,"[-1.0, 1.0]","[""DONE"", ""DONE""]","[""intruder""]"
736,with_mine,train,20261352,mine best,"[1.0, -1.0]","[""DONE"", ""DONE""]","[""mine""]"
737,with_mine,train,20261353,mine intruder,"[-1.0, 1.0]","[""DONE"", ""DONE""]","[""intruder""]"
739,with_mine,train,20261355,mine best intruder 1200,"[-1.0, 1.0, -1.0, -1.0]","[""DONE"", ""DONE"", ""DONE"", ""DONE""]","[""best""]"
738,with_mine,train,20261354,mine best intruder smith,"[-1.0, -1.0, 1.0, -1.0]","[""DONE"", ""DONE"", ""DONE"", ""DONE""]","[""intruder""]"
743,with_mine,train,20261359,mine best intruder smith,"[-1.0, 1.0, -1.0, -1.0]","[""DONE"", ""DONE"", ""DONE"", ""DONE""]","[""best""]"
741,with_mine,train,20261357,mine best,"[-1.0, 1.0]","[""DONE"", ""DONE""]","[""best""]"
742,with_mine,train,20261358,mine intruder,"[-1.0, 1.0]","[""DONE"", ""DONE""]","[""intruder""]"
744,with_mine,train,20261360,mine best intruder 1200,"[-1.0, -1.0, 1.0, -1.0]","[""DONE"", ""DONE"", ""DONE"", ""DONE""]","[""intruder""]"
746,with_mine,train,20261362,mine best,"[-1.0, 1.0]","[""DONE"", ""DONE""]","[""best""]"
747,with_mine,train,20261363,mine intruder,"[-1.0, 1.0]","[""DONE"", ""DONE""]","[""intruder""]"
745,with_mine,train,20261361,mine best intruder 1039,"[-1.0, -1.0, 1.0, -1.0]","[""DONE"", ""DONE"", ""DONE"", ""DONE""]","[""intruder""]"
748,with_mine,train,20261364,mine best intruder smith,"[-1.0, -1.0, 1.0, -1.0]","[""DONE"", ""DONE"", ""DONE"", ""DONE""]","[""intruder""]"
740,with_mine,train,20261356,mine best intruder 1039,"[-1.0, -1.0, 1.0, -1.0]","[""DONE"", ""DONE"", ""DONE"", ""DONE""]","[""intruder""]"
750,with_mine,train,20261366,mine best intruder 1039,"[-1.0, -1.0, 1.0, -1.0]","[""DONE"", ""DONE"", ""DONE"", ""DONE""]","[""intruder""]"
749,with_mine,train,20261365,mine best intruder 1200,"[-1.0, 1.0, -1.0, -1.0]","[""DONE"", ""DONE"", ""DONE"", ""DONE""]","[""best""]"
751,with_mine,train,20261367,mine best,"[-1.0, 1.0]","[""DONE"", ""DONE""]","[""best""]"
752,with_mine,train,20261368,mine intruder,"[-1.0, 1.0]","[""DONE"", ""DONE""]","[""intruder""]"
753,with_mine,train,20261369,mine best intruder smith,"[-1.0, -1.0, 1.0, -1.0]","[""DONE"", ""DONE"", ""DONE"", ""DONE""]","[""intruder""]"
755,with_mine,train,20261371,mine best intruder 1039,"[-1.0, -1.0, 1.0, -1.0]","[""DONE"", ""DONE"", ""DONE"", ""DONE""]","[""intruder""]"
754,with_mine,train,20261370,mine best intruder 1200,"[-1.0, 1.0, -1.0, -1.0]","[""DONE"", ""DONE"", ""DONE"", ""DONE""]","[""best""]"
756,with_mine,train,20261372,mine best,"[-1.0, 1.0]","[""DONE"", ""DONE""]","[""best""]"
757,with_mine,train,20261373,mine intruder,"[-1.0, 1.0]","[""DONE"", ""DONE""]","[""intruder""]"
758,with_mine,train,20261374,mine best intruder smith,"[-1.0, -1.0, -1.0, 1.0]","[""DONE"", ""DONE"", ""DONE"", ""DONE""]","[""smith""]"
761,with_mine,train,20261377,mine best,"[-1.0, 1.0]","[""DONE"", ""DONE""]","[""best""]"
763,with_mine,train,20261379,mine best intruder smith,"[-1.0, -1.0, 1.0, -1.0]","[""DONE"", ""DONE"", ""DONE"", ""DONE""]","[""intruder""]"
759,with_mine,train,20261375,mine best intruder 1200,"[-1.0, -1.0, 1.0, -1.0]","[""DONE"", ""DONE"", ""DONE"", ""DONE""]","[""intruder""]"
760,with_mine,train,20261376,mine best intruder 1039,"[-1.0, 1.0, -1.0, -1.0]","[""DONE"", ""DONE"", ""DONE"", ""DONE""]","[""best""]"
762,with_mine,train,20261378,mine intruder,"[-1.0, 1.0]","[""DONE"", ""DONE""]","[""intruder""]"
766,with_mine,train,20261382,mine best,"[-1.0, 1.0]","[""DONE"", ""DONE""]","[""best""]"
764,with_mine,train,20261380,mine best intruder 1200,"[-1.0, -1.0, 1.0, -1.0]","[""DONE"", ""DONE"", ""DONE"", ""DONE""]","[""intruder""]"
767,with_mine,train,20261383,mine intruder,"[-1.0, 1.0]","[""DONE"", ""DONE""]","[""intruder""]"
765,with_mine,train,20261381,mine best intruder 1039,"[-1.0, -1.0, 1.0, -1.0]","[""DONE"", ""DONE"", ""DONE"", ""DONE""]","[""intruder""]"
768,with_mine,train,20261384,mine best intruder smith,"[-1.0, -1.0, 1.0, -1.0]","[""DONE"", ""DONE"", ""DONE"", ""DONE""]","[""intruder""]"
769,with_mine,train,20261385,mine best intruder 1200,"[-1.0, -1.0, 1.0, -1.0]","[""DONE"", ""DONE"", ""DONE"", ""DONE""]","[""intruder""]"
771,with_mine,train,20261387,mine best,"[-1.0, 1.0]","[""DONE"", ""DONE""]","[""best""]"
772,with_mine,train,20261388,mine intruder,"[-1.0, 1.0]","[""DONE"", ""DONE""]","[""intruder""]"
773,with_mine,train,20261389,mine best intruder smith,"[-1.0, 1.0, -1.0, -1.0]","[""DONE"", ""DONE"", ""DONE"", ""DONE""]","[""best""]"
774,with_mine,train,20261390,mine best intruder 1200,"[-1.0, -1.0, 1.0, -1.0]","[""DONE"", ""DONE"", ""DONE"", ""DONE""]","[""intruder""]"
777,with_mine,train,20261393,mine intruder,"[-1.0, 1.0]","[""DONE"", ""DONE""]","[""intruder""]"
775,with_mine,train,20261391,mine best intruder 1039,"[-1.0, -1.0, 1.0, -1.0]","[""DONE"", ""DONE"", ""DONE"", ""DONE""]","[""intruder""]"
770,with_mine,train,20261386,mine best intruder 1039,"[-1.0, 1.0, -1.0, -1.0]","[""DONE"", ""DONE"", ""DONE"", ""DONE""]","[""best""]"
778,with_mine,train,20261394,mine best intruder smith,"[-1.0, -1.0, 1.0, -1.0]","[""DONE"", ""DONE"", ""DONE"", ""DONE""]","[""intruder""]"
780,with_mine,train,20261396,mine best intruder 1039,"[-1.0, -1.0, 1.0, -1.0]","[""DONE"", ""DONE"", ""DONE"", ""DONE""]","[""intruder""]"
782,with_mine,train,20261398,mine intruder,"[-1.0, 1.0]","[""DONE"", ""DONE""]","[""intruder""]"
781,with_mine,train,20261397,mine best,"[-1.0, 1.0]","[""DONE"", ""DONE""]","[""best""]"
776,with_mine,train,20261392,mine best,"[-1.0, 1.0]","[""DONE"", ""DONE""]","[""best""]"
779,with_mine,train,20261395,mine best intruder 1200,"[-1.0, -1.0, 1.0, -1.0]","[""DONE"", ""DONE"", ""DONE"", ""DONE""]","[""intruder""]"
783,with_mine,train,20261399,mine best intruder smith,"[-1.0, -1.0, 1.0, -1.0]","[""DONE"", ""DONE"", ""DONE"", ""DONE""]","[""intruder""]"
786,with_mine,train,20261402,mine best,"[-1.0, 1.0]","[""DONE"", ""DONE""]","[""best""]"
784,with_mine,train,20261400,mine best intruder 1200,"[-1.0, -1.0, 1.0, -1.0]","[""DONE"", ""DONE"", ""DONE"", ""DONE""]","[""intruder""]"
788,with_mine,train,20261404,mine best intruder smith,"[-1.0, -1.0, 1.0, -1.0]","[""DONE"", ""DONE"", ""DONE"", ""DONE""]","[""intruder""]"
787,with_mine,train,20261403,mine intruder,"[-1.0, 1.0]","[""DONE"", ""DONE""]","[""intruder""]"
789,with_mine,train,20261405,mine best intruder 1200,"[-1.0, 1.0, -1.0, -1.0]","[""DONE"", ""DONE"", ""DONE"", ""DONE""]","[""best""]"
785,with_mine,train,20261401,mine best intruder 1039,"[-1.0, 1.0, -1.0, -1.0]","[""DONE"", ""DONE"", ""DONE"", ""DONE""]","[""best""]"
792,with_mine,train,20261408,mine intruder,"[-1.0, 1.0]","[""DONE"", ""DONE""]","[""intruder""]"
791,with_mine,train,20261407,mine best,"[-1.0, 1.0]","[""DONE"", ""DONE""]","[""best""]"
793,with_mine,train,20261409,mine best intruder smith,"[-1.0, 1.0, -1.0, -1.0]","[""DONE"", ""DONE"", ""DONE"", ""DONE""]","[""best""]"
796,with_mine,train,20261412,mine best,"[-1.0, 1.0]","[""DONE"", ""DONE""]","[""best""]"
790,with_mine,train,20261406,mine best intruder 1039,"[-1.0, 1.0, -1.0, -1.0]","[""DONE"", ""DONE"", ""DONE"", ""DONE""]","[""best""]"
794,with_mine,train,20261410,mine best intruder 1200,"[-1.0, 1.0, -1.0, -1.0]","[""DONE"", ""DONE"", ""DONE"", ""DONE""]","[""best""]"
795,with_mine,train,20261411,mine best intruder 1039,"[-1.0, 1.0, -1.0, -1.0]","[""DONE"", ""DONE"", ""DONE"", ""DONE""]","[""best""]"
797,with_mine,train,20261413,mine intruder,"[-1.0, 1.0]","[""DONE"", ""DONE""]","[""intruder""]"
799,with_mine,train,20261415,mine best intruder 1200,"[-1.0, 1.0, -1.0, -1.0]","[""DONE"", ""DONE"", ""DONE"", ""DONE""]","[""best""]"
801,with_mine,train,20261417,mine best,"[-1.0, 1.0]","[""DONE"", ""DONE""]","[""best""]"
798,with_mine,train,20261414,mine best intruder smith,"[-1.0, 1.0, -1.0, -1.0]","[""DONE"", ""DONE"", ""DONE"", ""DONE""]","[""best""]"
802,with_mine,train,20261418,mine intruder,"[-1.0, 1.0]","[""DONE"", ""DONE""]","[""intruder""]"
800,with_mine,train,20261416,mine best intruder 1039,"[-1.0, -1.0, 1.0, -1.0]","[""DONE"", ""DONE"", ""DONE"", ""DONE""]","[""intruder""]"
803,with_mine,train,20261419,mine best intruder smith,"[-1.0, 1.0, -1.0, -1.0]","[""DONE"", ""DONE"", ""DONE"", ""DONE""]","[""best""]"
804,with_mine,train,20261420,mine best intruder 1200,"[-1.0, -1.0, 1.0, -1.0]","[""DONE"", ""DONE"", ""DONE"", ""DONE""]","[""intruder""]"
805,with_mine,train,20261421,mine best intruder 1039,"[-1.0, 1.0, -1.0, -1.0]","[""DONE"", ""DONE"", ""DONE"", ""DONE""]","[""best""]"
806,with_mine,train,20261422,mine best,"[-1.0, 1.0]","[""DONE"", ""DONE""]","[""best""]"
807,with_mine,train,20261423,mine intruder,"[-1.0, 1.0]","[""DONE"", ""DONE""]","[""intruder""]"
808,with_mine,train,20261424,mine best intruder smith,"[-1.0, 1.0, -1.0, -1.0]","[""DONE"", ""DONE"", ""DONE"", ""DONE""]","[""best""]"
809,with_mine,train,20261425,mine best intruder 1200,"[-1.0, -1.0, 1.0, -1.0]","[""DONE"", ""DONE"", ""DONE"", ""DONE""]","[""intruder""]"
811,with_mine,train,20261427,mine best,"[-1.0, 1.0]","[""DONE"", ""DONE""]","[""best""]"
812,with_mine,train,20261428,mine intruder,"[-1.0, 1.0]","[""DONE"", ""DONE""]","[""intruder""]"
810,with_mine,train,20261426,mine best intruder 1039,"[-1.0, -1.0, 1.0, -1.0]","[""DONE"", ""DONE"", ""DONE"", ""DONE""]","[""intruder""]"
815,with_mine,train,20261431,mine best intruder 1039,"[-1.0, -1.0, 1.0, -1.0]","[""DONE"", ""DONE"", ""DONE"", ""DONE""]","[""intruder""]"
813,with_mine,train,20261429,mine best intruder smith,"[-1.0, -1.0, 1.0, -1.0]","[""DONE"", ""DONE"", ""DONE"", ""DONE""]","[""intruder""]"
816,with_mine,train,20261432,mine best,"[-1.0, 1.0]","[""DONE"", ""DONE""]","[""best""]"
814,with_mine,train,20261430,mine best intruder 1200,"[-1.0, -1.0, 1.0, -1.0]","[""DONE"", ""DONE"", ""DONE"", ""DONE""]","[""intruder""]"
817,with_mine,train,20261433,mine intruder,"[-1.0, 1.0]","[""DONE"", ""DONE""]","[""intruder""]"
820,with_mine,train,20261436,mine best intruder 1039,"[-1.0, -1.0, 1.0, -1.0]","[""DONE"", ""DONE"", ""DONE"", ""DONE""]","[""intruder""]"
819,with_mine,train,20261435,mine best intruder 1200,"[-1.0, 1.0, -1.0, -1.0]","[""DONE"", ""DONE"", ""DONE"", ""DONE""]","[""best""]"
818,with_mine,train,20261434,mine best intruder smith,"[-1.0, 1.0, -1.0, -1.0]","[""DONE"", ""DONE"", ""DONE"", ""DONE""]","[""best""]"
821,with_mine,train,20261437,mine best,"[-1.0, 1.0]","[""DONE"", ""DONE""]","[""best""]"
823,with_mine,train,20261439,mine best intruder smith,"[-1.0, -1.0, 1.0, -1.0]","[""DONE"", ""DONE"", ""DONE"", ""DONE""]","[""intruder""]"
822,with_mine,train,20261438,mine intruder,"[-1.0, 1.0]","[""DONE"", ""DONE""]","[""intruder""]"
825,with_mine,train,20261441,mine best intruder 1039,"[-1.0, 1.0, -1.0, -1.0]","[""DONE"", ""DONE"", ""DONE"", ""DONE""]","[""best""]"
824,with_mine,train,20261440,mine best intruder 1200,"[-1.0, -1.0, 1.0, -1.0]","[""DONE"", ""DONE"", ""DONE"", ""DONE""]","[""intruder""]"
828,with_mine,train,20261444,mine best intruder smith,"[-1.0, -1.0, 1.0, -1.0]","[""DONE"", ""DONE"", ""DONE"", ""DONE""]","[""intruder""]"
827,with_mine,train,20261443,mine intruder,"[-1.0, 1.0]","[""DONE"", ""DONE""]","[""intruder""]"
826,with_mine,train,20261442,mine best,"[-1.0, 1.0]","[""DONE"", ""DONE""]","[""best""]"
829,with_mine,train,20261445,mine best intruder 1200,"[-1.0, -1.0, 1.0, -1.0]","[""DONE"", ""DONE"", ""DONE"", ""DONE""]","[""intruder""]"
831,with_mine,train,20261447,mine best,"[-1.0, 1.0]","[""DONE"", ""DONE""]","[""best""]"
832,with_mine,train,20261448,mine intruder,"[-1.0, 1.0]","[""DONE"", ""DONE""]","[""intruder""]"
833,with_mine,train,20261449,mine best intruder smith,"[-1.0, 1.0, -1.0, -1.0]","[""DONE"", ""DONE"", ""DONE"", ""DONE""]","[""best""]"
830,with_mine,train,20261446,mine best intruder 1039,"[-1.0, -1.0, 1.0, -1.0]","[""DONE"", ""DONE"", ""DONE"", ""DONE""]","[""intruder""]"
834,with_mine,train,20261450,mine best intruder 1200,"[-1.0, 1.0, -1.0, -1.0]","[""DONE"", ""DONE"", ""DONE"", ""DONE""]","[""best""]"
836,with_mine,train,20261452,mine best,"[-1.0, 1.0]","[""DONE"", ""DONE""]","[""best""]"
835,with_mine,train,20261451,mine best intruder 1039,"[-1.0, -1.0, 1.0, -1.0]","[""DONE"", ""DONE"", ""DONE"", ""DONE""]","[""intruder""]"
837,with_mine,train,20261453,mine intruder,"[-1.0, 1.0]","[""DONE"", ""DONE""]","[""intruder""]"
839,with_mine,train,20261455,mine best intruder 1200,"[-1.0, -1.0, 1.0, -1.0]","[""DONE"", ""DONE"", ""DONE"", ""DONE""]","[""intruder""]"
838,with_mine,train,20261454,mine best intruder smith,"[-1.0, -1.0, 1.0, -1.0]","[""DONE"", ""DONE"", ""DONE"", ""DONE""]","[""intruder""]"
841,with_mine,train,20261457,mine best,"[-1.0, 1.0]","[""DONE"", ""DONE""]","[""best""]"
840,with_mine,train,20261456,mine best intruder 1039,"[-1.0, -1.0, 1.0, -1.0]","[""DONE"", ""DONE"", ""DONE"", ""DONE""]","[""intruder""]"
842,with_mine,train,20261458,mine intruder,"[-1.0, 1.0]","[""DONE"", ""DONE""]","[""intruder""]"
845,with_mine,train,20261461,mine best intruder 1039,"[-1.0, -1.0, 1.0, -1.0]","[""DONE"", ""DONE"", ""DONE"", ""DONE""]","[""intruder""]"
843,with_mine,train,20261459,mine best intruder smith,"[-1.0, -1.0, -1.0, 1.0]","[""DONE"", ""DONE"", ""DONE"", ""DONE""]","[""smith""]"
844,with_mine,train,20261460,mine best intruder 1200,"[-1.0, 1.0, -1.0, -1.0]","[""DONE"", ""DONE"", ""DONE"", ""DONE""]","[""best""]"
846,with_mine,train,20261462,mine best,"[-1.0, 1.0]","[""DONE"", ""DONE""]","[""best""]"
850,with_mine,train,20261466,mine best intruder 1039,"[-1.0, 1.0, -1.0, -1.0]","[""DONE"", ""DONE"", ""DONE"", ""DONE""]","[""best""]"
848,with_mine,train,20261464,mine best intruder smith,"[-1.0, 1.0, -1.0, -1.0]","[""DONE"", ""DONE"", ""DONE"", ""DONE""]","[""best""]"
849,with_mine,train,20261465,mine best intruder 1200,"[-1.0, -1.0, 1.0, -1.0]","[""DONE"", ""DONE"", ""DONE"", ""DONE""]","[""intruder""]"
847,with_mine,train,20261463,mine intruder,"[-1.0, 1.0]","[""DONE"", ""DONE""]","[""intruder""]"
852,with_mine,train,20261468,mine intruder,"[-1.0, 1.0]","[""DONE"", ""DONE""]","[""intruder""]"
854,with_mine,train,20261470,mine best intruder 1200,"[-1.0, -1.0, 1.0, -1.0]","[""DONE"", ""DONE"", ""DONE"", ""DONE""]","[""intruder""]"
851,with_mine,train,20261467,mine best,"[-1.0, 1.0]","[""DONE"", ""DONE""]","[""best""]"
853,with_mine,train,20261469,mine best intruder smith,"[-1.0, 1.0, -1.0, -1.0]","[""DONE"", ""DONE"", ""DONE"", ""DONE""]","[""best""]"
856,with_mine,train,20261472,mine best,"[-1.0, 1.0]","[""DONE"", ""DONE""]","[""best""]"
855,with_mine,train,20261471,mine best intruder 1039,"[-1.0, -1.0, 1.0, -1.0]","[""DONE"", ""DONE"", ""DONE"", ""DONE""]","[""intruder""]"
857,with_mine,train,20261473,mine intruder,"[-1.0, 1.0]","[""DONE"", ""DONE""]","[""intruder""]"
860,with_mine,train,20261476,mine best intruder 1039,"[-1.0, -1.0, 1.0, -1.0]","[""DONE"", ""DONE"", ""DONE"", ""DONE""]","[""intruder""]"
859,with_mine,train,20261475,mine best intruder 1200,"[-1.0, -1.0, 1.0, -1.0]","[""DONE"", ""DONE"", ""DONE"", ""DONE""]","[""intruder""]"
858,with_mine,train,20261474,mine best intruder smith,"[-1.0, -1.0, 1.0, -1.0]","[""DONE"", ""DONE"", ""DONE"", ""DONE""]","[""intruder""]"
861,with_mine,train,20261477,mine best,"[-1.0, 1.0]","[""DONE"", ""DONE""]","[""best""]"
864,with_mine,train,20261480,mine best intruder 1200,"[-1.0, -1.0, 1.0, -1.0]","[""DONE"", ""DONE"", ""DONE"", ""DONE""]","[""intruder""]"
862,with_mine,train,20261478,mine intruder,"[-1.0, 1.0]","[""DONE"", ""DONE""]","[""intruder""]"
863,with_mine,train,20261479,mine best intruder smith,"[-1.0, -1.0, 1.0, -1.0]","[""DONE"", ""DONE"", ""DONE"", ""DONE""]","[""intruder""]"
866,with_mine,train,20261482,mine best,"[-1.0, 1.0]","[""DONE"", ""DONE""]","[""best""]"
867,with_mine,train,20261483,mine intruder,"[-1.0, 1.0]","[""DONE"", ""DONE""]","[""intruder""]"
868,with_mine,train,20261484,mine best intruder smith,"[-1.0, -1.0, 1.0, -1.0]","[""DONE"", ""DONE"", ""DONE"", ""DONE""]","[""intruder""]"
865,with_mine,train,20261481,mine best intruder 1039,"[-1.0, -1.0, -1.0, 1.0]","[""DONE"", ""DONE"", ""DONE"", ""DONE""]","[""1039""]"
869,with_mine,train,20261485,mine best intruder 1200,"[-1.0, 1.0, -1.0, -1.0]","[""DONE"", ""DONE"", ""DONE"", ""DONE""]","[""best""]"
871,with_mine,train,20261487,mine best,"[-1.0, 1.0]","[""DONE"", ""DONE""]","[""best""]"
872,with_mine,train,20261488,mine intruder,"[-1.0, 1.0]","[""DONE"", ""DONE""]","[""intruder""]"
873,with_mine,train,20261489,mine best intruder smith,"[-1.0, -1.0, 1.0, -1.0]","[""DONE"", ""DONE"", ""DONE"", ""DONE""]","[""intruder""]"
874,with_mine,train,20261490,mine best intruder 1200,"[-1.0, -1.0, 1.0, -1.0]","[""DONE"", ""DONE"", ""DONE"", ""DONE""]","[""intruder""]"
875,with_mine,train,20261491,mine best intruder 1039,"[-1.0, 1.0, -1.0, -1.0]","[""DONE"", ""DONE"", ""DONE"", ""DONE""]","[""best""]"
877,with_mine,train,20261493,mine intruder,"[-1.0, 1.0]","[""DONE"", ""DONE""]","[""intruder""]"
876,with_mine,train,20261492,mine best,"[-1.0, 1.0]","[""DONE"", ""DONE""]","[""best""]"
878,with_mine,train,20261494,mine best intruder smith,"[-1.0, -1.0, 1.0, -1.0]","[""DONE"", ""DONE"", ""DONE"", ""DONE""]","[""intruder""]"
870,with_mine,train,20261486,mine best intruder 1039,"[-1.0, -1.0, 1.0, -1.0]","[""DONE"", ""DONE"", ""DONE"", ""DONE""]","[""intruder""]"
879,with_mine,train,20261495,mine best intruder 1200,"[-1.0, -1.0, 1.0, -1.0]","[""DONE"", ""DONE"", ""DONE"", ""DONE""]","[""intruder""]"
883,with_mine,train,20261499,mine best intruder smith,"[-1.0, -1.0, 1.0, -1.0]","[""DONE"", ""DONE"", ""DONE"", ""DONE""]","[""intruder""]"
880,with_mine,train,20261496,mine best intruder 1039,"[-1.0, -1.0, 1.0, -1.0]","[""DONE"", ""DONE"", ""DONE"", ""DONE""]","[""intruder""]"
881,with_mine,train,20261497,mine best,"[-1.0, 1.0]","[""DONE"", ""DONE""]","[""best""]"
882,with_mine,train,20261498,mine intruder,"[-1.0, 1.0]","[""DONE"", ""DONE""]","[""intruder""]"
885,with_mine,train,20261501,mine best intruder 1039,"[-1.0, -1.0, 1.0, -1.0]","[""DONE"", ""DONE"", ""DONE"", ""DONE""]","[""intruder""]"
886,with_mine,train,20261502,mine best,"[-1.0, 1.0]","[""DONE"", ""DONE""]","[""best""]"
884,with_mine,train,20261500,mine best intruder 1200,"[-1.0, -1.0, 1.0, -1.0]","[""DONE"", ""DONE"", ""DONE"", ""DONE""]","[""intruder""]"
889,with_mine,train,20261505,mine best intruder 1200,"[-1.0, 1.0, -1.0, -1.0]","[""DONE"", ""DONE"", ""DONE"", ""DONE""]","[""best""]"
888,with_mine,train,20261504,mine best intruder smith,"[-1.0, 1.0, -1.0, -1.0]","[""DONE"", ""DONE"", ""DONE"", ""DONE""]","[""best""]"
891,with_mine,train,20261507,mine best,"[-1.0, 1.0]","[""DONE"", ""DONE""]","[""best""]"
890,with_mine,train,20261506,mine best intruder 1039,"[-1.0, 1.0, -1.0, -1.0]","[""DONE"", ""DONE"", ""DONE"", ""DONE""]","[""best""]"
892,with_mine,train,20261508,mine intruder,"[-1.0, 1.0]","[""DONE"", ""DONE""]","[""intruder""]"
894,with_mine,train,20261510,mine best intruder 1200,"[-1.0, 1.0, -1.0, -1.0]","[""DONE"", ""DONE"", ""DONE"", ""DONE""]","[""best""]"
893,with_mine,train,20261509,mine best intruder smith,"[-1.0, -1.0, 1.0, -1.0]","[""DONE"", ""DONE"", ""DONE"", ""DONE""]","[""intruder""]"
895,with_mine,train,20261511,mine best intruder 1039,"[-1.0, 1.0, -1.0, -1.0]","[""DONE"", ""DONE"", ""DONE"", ""DONE""]","[""best""]"
887,with_mine,train,20261503,mine intruder,"[1.0, -1.0]","[""DONE"", ""DONE""]","[""mine""]"
896,with_mine,train,20261512,mine best,"[-1.0, 1.0]","[""DONE"", ""DONE""]","[""best""]"
897,with_mine,train,20261513,mine intruder,"[-1.0, 1.0]","[""DONE"", ""DONE""]","[""intruder""]"
898,with_mine,train,20261514,mine best intruder smith,"[-1.0, 1.0, -1.0, -1.0]","[""DONE"", ""DONE"", ""DONE"", ""DONE""]","[""best""]"
899,with_mine,train,20261515,mine best intruder 1200,"[-1.0, -1.0, 1.0, -1.0]","[""DONE"", ""DONE"", ""DONE"", ""DONE""]","[""intruder""]"
901,with_mine,test,20261517,mine best,"[-1.0, 1.0]","[""DONE"", ""DONE""]","[""best""]"
903,with_mine,test,20261519,mine best intruder smith,"[-1.0, -1.0, 1.0, -1.0]","[""DONE"", ""DONE"", ""DONE"", ""DONE""]","[""intruder""]"
900,with_mine,train,20261516,mine best intruder 1039,"[-1.0, -1.0, 1.0, -1.0]","[""DONE"", ""DONE"", ""DONE"", ""DONE""]","[""intruder""]"
904,with_mine,test,20261520,mine best intruder 1200,"[-1.0, -1.0, 1.0, -1.0]","[""DONE"", ""DONE"", ""DONE"", ""DONE""]","[""intruder""]"
906,with_mine,test,20261522,mine best,"[-1.0, 1.0]","[""DONE"", ""DONE""]","[""best""]"
902,with_mine,test,20261518,mine intruder,"[-1.0, 1.0]","[""DONE"", ""DONE""]","[""intruder""]"
907,with_mine,test,20261523,mine intruder,"[-1.0, 1.0]","[""DONE"", ""DONE""]","[""intruder""]"
908,with_mine,test,20261524,mine best intruder smith,"[-1.0, -1.0, 1.0, -1.0]","[""DONE"", ""DONE"", ""DONE"", ""DONE""]","[""intruder""]"
909,with_mine,test,20261525,mine best intruder 1200,"[-1.0, 1.0, -1.0, -1.0]","[""DONE"", ""DONE"", ""DONE"", ""DONE""]","[""best""]"
905,with_mine,test,20261521,mine best intruder 1039,"[-1.0, 1.0, -1.0, -1.0]","[""DONE"", ""DONE"", ""DONE"", ""DONE""]","[""best""]"
910,with_mine,test,20261526,mine best intruder 1039,"[-1.0, -1.0, 1.0, -1.0]","[""DONE"", ""DONE"", ""DONE"", ""DONE""]","[""intruder""]"
913,with_mine,test,20261529,mine best intruder smith,"[-1.0, 1.0, -1.0, -1.0]","[""DONE"", ""DONE"", ""DONE"", ""DONE""]","[""best""]"
912,with_mine,test,20261528,mine intruder,"[-1.0, 1.0]","[""DONE"", ""DONE""]","[""intruder""]"
911,with_mine,test,20261527,mine best,"[-1.0, 1.0]","[""DONE"", ""DONE""]","[""best""]"
915,with_mine,test,20261531,mine best intruder 1039,"[-1.0, -1.0, 1.0, -1.0]","[""DONE"", ""DONE"", ""DONE"", ""DONE""]","[""intruder""]"
914,with_mine,test,20261530,mine best intruder 1200,"[-1.0, -1.0, 1.0, -1.0]","[""DONE"", ""DONE"", ""DONE"", ""DONE""]","[""intruder""]"
917,with_mine,test,20261533,mine intruder,"[-1.0, 1.0]","[""DONE"", ""DONE""]","[""intruder""]"
916,with_mine,test,20261532,mine best,"[-1.0, 1.0]","[""DONE"", ""DONE""]","[""best""]"
918,with_mine,test,20261534,mine best intruder smith,"[-1.0, -1.0, 1.0, -1.0]","[""DONE"", ""DONE"", ""DONE"", ""DONE""]","[""intruder""]"
919,with_mine,test,20261535,mine best intruder 1200,"[-1.0, -1.0, 1.0, -1.0]","[""DONE"", ""DONE"", ""DONE"", ""DONE""]","[""intruder""]"
920,with_mine,test,20261536,mine best intruder 1039,"[-1.0, -1.0, 1.0, -1.0]","[""DONE"", ""DONE"", ""DONE"", ""DONE""]","[""intruder""]"
922,with_mine,test,20261538,mine intruder,"[-1.0, 1.0]","[""DONE"", ""DONE""]","[""intruder""]"
921,with_mine,test,20261537,mine best,"[-1.0, 1.0]","[""DONE"", ""DONE""]","[""best""]"
923,with_mine,test,20261539,mine best intruder smith,"[-1.0, 1.0, -1.0, -1.0]","[""DONE"", ""DONE"", ""DONE"", ""DONE""]","[""best""]"
926,with_mine,test,20261542,mine best,"[-1.0, 1.0]","[""DONE"", ""DONE""]","[""best""]"
925,with_mine,test,20261541,mine best intruder 1039,"[-1.0, 1.0, -1.0, -1.0]","[""DONE"", ""DONE"", ""DONE"", ""DONE""]","[""best""]"
924,with_mine,test,20261540,mine best intruder 1200,"[-1.0, -1.0, 1.0, -1.0]","[""DONE"", ""DONE"", ""DONE"", ""DONE""]","[""intruder""]"
927,with_mine,test,20261543,mine intruder,"[-1.0, 1.0]","[""DONE"", ""DONE""]","[""intruder""]"
929,with_mine,test,20261545,mine best intruder 1200,"[-1.0, 1.0, -1.0, -1.0]","[""DONE"", ""DONE"", ""DONE"", ""DONE""]","[""best""]"
930,with_mine,test,20261546,mine best intruder 1039,"[-1.0, 1.0, -1.0, -1.0]","[""DONE"", ""DONE"", ""DONE"", ""DONE""]","[""best""]"
931,with_mine,test,20261547,mine best,"[-1.0, 1.0]","[""DONE"", ""DONE""]","[""best""]"
932,with_mine,test,20261548,mine intruder,"[-1.0, 1.0]","[""DONE"", ""DONE""]","[""intruder""]"
928,with_mine,test,20261544,mine best intruder smith,"[-1.0, -1.0, 1.0, -1.0]","[""DONE"", ""DONE"", ""DONE"", ""DONE""]","[""intruder""]"
934,with_mine,test,20261550,mine best intruder 1200,"[-1.0, -1.0, 1.0, -1.0]","[""DONE"", ""DONE"", ""DONE"", ""DONE""]","[""intruder""]"
933,with_mine,test,20261549,mine best intruder smith,"[1.0, -1.0, -1.0, -1.0]","[""DONE"", ""DONE"", ""DONE"", ""DONE""]","[""mine""]"
936,with_mine,test,20261552,mine best,"[-1.0, 1.0]","[""DONE"", ""DONE""]","[""best""]"
935,with_mine,test,20261551,mine best intruder 1039,"[-1.0, -1.0, 1.0, -1.0]","[""DONE"", ""DONE"", ""DONE"", ""DONE""]","[""intruder""]"
937,with_mine,test,20261553,mine intruder,"[-1.0, 1.0]","[""DONE"", ""DONE""]","[""intruder""]"
938,with_mine,test,20261554,mine best intruder smith,"[-1.0, 1.0, -1.0, -1.0]","[""DONE"", ""DONE"", ""DONE"", ""DONE""]","[""best""]"
940,with_mine,test,20261556,mine best intruder 1039,"[1.0, -1.0, -1.0, -1.0]","[""DONE"", ""DONE"", ""DONE"", ""DONE""]","[""mine""]"
939,with_mine,test,20261555,mine best intruder 1200,"[-1.0, -1.0, 1.0, -1.0]","[""DONE"", ""DONE"", ""DONE"", ""DONE""]","[""intruder""]"
942,with_mine,test,20261558,mine intruder,"[-1.0, 1.0]","[""DONE"", ""DONE""]","[""intruder""]"
943,with_mine,test,20261559,mine best intruder smith,"[-1.0, -1.0, 1.0, -1.0]","[""DONE"", ""DONE"", ""DONE"", ""DONE""]","[""intruder""]"
941,with_mine,test,20261557,mine best,"[-1.0, 1.0]","[""DONE"", ""DONE""]","[""best""]"
944,with_mine,test,20261560,mine best intruder 1200,"[-1.0, -1.0, 1.0, -1.0]","[""DONE"", ""DONE"", ""DONE"", ""DONE""]","[""intruder""]"
946,with_mine,test,20261562,mine best,"[-1.0, 1.0]","[""DONE"", ""DONE""]","[""best""]"
947,with_mine,test,20261563,mine intruder,"[-1.0, 1.0]","[""DONE"", ""DONE""]","[""intruder""]"
948,with_mine,test,20261564,mine best intruder smith,"[-1.0, -1.0, 1.0, -1.0]","[""DONE"", ""DONE"", ""DONE"", ""DONE""]","[""intruder""]"
945,with_mine,test,20261561,mine best intruder 1039,"[1.0, -1.0, -1.0, -1.0]","[""DONE"", ""DONE"", ""DONE"", ""DONE""]","[""mine""]"
950,with_mine,test,20261566,mine best intruder 1039,"[-1.0, -1.0, 1.0, -1.0]","[""DONE"", ""DONE"", ""DONE"", ""DONE""]","[""intruder""]"
951,with_mine,test,20261567,mine best,"[-1.0, 1.0]","[""DONE"", ""DONE""]","[""best""]"
949,with_mine,test,20261565,mine best intruder 1200,"[-1.0, -1.0, 1.0, -1.0]","[""DONE"", ""DONE"", ""DONE"", ""DONE""]","[""intruder""]"
952,with_mine,test,20261568,mine intruder,"[-1.0, 1.0]","[""DONE"", ""DONE""]","[""intruder""]"
954,with_mine,test,20261570,mine best intruder 1200,"[-1.0, -1.0, 1.0, -1.0]","[""DONE"", ""DONE"", ""DONE"", ""DONE""]","[""intruder""]"
953,with_mine,test,20261569,mine best intruder smith,"[-1.0, 1.0, -1.0, -1.0]","[""DONE"", ""DONE"", ""DONE"", ""DONE""]","[""best""]"
955,with_mine,test,20261571,mine best intruder 1039,"[-1.0, -1.0, 1.0, -1.0]","[""DONE"", ""DONE"", ""DONE"", ""DONE""]","[""intruder""]"
957,with_mine,test,20261573,mine intruder,"[-1.0, 1.0]","[""DONE"", ""DONE""]","[""intruder""]"
958,with_mine,test,20261574,mine best intruder smith,"[-1.0, 1.0, -1.0, -1.0]","[""DONE"", ""DONE"", ""DONE"", ""DONE""]","[""best""]"
959,with_mine,test,20261575,mine best intruder 1200,"[-1.0, -1.0, 1.0, -1.0]","[""DONE"", ""DONE"", ""DONE"", ""DONE""]","[""intruder""]"
960,with_mine,test,20261576,mine best intruder 1039,"[-1.0, -1.0, 1.0, -1.0]","[""DONE"", ""DONE"", ""DONE"", ""DONE""]","[""intruder""]"
963,with_mine,test,20261579,mine best intruder smith,"[-1.0, 1.0, -1.0, -1.0]","[""DONE"", ""DONE"", ""DONE"", ""DONE""]","[""best""]"
961,with_mine,test,20261577,mine best,"[-1.0, 1.0]","[""DONE"", ""DONE""]","[""best""]"
962,with_mine,test,20261578,mine intruder,"[-1.0, 1.0]","[""DONE"", ""DONE""]","[""intruder""]"
965,with_mine,test,20261581,mine best intruder 1039,"[-1.0, 1.0, -1.0, -1.0]","[""DONE"", ""DONE"", ""DONE"", ""DONE""]","[""best""]"
966,with_mine,test,20261582,mine best,"[-1.0, 1.0]","[""DONE"", ""DONE""]","[""best""]"
956,with_mine,test,20261572,mine best,"[-1.0, 1.0]","[""DONE"", ""DONE""]","[""best""]"
964,with_mine,test,20261580,mine best intruder 1200,"[-1.0, 1.0, -1.0, -1.0]","[""DONE"", ""DONE"", ""DONE"", ""DONE""]","[""best""]"
967,with_mine,test,20261583,mine intruder,"[-1.0, 1.0]","[""DONE"", ""DONE""]","[""intruder""]"
969,with_mine,test,20261585,mine best intruder 1200,"[-1.0, 1.0, -1.0, -1.0]","[""DONE"", ""DONE"", ""DONE"", ""DONE""]","[""best""]"
968,with_mine,test,20261584,mine best intruder smith,"[-1.0, -1.0, -1.0, 1.0]","[""DONE"", ""DONE"", ""DONE"", ""DONE""]","[""smith""]"
971,with_mine,test,20261587,mine best,"[-1.0, 1.0]","[""DONE"", ""DONE""]","[""best""]"
973,with_mine,test,20261589,mine best intruder smith,"[-1.0, 1.0, -1.0, -1.0]","[""DONE"", ""DONE"", ""DONE"", ""DONE""]","[""best""]"
970,with_mine,test,20261586,mine best intruder 1039,"[-1.0, 1.0, -1.0, -1.0]","[""DONE"", ""DONE"", ""DONE"", ""DONE""]","[""best""]"
972,with_mine,test,20261588,mine intruder,"[-1.0, 1.0]","[""DONE"", ""DONE""]","[""intruder""]"
975,with_mine,test,20261591,mine best intruder 1039,"[-1.0, -1.0, 1.0, -1.0]","[""DONE"", ""DONE"", ""DONE"", ""DONE""]","[""intruder""]"
974,with_mine,test,20261590,mine best intruder 1200,"[-1.0, 1.0, -1.0, -1.0]","[""DONE"", ""DONE"", ""DONE"", ""DONE""]","[""best""]"
976,with_mine,test,20261592,mine best,"[-1.0, 1.0]","[""DONE"", ""DONE""]","[""best""]"
977,with_mine,test,20261593,mine intruder,"[-1.0, 1.0]","[""DONE"", ""DONE""]","[""intruder""]"
979,with_mine,test,20261595,mine best intruder 1200,"[-1.0, -1.0, 1.0, -1.0]","[""DONE"", ""DONE"", ""DONE"", ""DONE""]","[""intruder""]"
980,with_mine,test,20261596,mine best intruder 1039,"[-1.0, 1.0, -1.0, -1.0]","[""DONE"", ""DONE"", ""DONE"", ""DONE""]","[""best""]"
978,with_mine,test,20261594,mine best intruder smith,"[-1.0, -1.0, 1.0, -1.0]","[""DONE"", ""DONE"", ""DONE"", ""DONE""]","[""intruder""]"
982,with_mine,test,20261598,mine intruder,"[-1.0, 1.0]","[""DONE"", ""DONE""]","[""intruder""]"
981,with_mine,test,20261597,mine best,"[-1.0, 1.0]","[""DONE"", ""DONE""]","[""best""]"
985,with_mine,test,20261601,mine best intruder 1039,"[-1.0, -1.0, 1.0, -1.0]","[""DONE"", ""DONE"", ""DONE"", ""DONE""]","[""intruder""]"
986,with_mine,test,20261602,mine best,"[-1.0, 1.0]","[""DONE"", ""DONE""]","[""best""]"
983,with_mine,test,20261599,mine best intruder smith,"[-1.0, -1.0, 1.0, -1.0]","[""DONE"", ""DONE"", ""DONE"", ""DONE""]","[""intruder""]"
987,with_mine,test,20261603,mine intruder,"[-1.0, 1.0]","[""DONE"", ""DONE""]","[""intruder""]"
984,with_mine,test,20261600,mine best intruder 1200,"[-1.0, -1.0, 1.0, -1.0]","[""DONE"", ""DONE"", ""DONE"", ""DONE""]","[""intruder""]"
989,with_mine,test,20261605,mine best intruder 1200,"[-1.0, 1.0, -1.0, -1.0]","[""DONE"", ""DONE"", ""DONE"", ""DONE""]","[""best""]"
991,with_mine,test,20261607,mine best,"[-1.0, 1.0]","[""DONE"", ""DONE""]","[""best""]"
990,with_mine,test,20261606,mine best intruder 1039,"[-1.0, -1.0, 1.0, -1.0]","[""DONE"", ""DONE"", ""DONE"", ""DONE""]","[""intruder""]"
988,with_mine,test,20261604,mine best intruder smith,"[-1.0, 1.0, -1.0, -1.0]","[""DONE"", ""DONE"", ""DONE"", ""DONE""]","[""best""]"
992,with_mine,test,20261608,mine intruder,"[-1.0, 1.0]","[""DONE"", ""DONE""]","[""intruder""]"
995,with_mine,test,20261611,mine best intruder 1039,"[-1.0, -1.0, 1.0, -1.0]","[""DONE"", ""DONE"", ""DONE"", ""DONE""]","[""intruder""]"
994,with_mine,test,20261610,mine best intruder 1200,"[-1.0, -1.0, 1.0, -1.0]","[""DONE"", ""DONE"", ""DONE"", ""DONE""]","[""intruder""]"
993,with_mine,test,20261609,mine best intruder smith,"[-1.0, -1.0, -1.0, 1.0]","[""DONE"", ""DONE"", ""DONE"", ""DONE""]","[""smith""]"
997,with_mine,test,20261613,mine intruder,"[-1.0, 1.0]","[""DONE"", ""DONE""]","[""intruder""]"
996,with_mine,test,20261612,mine best,"[-1.0, 1.0]","[""DONE"", ""DONE""]","[""best""]"
998,with_mine,test,20261614,mine best intruder smith,"[-1.0, -1.0, 1.0, -1.0]","[""DONE"", ""DONE"", ""DONE"", ""DONE""]","[""intruder""]"
1000,with_mine,test,20261616,mine best intruder 1039,"[-1.0, -1.0, 1.0, -1.0]","[""DONE"", ""DONE"", ""DONE"", ""DONE""]","[""intruder""]"
999,with_mine,test,20261615,mine best intruder 1200,"[-1.0, -1.0, 1.0, -1.0]","[""DONE"", ""DONE"", ""DONE"", ""DONE""]","[""intruder""]"
